ISO-10303-21;
HEADER;
FILE_DESCRIPTION (( 'STEP AP214' ),
    '1' );
FILE_NAME ('SS19.STEP',
    '2025-06-13T08:59:51',
    ( '' ),
    ( '' ),
    'SwSTEP 2.0',
    'SolidWorks 2023',
    '' );
FILE_SCHEMA (( 'AUTOMOTIVE_DESIGN' ));
ENDSEC;

DATA;
#1 = SURFACE_STYLE_USAGE ( .BOTH. , #230 ) ;
#2 =( GEOMETRIC_REPRESENTATION_CONTEXT ( 3 ) GLOBAL_UNCERTAINTY_ASSIGNED_CONTEXT ( ( #4050 ) ) GLOBAL_UNIT_ASSIGNED_CONTEXT ( ( #4406, #3254, #4364 ) ) REPRESENTATION_CONTEXT ( 'NONE', 'WORKASPACE' ) );
#3 = PRESENTATION_STYLE_ASSIGNMENT (( #1411 ) ) ;
#4 = UNCERTAINTY_MEASURE_WITH_UNIT (LENGTH_MEASURE( 1.000000000000000082E-05 ), #214, 'distance_accuracy_value', 'NONE');
#5 = VECTOR ( 'NONE', #1012, 1000.000000000000000 ) ;
#6 = PRESENTATION_STYLE_ASSIGNMENT (( #1385 ) ) ;
#7 = ORIENTED_EDGE ( 'NONE', *, *, #2131, .T. ) ;
#8 = PRESENTATION_LAYER_ASSIGNMENT (  '', '', ( #1457 ) ) ;
#9 = SURFACE_STYLE_FILL_AREA ( #3914 ) ;
#10 =( NAMED_UNIT ( * ) SI_UNIT ( $, .STERADIAN. ) SOLID_ANGLE_UNIT ( ) );
#11 = ADVANCED_FACE ( 'NONE', ( #2691 ), #1676, .F. ) ;
#12 = CARTESIAN_POINT ( 'NONE',  ( 1.446675119002776233, -1.252061721435838493, -1.138250031956307140 ) ) ;
#13 = ORIENTED_EDGE ( 'NONE', *, *, #396, .T. ) ;
#14 = LINE ( 'NONE', #1682, #1941 ) ;
#15 = DIRECTION ( 'NONE',  ( 0.000000000000000000, -0.9945218953682735119, -0.1045284632676525272 ) ) ;
#16 = CARTESIAN_POINT ( 'NONE',  ( 1.434999999999999609, 1.182602593280119185, -1.512106324897293019 ) ) ;
#17 = FILL_AREA_STYLE ('',( #3198 ) ) ;
#18 = EDGE_CURVE ( 'NONE', #4415, #4512, #4487, .T. ) ;
#19 = ORIENTED_EDGE ( 'NONE', *, *, #515, .F. ) ;
#20 = PRESENTATION_STYLE_ASSIGNMENT (( #2070 ) ) ;
#21 = CARTESIAN_POINT ( 'NONE',  ( 1.434999999999999609, -1.252061724794589770, -1.168250000000000011 ) ) ;
#22 =( LENGTH_UNIT ( ) NAMED_UNIT ( * ) SI_UNIT ( .MILLI., .METRE. ) );
#23 = DIRECTION ( 'NONE',  ( -0.1039620511844960293, -0.1039620511844967787, -0.9891328443778542034 ) ) ;
#24 = AXIS2_PLACEMENT_3D ( 'NONE', #2049, #2419, #3836 ) ;
#25 = EDGE_CURVE ( 'NONE', #873, #4452, #1983, .T. ) ;
#26 = STYLED_ITEM ( 'NONE', ( #597 ), #3358 ) ;
#27 = CARTESIAN_POINT ( 'NONE',  ( -2.349999999999999645, 1.000000000000000000, -1.313249999999999584 ) ) ;
#28 =( GEOMETRIC_REPRESENTATION_CONTEXT ( 3 ) GLOBAL_UNCERTAINTY_ASSIGNED_CONTEXT ( ( #593 ) ) GLOBAL_UNIT_ASSIGNED_CONTEXT ( ( #3160, #4236, #498 ) ) REPRESENTATION_CONTEXT ( 'NONE', 'WORKASPACE' ) );
#29 = DIRECTION ( 'NONE',  ( 0.000000000000000000, 1.000000000000000000, 0.000000000000000000 ) ) ;
#30 = SURFACE_STYLE_FILL_AREA ( #3930 ) ;
#31 = STYLED_ITEM ( 'NONE', ( #4590 ), #1195 ) ;
#32 = VECTOR ( 'NONE', #2199, 1000.000000000000000 ) ;
#33 = MECHANICAL_DESIGN_GEOMETRIC_PRESENTATION_REPRESENTATION (  '', ( #3660 ), #2486 ) ;
#34 = MECHANICAL_DESIGN_GEOMETRIC_PRESENTATION_REPRESENTATION (  '', ( #4499 ), #4412 ) ;
#35 = FILL_AREA_STYLE ('',( #4331 ) ) ;
#36 = DIRECTION ( 'NONE',  ( 0.000000000000000000, -0.9945218953682735119, 0.1045284632676525272 ) ) ;
#37 = ORIENTED_EDGE ( 'NONE', *, *, #2933, .T. ) ;
#38 = ORIENTED_EDGE ( 'NONE', *, *, #3870, .T. ) ;
#39 = PRESENTATION_STYLE_ASSIGNMENT (( #3221 ) ) ;
#40 =( NAMED_UNIT ( * ) PLANE_ANGLE_UNIT ( ) SI_UNIT ( $, .RADIAN. ) );
#41 = ADVANCED_FACE ( 'NONE', ( #1441 ), #378, .F. ) ;
#42 = SURFACE_STYLE_FILL_AREA ( #3936 ) ;
#43 = MECHANICAL_DESIGN_GEOMETRIC_PRESENTATION_REPRESENTATION (  '', ( #2329 ), #3738 ) ;
#44 = DIRECTION ( 'NONE',  ( -0.000000000000000000, -1.000000000000000000, -0.000000000000000000 ) ) ;
#45 = AXIS2_PLACEMENT_3D ( 'NONE', #123, #1204, #1819 ) ;
#46 = COLOUR_RGB ( '',0.2862745098039215508, 0.2862745098039215508, 0.2862745098039215508 ) ;
#47 = ORIENTED_EDGE ( 'NONE', *, *, #1774, .F. ) ;
#48 = ADVANCED_FACE ( 'NONE', ( #2802 ), #1326, .T. ) ;
#49 = PRESENTATION_STYLE_ASSIGNMENT (( #366 ) ) ;
#50 = LINE ( 'NONE', #435, #1007 ) ;
#51 = LINE ( 'NONE', #1433, #3885 ) ;
#52 = AXIS2_PLACEMENT_3D ( 'NONE', #282, #3795, #192 ) ;
#53 = SURFACE_SIDE_STYLE ('',( #1817 ) ) ;
#54 = CARTESIAN_POINT ( 'NONE',  ( -1.607452048055268090, -1.219952048055269245, 1.176749999999999741 ) ) ;
#55 = PRESENTATION_LAYER_ASSIGNMENT (  '', '', ( #3017 ) ) ;
#56 = CARTESIAN_POINT ( 'NONE',  ( -1.464999999999999636, -1.252061724794589770, -1.138249999999999984 ) ) ;
#57 = UNCERTAINTY_MEASURE_WITH_UNIT (LENGTH_MEASURE( 1.000000000000000082E-05 ), #2688, 'distance_accuracy_value', 'NONE');
#58 =( NAMED_UNIT ( * ) SI_UNIT ( $, .STERADIAN. ) SOLID_ANGLE_UNIT ( ) );
#59 = FILL_AREA_STYLE_COLOUR ( '', #46 ) ;
#60 = SURFACE_STYLE_USAGE ( .BOTH. , #2082 ) ;
#61 = ORIENTED_EDGE ( 'NONE', *, *, #2427, .F. ) ;
#62 = ORIENTED_EDGE ( 'NONE', *, *, #4202, .F. ) ;
#63 = FILL_AREA_STYLE_COLOUR ( '', #1272 ) ;
#64 = SURFACE_SIDE_STYLE ('',( #128 ) ) ;
#65 = SURFACE_STYLE_USAGE ( .BOTH. , #723 ) ;
#66 = CARTESIAN_POINT ( 'NONE',  ( 2.600000000000000089, -1.000000000000000000, -0.1624999999999998113 ) ) ;
#67 = EDGE_CURVE ( 'NONE', #1027, #3035, #4372, .T. ) ;
#68 = COLOUR_RGB ( '',0.2862745098039215508, 0.2862745098039215508, 0.2862745098039215508 ) ;
#69 = DIRECTION ( 'NONE',  ( 4.956352788505164254E-16, 1.000000000000000000, -0.000000000000000000 ) ) ;
#70 = ORIENTED_EDGE ( 'NONE', *, *, #565, .F. ) ;
#71 = CARTESIAN_POINT ( 'NONE',  ( 2.157664343138952834, -1.362499999999999600, 0.08749999999999999445 ) ) ;
#72 = CARTESIAN_POINT ( 'NONE',  ( -1.607452048055268090, -1.219952048055269245, 1.186749999999999972 ) ) ;
#73 = FILL_AREA_STYLE_COLOUR ( '', #1591 ) ;
#74 = EDGE_CURVE ( 'NONE', #2650, #3636, #1372, .T. ) ;
#75 = EDGE_CURVE ( 'NONE', #301, #4197, #490, .T. ) ;
#76 = CARTESIAN_POINT ( 'NONE',  ( -2.187404244550521515, 1.350085373081353568, -0.08840981203789709253 ) ) ;
#77 =( GEOMETRIC_REPRESENTATION_CONTEXT ( 3 ) GLOBAL_UNCERTAINTY_ASSIGNED_CONTEXT ( ( #3347 ) ) GLOBAL_UNIT_ASSIGNED_CONTEXT ( ( #878, #3339, #4110 ) ) REPRESENTATION_CONTEXT ( 'NONE', 'WORKASPACE' ) );
#78 = ORIENTED_EDGE ( 'NONE', *, *, #1033, .F. ) ;
#79 = VERTEX_POINT ( 'NONE', #803 ) ;
#80 = FILL_AREA_STYLE_COLOUR ( '', #3770 ) ;
#81 = AXIS2_PLACEMENT_3D ( 'NONE', #3455, #1534, #2990 ) ;
#82 =( BOUNDED_CURVE ( )  B_SPLINE_CURVE ( 3, ( #730, #2148, #1436, #2884 ),
 .UNSPECIFIED., .F., .F. ) 
 B_SPLINE_CURVE_WITH_KNOTS ( ( 4, 4 ),
 ( 4.712388980384689674, 6.283185307179586232 ),
 .UNSPECIFIED. ) 
 CURVE ( )  GEOMETRIC_REPRESENTATION_ITEM ( )  RATIONAL_B_SPLINE_CURVE ( ( 1.000000000000000000, 0.8047378541243649375, 0.8047378541243649375, 1.000000000000000000 ) ) 
 REPRESENTATION_ITEM ( '' )  );
#83 = ORIENTED_EDGE ( 'NONE', *, *, #1435, .T. ) ;
#84 = CARTESIAN_POINT ( 'NONE',  ( 2.050049603465656123, -1.225049603465654613, -1.108249999999999957 ) ) ;
#85 =( NAMED_UNIT ( * ) SI_UNIT ( $, .STERADIAN. ) SOLID_ANGLE_UNIT ( ) );
#86 = ORIENTED_EDGE ( 'NONE', *, *, #2152, .T. ) ;
#87 =( LENGTH_UNIT ( ) NAMED_UNIT ( * ) SI_UNIT ( .MILLI., .METRE. ) );
#88 = DIRECTION ( 'NONE',  ( 0.000000000000000000, 1.000000000000000000, 0.000000000000000000 ) ) ;
#89 = FACE_OUTER_BOUND ( 'NONE', #1777, .T. ) ;
#90 = SURFACE_STYLE_USAGE ( .BOTH. , #3273 ) ;
#91 = EDGE_CURVE ( 'NONE', #424, #3758, #3613, .T. ) ;
#92 = SURFACE_SIDE_STYLE ('',( #3973 ) ) ;
#93 = UNCERTAINTY_MEASURE_WITH_UNIT (LENGTH_MEASURE( 1.000000000000000082E-05 ), #22, 'distance_accuracy_value', 'NONE');
#94 = PRESENTATION_LAYER_ASSIGNMENT (  '', '', ( #4555 ) ) ;
#95 = STYLED_ITEM ( 'NONE', ( #739 ), #3507 ) ;
#96 = ADVANCED_FACE ( 'NONE', ( #3978 ), #3955, .F. ) ;
#97 = SURFACE_STYLE_FILL_AREA ( #1903 ) ;
#98 = VECTOR ( 'NONE', #2484, 1000.000000000000000 ) ;
#99 = CARTESIAN_POINT ( 'NONE',  ( -1.479999999999999982, -1.000000000000000000, -1.138249999999999540 ) ) ;
#100 = ORIENTED_EDGE ( 'NONE', *, *, #130, .T. ) ;
#101 = PRESENTATION_LAYER_ASSIGNMENT (  '', '', ( #2318 ) ) ;
#102 = PRESENTATION_LAYER_ASSIGNMENT (  '', '', ( #2559 ) ) ;
#103 = VERTEX_POINT ( 'NONE', #1525 ) ;
#104 = CARTESIAN_POINT ( 'NONE',  ( -2.300000000000000711, 1.000000000000000000, -0.2124999999999986899 ) ) ;
#105 =( GEOMETRIC_REPRESENTATION_CONTEXT ( 3 ) GLOBAL_UNCERTAINTY_ASSIGNED_CONTEXT ( ( #3908 ) ) GLOBAL_UNIT_ASSIGNED_CONTEXT ( ( #1270, #2025, #2724 ) ) REPRESENTATION_CONTEXT ( 'NONE', 'WORKASPACE' ) );
#106 = SURFACE_SIDE_STYLE ('',( #3313 ) ) ;
#107 = VECTOR ( 'NONE', #308, 1000.000000000000000 ) ;
#108 = ORIENTED_EDGE ( 'NONE', *, *, #4289, .F. ) ;
#109 = ORIENTED_EDGE ( 'NONE', *, *, #1606, .T. ) ;
#110 = CARTESIAN_POINT ( 'NONE',  ( -1.434999999999999609, -1.213871214864964410, -1.214605263157894743 ) ) ;
#111 = CYLINDRICAL_SURFACE ( 'NONE', #2730, 0.02999999999999996766 ) ;
#112 = LINE ( 'NONE', #3684, #2638 ) ;
#113 =( BOUNDED_CURVE ( )  B_SPLINE_CURVE ( 3, ( #2048, #1788, #4604, #337 ),
 .UNSPECIFIED., .F., .T. ) 
 B_SPLINE_CURVE_WITH_KNOTS ( ( 4, 4 ),
 ( 5.503257793452744906, 7.063112820906406242 ),
 .UNSPECIFIED. ) 
 CURVE ( )  GEOMETRIC_REPRESENTATION_ITEM ( )  RATIONAL_B_SPLINE_CURVE ( ( 1.000000000000000000, 0.8073096761657767573, 0.8073096761657767573, 1.000000000000000000 ) ) 
 REPRESENTATION_ITEM ( '' )  );
#114 = CIRCLE ( 'NONE', #3527, 0.02999999999999996073 ) ;
#115 = SURFACE_STYLE_USAGE ( .BOTH. , #3994 ) ;
#116 = EDGE_LOOP ( 'NONE', ( #4126, #1514, #2428, #3805 ) ) ;
#117 = SURFACE_SIDE_STYLE ('',( #3298 ) ) ;
#118 = STYLED_ITEM ( 'NONE', ( #4272 ), #3715 ) ;
#119 = DIRECTION ( 'NONE',  ( -0.000000000000000000, -1.000000000000000000, -0.000000000000000000 ) ) ;
#120 = AXIS2_PLACEMENT_3D ( 'NONE', #697, #2210, #805 ) ;
#121 = PRESENTATION_LAYER_ASSIGNMENT (  '', '', ( #2109 ) ) ;
#122 = EDGE_CURVE ( 'NONE', #600, #449, #1821, .T. ) ;
#123 = CARTESIAN_POINT ( 'NONE',  ( 2.600000000000000089, 1.000000000000000000, -0.1624999999999998113 ) ) ;
#124 = EDGE_CURVE ( 'NONE', #873, #194, #2790, .T. ) ;
#125 = FACE_OUTER_BOUND ( 'NONE', #1640, .T. ) ;
#126 = ORIENTED_EDGE ( 'NONE', *, *, #3748, .F. ) ;
#127 = EDGE_LOOP ( 'NONE', ( #1751, #2352, #61, #3152 ) ) ;
#128 = SURFACE_STYLE_FILL_AREA ( #806 ) ;
#129 = PRESENTATION_STYLE_ASSIGNMENT (( #1122 ) ) ;
#130 = EDGE_CURVE ( 'NONE', #4225, #424, #1038, .T. ) ;
#131 = VERTEX_POINT ( 'NONE', #4054 ) ;
#132 = FILL_AREA_STYLE ('',( #2991 ) ) ;
#133 = VERTEX_POINT ( 'NONE', #3696 ) ;
#134 = LINE ( 'NONE', #4037, #489 ) ;
#135 = VECTOR ( 'NONE', #2311, 1000.000000000000000 ) ;
#136 = FILL_AREA_STYLE_COLOUR ( '', #965 ) ;
#137 = DIRECTION ( 'NONE',  ( 0.000000000000000000, -0.1045284632676537068, -0.9945218953682734009 ) ) ;
#138 = PRESENTATION_STYLE_ASSIGNMENT (( #90 ) ) ;
#139 = DIRECTION ( 'NONE',  ( -1.000000000000000000, 0.000000000000000000, -0.000000000000000000 ) ) ;
#140 = FILL_AREA_STYLE_COLOUR ( '', #4060 ) ;
#141 = CARTESIAN_POINT ( 'NONE',  ( -1.607452048055268090, 1.219952048055269911, 1.186749999999999972 ) ) ;
#142 = DIRECTION ( 'NONE',  ( 0.000000000000000000, 0.000000000000000000, -1.000000000000000000 ) ) ;
#143 = UNCERTAINTY_MEASURE_WITH_UNIT (LENGTH_MEASURE( 1.000000000000000082E-05 ), #1650, 'distance_accuracy_value', 'NONE');
#144 = DIRECTION ( 'NONE',  ( -0.000000000000000000, -1.000000000000000000, -0.000000000000000000 ) ) ;
#145 = ORIENTED_EDGE ( 'NONE', *, *, #4157, .T. ) ;
#146 = FACE_OUTER_BOUND ( 'NONE', #2920, .T. ) ;
#147 = FILL_AREA_STYLE ('',( #3331 ) ) ;
#148 = EDGE_CURVE ( 'NONE', #3699, #1147, #3280, .T. ) ;
#149 = ORIENTED_EDGE ( 'NONE', *, *, #18, .T. ) ;
#150 = CARTESIAN_POINT ( 'NONE',  ( 1.434999999999999831, 1.222178446823691145, -1.151908615348427034 ) ) ;
#151 = VERTEX_POINT ( 'NONE', #510 ) ;
#152 = PRESENTATION_STYLE_ASSIGNMENT (( #4016 ) ) ;
#153 = VECTOR ( 'NONE', #1596, 999.9999999999998863 ) ;
#154 = DIRECTION ( 'NONE',  ( 0.000000000000000000, 1.000000000000000000, 0.000000000000000000 ) ) ;
#155 = CARTESIAN_POINT ( 'NONE',  ( 2.299999999999999822, 1.000000000000000000, -1.138249999999999984 ) ) ;
#156 = CYLINDRICAL_SURFACE ( 'NONE', #2641, 0.02999999999999996766 ) ;
#157 = ORIENTED_EDGE ( 'NONE', *, *, #2630, .T. ) ;
#158 =( NAMED_UNIT ( * ) PLANE_ANGLE_UNIT ( ) SI_UNIT ( $, .RADIAN. ) );
#159 = SURFACE_SIDE_STYLE ('',( #505 ) ) ;
#160 = CARTESIAN_POINT ( 'NONE',  ( 1.434999999999999609, -1.362499999999999600, -1.244605263157895436 ) ) ;
#161 = AXIS2_PLACEMENT_3D ( 'NONE', #708, #23, #2121 ) ;
#162 =( GEOMETRIC_REPRESENTATION_CONTEXT ( 3 ) GLOBAL_UNCERTAINTY_ASSIGNED_CONTEXT ( ( #1096 ) ) GLOBAL_UNIT_ASSIGNED_CONTEXT ( ( #3713, #4399, #2645 ) ) REPRESENTATION_CONTEXT ( 'NONE', 'WORKASPACE' ) );
#163 = ORIENTED_EDGE ( 'NONE', *, *, #1396, .F. ) ;
#164 = FILL_AREA_STYLE ('',( #2963 ) ) ;
#165 = SURFACE_SIDE_STYLE ('',( #514 ) ) ;
#166 = STYLED_ITEM ( 'NONE', ( #2695 ), #978 ) ;
#167 = MECHANICAL_DESIGN_GEOMETRIC_PRESENTATION_REPRESENTATION (  '', ( #4418 ), #4565 ) ;
#168 = AXIS2_PLACEMENT_3D ( 'NONE', #1674, #2350, #4545 ) ;
#169 = ORIENTED_EDGE ( 'NONE', *, *, #1155, .T. ) ;
#170 = EDGE_CURVE ( 'NONE', #349, #603, #3308, .T. ) ;
#171 = DIRECTION ( 'NONE',  ( 1.000000000000000000, 0.000000000000000000, -0.000000000000000000 ) ) ;
#172 = EDGE_LOOP ( 'NONE', ( #3406, #2209, #1305, #3727 ) ) ;
#173 = LINE ( 'NONE', #3752, #1180 ) ;
#174 = PRESENTATION_LAYER_ASSIGNMENT (  '', '', ( #2170 ) ) ;
#175 = CARTESIAN_POINT ( 'NONE',  ( -2.187404244550521959, -1.350085373081352680, 0.08840981203789732845 ) ) ;
#176 = PRESENTATION_LAYER_ASSIGNMENT (  '', '', ( #4042 ) ) ;
#177 = ADVANCED_FACE ( 'NONE', ( #125 ), #2938, .F. ) ;
#178 = PRESENTATION_STYLE_ASSIGNMENT (( #2313 ) ) ;
#179 = ORIENTED_EDGE ( 'NONE', *, *, #3075, .F. ) ;
#180 = SURFACE_STYLE_FILL_AREA ( #1920 ) ;
#181 = FILL_AREA_STYLE ('',( #3368 ) ) ;
#182 = SPHERICAL_SURFACE ( 'NONE', #4075, 0.02999999999999999889 ) ;
#183 = LINE ( 'NONE', #3442, #757 ) ;
#184 = AXIS2_PLACEMENT_3D ( 'NONE', #1581, #560, #2382 ) ;
#185 = AXIS2_PLACEMENT_3D ( 'NONE', #2745, #1949, #1971 ) ;
#186 = PLANE ( 'NONE',  #1873 ) ;
#187 = VECTOR ( 'NONE', #913, 1000.000000000000000 ) ;
#188 = AXIS2_PLACEMENT_3D ( 'NONE', #3174, #1804, #1706 ) ;
#189 = LINE ( 'NONE', #2666, #1578 ) ;
#190 = VERTEX_POINT ( 'NONE', #2073 ) ;
#191 = VECTOR ( 'NONE', #647, 1000.000000000000000 ) ;
#192 = DIRECTION ( 'NONE',  ( 0.000000000000000000, -0.9945218953682735119, -0.1045284632676525272 ) ) ;
#193 = AXIS2_PLACEMENT_3D ( 'NONE', #3778, #3431, #1258 ) ;
#194 = VERTEX_POINT ( 'NONE', #866 ) ;
#195 = VERTEX_POINT ( 'NONE', #3374 ) ;
#196 = CARTESIAN_POINT ( 'NONE',  ( 2.157500000000001084, -1.362499999999999600, -0.08749999999999999445 ) ) ;
#197 = CARTESIAN_POINT ( 'NONE',  ( -1.464999999999999636, 1.254885260326703555, -1.111385853898029685 ) ) ;
#198 = ORIENTED_EDGE ( 'NONE', *, *, #3648, .F. ) ;
#199 = CARTESIAN_POINT ( 'NONE',  ( -2.044952048055268090, 1.219952048055270133, 1.156749999999999723 ) ) ;
#200 = COLOUR_RGB ( '',0.2862745098039215508, 0.2862745098039215508, 0.2862745098039215508 ) ;
#201 = CARTESIAN_POINT ( 'NONE',  ( -2.050049603465653902, -1.254885260326702667, -1.111385853898029463 ) ) ;
#202 = CARTESIAN_POINT ( 'NONE',  ( 1.404999999999999583, 1.332664343138952212, -0.08436414610197039143 ) ) ;
#203 = FILL_AREA_STYLE_COLOUR ( '', #200 ) ;
#204 = FILL_AREA_STYLE_COLOUR ( '', #1922 ) ;
#205 = LINE ( 'NONE', #3416, #1526 ) ;
#206 = DIRECTION ( 'NONE',  ( 0.000000000000000000, 0.1045284632676537068, -0.9945218953682734009 ) ) ;
#207 = EDGE_CURVE ( 'NONE', #1300, #281, #1694, .T. ) ;
#208 = AXIS2_PLACEMENT_3D ( 'NONE', #2696, #1237, #899 ) ;
#209 =( GEOMETRIC_REPRESENTATION_CONTEXT ( 3 ) GLOBAL_UNCERTAINTY_ASSIGNED_CONTEXT ( ( #1136 ) ) GLOBAL_UNIT_ASSIGNED_CONTEXT ( ( #1947, #2698, #2345 ) ) REPRESENTATION_CONTEXT ( 'NONE', 'WORKASPACE' ) );
#210 = SURFACE_STYLE_USAGE ( .BOTH. , #3444 ) ;
#211 = CARTESIAN_POINT ( 'NONE',  ( 1.479999999999999538, 1.000000000000000000, -1.138249999999999984 ) ) ;
#212 = EDGE_CURVE ( 'NONE', #428, #4134, #189, .T. ) ;
#213 = ORIENTED_EDGE ( 'NONE', *, *, #4379, .F. ) ;
#214 =( LENGTH_UNIT ( ) NAMED_UNIT ( * ) SI_UNIT ( .MILLI., .METRE. ) );
#215 = DIRECTION ( 'NONE',  ( 1.000000000000000000, 0.000000000000000000, 0.000000000000000000 ) ) ;
#216 = COLOUR_RGB ( '',0.8039215686274510109, 0.8039215686274510109, 0.8039215686274510109 ) ;
#217 = EDGE_LOOP ( 'NONE', ( #4353, #4006, #3077, #384, #1688, #4548, #3041, #1334, #1912, #655, #601, #568 ) ) ;
#218 = ORIENTED_EDGE ( 'NONE', *, *, #509, .F. ) ;
#219 = CARTESIAN_POINT ( 'NONE',  ( -2.044952048055268090, -1.249787704916317299, 1.159885853898029451 ) ) ;
#220 = DIRECTION ( 'NONE',  ( -0.000000000000000000, -0.000000000000000000, -1.000000000000000000 ) ) ;
#221 =( GEOMETRIC_REPRESENTATION_CONTEXT ( 3 ) GLOBAL_UNCERTAINTY_ASSIGNED_CONTEXT ( ( #3301 ) ) GLOBAL_UNIT_ASSIGNED_CONTEXT ( ( #448, #1848, #3289 ) ) REPRESENTATION_CONTEXT ( 'NONE', 'WORKASPACE' ) );
#222 = PLANE ( 'NONE',  #442 ) ;
#223 = CARTESIAN_POINT ( 'NONE',  ( -2.187499999999999112, -1.332664343138951324, -0.08749999999999999445 ) ) ;
#224 = EDGE_LOOP ( 'NONE', ( #4011, #1986, #4166, #1189 ) ) ;
#225 = PLANE ( 'NONE',  #1245 ) ;
#226 = SURFACE_STYLE_FILL_AREA ( #4477 ) ;
#227 = ADVANCED_FACE ( 'NONE', ( #1644 ), #638, .T. ) ;
#228 = DIRECTION ( 'NONE',  ( 0.000000000000000000, 0.000000000000000000, 1.000000000000000000 ) ) ;
#229 = SURFACE_STYLE_USAGE ( .BOTH. , #1997 ) ;
#230 = SURFACE_SIDE_STYLE ('',( #1405 ) ) ;
#231 = EDGE_CURVE ( 'NONE', #2546, #4603, #779, .T. ) ;
#232 = ORIENTED_EDGE ( 'NONE', *, *, #1625, .F. ) ;
#233 = CARTESIAN_POINT ( 'NONE',  ( 2.187500000000001332, -1.254885260326702667, -1.111385853898029463 ) ) ;
#234 = DIRECTION ( 'NONE',  ( 1.000000000000000000, 0.000000000000000000, 0.000000000000000000 ) ) ;
#235 = DIRECTION ( 'NONE',  ( -0.000000000000000000, -1.000000000000000000, -0.000000000000000000 ) ) ;
#236 = UNCERTAINTY_MEASURE_WITH_UNIT (LENGTH_MEASURE( 1.000000000000000082E-05 ), #4136, 'distance_accuracy_value', 'NONE');
#237 = ORIENTED_EDGE ( 'NONE', *, *, #2732, .T. ) ;
#238 = ORIENTED_EDGE ( 'NONE', *, *, #1455, .T. ) ;
#239 =( GEOMETRIC_REPRESENTATION_CONTEXT ( 3 ) GLOBAL_UNCERTAINTY_ASSIGNED_CONTEXT ( ( #4526 ) ) GLOBAL_UNIT_ASSIGNED_CONTEXT ( ( #528, #4089, #2719 ) ) REPRESENTATION_CONTEXT ( 'NONE', 'WORKASPACE' ) );
#240 = ORIENTED_EDGE ( 'NONE', *, *, #573, .T. ) ;
#241 =( NAMED_UNIT ( * ) PLANE_ANGLE_UNIT ( ) SI_UNIT ( $, .RADIAN. ) );
#242 = VECTOR ( 'NONE', #2461, 1000.000000000000000 ) ;
#243 = PRESENTATION_LAYER_ASSIGNMENT (  '', '', ( #3150 ) ) ;
#244 = DIRECTION ( 'NONE',  ( 0.000000000000000000, 0.1045284632676537068, 0.9945218953682734009 ) ) ;
#245 = EDGE_LOOP ( 'NONE', ( #3700, #959, #3261, #1651 ) ) ;
#246 = VECTOR ( 'NONE', #1862, 1000.000000000000000 ) ;
#247 = FILL_AREA_STYLE_COLOUR ( '', #602 ) ;
#248 = DIRECTION ( 'NONE',  ( -0.1045284632676537068, 0.000000000000000000, -0.9945218953682734009 ) ) ;
#249 = MECHANICAL_DESIGN_GEOMETRIC_PRESENTATION_REPRESENTATION (  '', ( #3230 ), #830 ) ;
#250 = DIRECTION ( 'NONE',  ( 1.000000000000000000, 0.000000000000000000, 0.000000000000000000 ) ) ;
#251 = CIRCLE ( 'NONE', #2014, 0.03000000000000007869 ) ;
#252 = ADVANCED_FACE ( 'NONE', ( #4566 ), #4521, .F. ) ;
#254 =( GEOMETRIC_REPRESENTATION_CONTEXT ( 3 ) GLOBAL_UNCERTAINTY_ASSIGNED_CONTEXT ( ( #1315 ) ) GLOBAL_UNIT_ASSIGNED_CONTEXT ( ( #3839, #2815, #4542 ) ) REPRESENTATION_CONTEXT ( 'NONE', 'WORKASPACE' ) );
#253 = PRESENTATION_STYLE_ASSIGNMENT (( #621 ) ) ;
#255 = ORIENTED_EDGE ( 'NONE', *, *, #2684, .T. ) ;
#256 = CARTESIAN_POINT ( 'NONE',  ( -1.464999999999999636, 1.254885260326703555, -1.111385853898029463 ) ) ;
#257 =( GEOMETRIC_REPRESENTATION_CONTEXT ( 3 ) GLOBAL_UNCERTAINTY_ASSIGNED_CONTEXT ( ( #1794 ) ) GLOBAL_UNIT_ASSIGNED_CONTEXT ( ( #3166, #1052, #4244 ) ) REPRESENTATION_CONTEXT ( 'NONE', 'WORKASPACE' ) );
#258 = FILL_AREA_STYLE_COLOUR ( '', #599 ) ;
#259 = CIRCLE ( 'NONE', #416, 0.1249999999999992645 ) ;
#260 = ORIENTED_EDGE ( 'NONE', *, *, #672, .F. ) ;
#261 = ORIENTED_EDGE ( 'NONE', *, *, #1839, .T. ) ;
#262 = COLOUR_RGB ( '',0.2862745098039215508, 0.2862745098039215508, 0.2862745098039215508 ) ;
#263 = FACE_OUTER_BOUND ( 'NONE', #2157, .T. ) ;
#264 = ORIENTED_EDGE ( 'NONE', *, *, #4464, .F. ) ;
#265 = SURFACE_SIDE_STYLE ('',( #3154 ) ) ;
#266 = DIRECTION ( 'NONE',  ( 0.000000000000000000, 0.9945218953682732899, -0.1045284632676538594 ) ) ;
#267 = COLOUR_RGB ( '',0.8039215686274510109, 0.8039215686274510109, 0.8039215686274510109 ) ;
#268 = PRESENTATION_LAYER_ASSIGNMENT (  '', '', ( #2271 ) ) ;
#269 = CYLINDRICAL_SURFACE ( 'NONE', #1795, 0.03000000000000018277 ) ;
#270 = EDGE_LOOP ( 'NONE', ( #4254, #108, #3697, #3793 ) ) ;
#271 = AXIS2_PLACEMENT_3D ( 'NONE', #2555, #3940, #746 ) ;
#272 = FILL_AREA_STYLE_COLOUR ( '', #2522 ) ;
#273 = AXIS2_PLACEMENT_3D ( 'NONE', #2138, #380, #2114 ) ;
#274 = SURFACE_SIDE_STYLE ('',( #2451 ) ) ;
#275 = SURFACE_SIDE_STYLE ('',( #317 ) ) ;
#276 = FILL_AREA_STYLE_COLOUR ( '', #3744 ) ;
#277 = PRESENTATION_LAYER_ASSIGNMENT (  '', '', ( #1504 ) ) ;
#278 = DIRECTION ( 'NONE',  ( 1.000000000000000000, 0.000000000000000000, 0.000000000000000000 ) ) ;
#279 = UNCERTAINTY_MEASURE_WITH_UNIT (LENGTH_MEASURE( 1.000000000000000082E-05 ), #4243, 'distance_accuracy_value', 'NONE');
#280 = COLOUR_RGB ( '',0.2862745098039215508, 0.2862745098039215508, 0.2862745098039215508 ) ;
#281 = VERTEX_POINT ( 'NONE', #54 ) ;
#282 = CARTESIAN_POINT ( 'NONE',  ( -1.404999999999999583, -1.218743349349714178, -1.168250000000000011 ) ) ;
#283 = CARTESIAN_POINT ( 'NONE',  ( -2.157499999999998863, -1.362499999999999600, -0.08749999999999999445 ) ) ;
#284 = ORIENTED_EDGE ( 'NONE', *, *, #2090, .T. ) ;
#285 = EDGE_LOOP ( 'NONE', ( #4028, #3453, #309, #3498 ) ) ;
#286 = EDGE_LOOP ( 'NONE', ( #70, #3260, #628 ) ) ;
#287 = EDGE_CURVE ( 'NONE', #2534, #449, #3235, .T. ) ;
#288 =( NAMED_UNIT ( * ) SI_UNIT ( $, .STERADIAN. ) SOLID_ANGLE_UNIT ( ) );
#289 = SURFACE_SIDE_STYLE ('',( #3830 ) ) ;
#290 = FILL_AREA_STYLE_COLOUR ( '', #4430 ) ;
#291 = ORIENTED_EDGE ( 'NONE', *, *, #1389, .F. ) ;
#292 = EDGE_CURVE ( 'NONE', #3553, #904, #1658, .T. ) ;
#293 = LINE ( 'NONE', #21, #3285 ) ;
#294 = CARTESIAN_POINT ( 'NONE',  ( 1.404999999999999583, -1.213871214864964188, -1.214605263157894743 ) ) ;
#295 = AXIS2_PLACEMENT_3D ( 'NONE', #1286, #1897, #1539 ) ;
#296 = DIRECTION ( 'NONE',  ( 1.000000000000000000, 0.000000000000000000, 0.000000000000000000 ) ) ;
#297 = DIRECTION ( 'NONE',  ( -0.000000000000000000, -1.000000000000000000, -0.000000000000000000 ) ) ;
#298 = MECHANICAL_DESIGN_GEOMETRIC_PRESENTATION_REPRESENTATION (  '', ( #877 ), #1982 ) ;
#299 = EDGE_LOOP ( 'NONE', ( #1935, #1163, #3063, #3638 ) ) ;
#300 = PRESENTATION_STYLE_ASSIGNMENT (( #4124 ) ) ;
#301 = VERTEX_POINT ( 'NONE', #415 ) ;
#302 = LINE ( 'NONE', #1657, #1302 ) ;
#303 = EDGE_LOOP ( 'NONE', ( #962, #3979, #912, #3196 ) ) ;
#304 = CARTESIAN_POINT ( 'NONE',  ( 2.425000000000000266, 1.000000000000000000, -1.013250000000000206 ) ) ;
#305 = DIRECTION ( 'NONE',  ( -0.1039620511844979306, 0.1039620511844979306, 0.9891328443778538704 ) ) ;
#306 = COLOUR_RGB ( '',0.2862745098039215508, 0.2862745098039215508, 0.2862745098039215508 ) ;
#307 = ADVANCED_FACE ( 'NONE', ( #390 ), #1078, .T. ) ;
#308 = DIRECTION ( 'NONE',  ( -0.000000000000000000, 1.000000000000000000, -0.000000000000000000 ) ) ;
#309 = ORIENTED_EDGE ( 'NONE', *, *, #1021, .F. ) ;
#310 = VECTOR ( 'NONE', #4592, 1000.000000000000114 ) ;
#311 = FILL_AREA_STYLE ('',( #3874 ) ) ;
#312 = DIRECTION ( 'NONE',  ( -1.000000000000000000, 0.000000000000000000, 4.939143230211658715E-15 ) ) ;
#313 =( LENGTH_UNIT ( ) NAMED_UNIT ( * ) SI_UNIT ( .MILLI., .METRE. ) );
#314 = STYLED_ITEM ( 'NONE', ( #2535 ), #975 ) ;
#315 = EDGE_CURVE ( 'NONE', #3364, #4225, #3184, .T. ) ;
#316 = PRESENTATION_STYLE_ASSIGNMENT (( #3508 ) ) ;
#317 = SURFACE_STYLE_FILL_AREA ( #1340 ) ;
#318 =( LENGTH_UNIT ( ) NAMED_UNIT ( * ) SI_UNIT ( .MILLI., .METRE. ) );
#319 = FILL_AREA_STYLE_COLOUR ( '', #1488 ) ;
#320 = UNCERTAINTY_MEASURE_WITH_UNIT (LENGTH_MEASURE( 1.000000000000000082E-05 ), #1620, 'distance_accuracy_value', 'NONE');
#321 = STYLED_ITEM ( 'NONE', ( #3719 ), #1597 ) ;
#322 = ORIENTED_EDGE ( 'NONE', *, *, #1099, .F. ) ;
#323 = CARTESIAN_POINT ( 'NONE',  ( -1.429852813742385376, 1.254885260326703333, -1.111385853898029685 ) ) ;
#324 =( NAMED_UNIT ( * ) PLANE_ANGLE_UNIT ( ) SI_UNIT ( $, .RADIAN. ) );
#325 = COLOUR_RGB ( '',0.2862745098039215508, 0.2862745098039215508, 0.2862745098039215508 ) ;
#326 = SURFACE_SIDE_STYLE ('',( #4253 ) ) ;
#327 = ORIENTED_EDGE ( 'NONE', *, *, #817, .T. ) ;
#328 = PRESENTATION_STYLE_ASSIGNMENT (( #1753 ) ) ;
#329 = VECTOR ( 'NONE', #3801, 1000.000000000000000 ) ;
#330 = AXIS2_PLACEMENT_3D ( 'NONE', #3982, #1824, #2596 ) ;
#331 = VECTOR ( 'NONE', #3156, 1000.000000000000000 ) ;
#332 =( NAMED_UNIT ( * ) PLANE_ANGLE_UNIT ( ) SI_UNIT ( $, .RADIAN. ) );
#333 = CARTESIAN_POINT ( 'NONE',  ( -2.187499999999999112, 1.362500000000000488, 0.08749999999999999445 ) ) ;
#334 = CARTESIAN_POINT ( 'NONE',  ( 1.464999999999999636, -1.225049603465654613, -1.108249999999999957 ) ) ;
#335 = ORIENTED_EDGE ( 'NONE', *, *, #4531, .F. ) ;
#336 = CARTESIAN_POINT ( 'NONE',  ( 2.157986810143138534, 1.332986810143137912, -0.08129607749968745245 ) ) ;
#337 = CARTESIAN_POINT ( 'NONE',  ( 2.187500000000001332, -1.332664343138951324, -0.08749999999999999445 ) ) ;
#338 = PRESENTATION_LAYER_ASSIGNMENT (  '', '', ( #2429 ) ) ;
#339 = CARTESIAN_POINT ( 'NONE',  ( -1.434999999999999831, -1.218743349349714178, -1.168250000000000011 ) ) ;
#340 = MECHANICAL_DESIGN_GEOMETRIC_PRESENTATION_REPRESENTATION (  '', ( #1425 ), #2426 ) ;
#341 = SURFACE_SIDE_STYLE ('',( #748 ) ) ;
#342 = COLOUR_RGB ( '',0.2862745098039215508, 0.2862745098039215508, 0.2862745098039215508 ) ;
#343 = DIRECTION ( 'NONE',  ( -0.000000000000000000, -1.000000000000000000, -0.000000000000000000 ) ) ;
#344 = PRESENTATION_STYLE_ASSIGNMENT (( #2396 ) ) ;
#345 = EDGE_CURVE ( 'NONE', #2507, #3430, #4494, .T. ) ;
#346 =( NAMED_UNIT ( * ) PLANE_ANGLE_UNIT ( ) SI_UNIT ( $, .RADIAN. ) );
#347 = PLANE ( 'NONE',  #1475 ) ;
#348 =( GEOMETRIC_REPRESENTATION_CONTEXT ( 3 ) GLOBAL_UNCERTAINTY_ASSIGNED_CONTEXT ( ( #2930 ) ) GLOBAL_UNIT_ASSIGNED_CONTEXT ( ( #4019, #2236, #288 ) ) REPRESENTATION_CONTEXT ( 'NONE', 'WORKASPACE' ) );
#349 = VERTEX_POINT ( 'NONE', #4378 ) ;
#350 = ADVANCED_FACE ( 'NONE', ( #1781 ), #2598, .T. ) ;
#351 = CARTESIAN_POINT ( 'NONE',  ( -1.404999999999999805, 1.252273124344110311, -1.136238667640415034 ) ) ;
#352 =( BOUNDED_CURVE ( )  B_SPLINE_CURVE ( 3, ( #1387, #1499, #692, #717 ),
 .UNSPECIFIED., .F., .T. ) 
 B_SPLINE_CURVE_WITH_KNOTS ( ( 4, 4 ),
 ( 1.570796326794896558, 3.141592653589793116 ),
 .UNSPECIFIED. ) 
 CURVE ( )  GEOMETRIC_REPRESENTATION_ITEM ( )  RATIONAL_B_SPLINE_CURVE ( ( 1.000000000000000000, 0.8047378541243649375, 0.8047378541243649375, 1.000000000000000000 ) ) 
 REPRESENTATION_ITEM ( '' )  );
#353 = DIRECTION ( 'NONE',  ( -0.000000000000000000, -1.000000000000000000, -0.000000000000000000 ) ) ;
#354 = CIRCLE ( 'NONE', #3476, 0.03000000000000007869 ) ;
#355 = DIRECTION ( 'NONE',  ( -1.000000000000000000, 0.000000000000000000, 0.000000000000000000 ) ) ;
#356 = ORIENTED_EDGE ( 'NONE', *, *, #1152, .T. ) ;
#357 = CARTESIAN_POINT ( 'NONE',  ( 2.175085373081353968, -1.362404244550522892, 0.08840981203789735621 ) ) ;
#358 = PRESENTATION_LAYER_ASSIGNMENT (  '', '', ( #2669 ) ) ;
#359 = ADVANCED_FACE ( 'NONE', ( #3861 ), #4271, .T. ) ;
#360 = DIRECTION ( 'NONE',  ( 0.000000000000000000, 0.000000000000000000, 1.000000000000000000 ) ) ;
#361 = COLOUR_RGB ( '',0.2862745098039215508, 0.2862745098039215508, 0.2862745098039215508 ) ;
#362 = SURFACE_STYLE_USAGE ( .BOTH. , #3896 ) ;
#363 =( NAMED_UNIT ( * ) PLANE_ANGLE_UNIT ( ) SI_UNIT ( $, .RADIAN. ) );
#364 = DIRECTION ( 'NONE',  ( -1.000000000000000000, 0.000000000000000000, 0.000000000000000000 ) ) ;
#365 = ORIENTED_EDGE ( 'NONE', *, *, #2494, .F. ) ;
#366 = SURFACE_STYLE_USAGE ( .BOTH. , #2492 ) ;
#367 = CARTESIAN_POINT ( 'NONE',  ( 1.434999999999999609, 1.218743349349714844, -1.168250000000000011 ) ) ;
#368 =( NAMED_UNIT ( * ) SI_UNIT ( $, .STERADIAN. ) SOLID_ANGLE_UNIT ( ) );
#369 = PLANE ( 'NONE',  #418 ) ;
#370 = UNCERTAINTY_MEASURE_WITH_UNIT (LENGTH_MEASURE( 1.000000000000000082E-05 ), #3581, 'distance_accuracy_value', 'NONE');
#371 = STYLED_ITEM ( 'NONE', ( #2215 ), #2604 ) ;
#372 = EDGE_CURVE ( 'NONE', #1462, #1616, #1474, .T. ) ;
#373 =( LENGTH_UNIT ( ) NAMED_UNIT ( * ) SI_UNIT ( .MILLI., .METRE. ) );
#374 = DIRECTION ( 'NONE',  ( 0.000000000000000000, 1.000000000000000000, 0.000000000000000000 ) ) ;
#375 = SURFACE_SIDE_STYLE ('',( #2133 ) ) ;
#376 = PRESENTATION_LAYER_ASSIGNMENT (  '', '', ( #1531 ) ) ;
#377 = ADVANCED_FACE ( 'NONE', ( #3667 ), #3999, .T. ) ;
#378 = PLANE ( 'NONE',  #3976 ) ;
#379 = DIRECTION ( 'NONE',  ( 0.000000000000000000, 1.000000000000000000, 0.000000000000000000 ) ) ;
#380 = DIRECTION ( 'NONE',  ( -7.267828407699359644E-15, 1.000000000000000000, 0.000000000000000000 ) ) ;
#381 =( NAMED_UNIT ( * ) PLANE_ANGLE_UNIT ( ) SI_UNIT ( $, .RADIAN. ) );
#382 = DIRECTION ( 'NONE',  ( 1.000000000000000000, 0.000000000000000000, 0.000000000000000000 ) ) ;
#383 = PRESENTATION_STYLE_ASSIGNMENT (( #3571 ) ) ;
#384 = ORIENTED_EDGE ( 'NONE', *, *, #812, .F. ) ;
#385 = SURFACE_STYLE_FILL_AREA ( #1760 ) ;
#386 = CARTESIAN_POINT ( 'NONE',  ( 2.425000000000000266, -1.000000000000000000, -1.013250000000000206 ) ) ;
#387 =( NAMED_UNIT ( * ) PLANE_ANGLE_UNIT ( ) SI_UNIT ( $, .RADIAN. ) );
#388 = CARTESIAN_POINT ( 'NONE',  ( 1.434999999999999609, -1.225049603465654613, -1.138249999999999984 ) ) ;
#389 = AXIS2_PLACEMENT_3D ( 'NONE', #1338, #4562, #1764 ) ;
#390 = FACE_OUTER_BOUND ( 'NONE', #2046, .T. ) ;
#391 = SURFACE_STYLE_USAGE ( .BOTH. , #1836 ) ;
#392 = DIRECTION ( 'NONE',  ( 0.000000000000000000, -0.000000000000000000, 1.000000000000000000 ) ) ;
#393 =( GEOMETRIC_REPRESENTATION_CONTEXT ( 3 ) GLOBAL_UNCERTAINTY_ASSIGNED_CONTEXT ( ( #3489 ) ) GLOBAL_UNIT_ASSIGNED_CONTEXT ( ( #3359, #1259, #1193 ) ) REPRESENTATION_CONTEXT ( 'NONE', 'WORKASPACE' ) );
#394 = CYLINDRICAL_SURFACE ( 'NONE', #4570, 0.03000000000000007869 ) ;
#395 = MECHANICAL_DESIGN_GEOMETRIC_PRESENTATION_REPRESENTATION (  '', ( #955 ), #4427 ) ;
#396 = EDGE_CURVE ( 'NONE', #2753, #1428, #1880, .T. ) ;
#397 =( NAMED_UNIT ( * ) PLANE_ANGLE_UNIT ( ) SI_UNIT ( $, .RADIAN. ) );
#398 = ORIENTED_EDGE ( 'NONE', *, *, #680, .F. ) ;
#399 = ORIENTED_EDGE ( 'NONE', *, *, #3112, .T. ) ;
#400 = CARTESIAN_POINT ( 'NONE',  ( -1.404999999999999583, -1.213871214864964188, -1.214605263157894743 ) ) ;
#401 = CARTESIAN_POINT ( 'NONE',  ( -2.050049603465653902, 1.225049603465655501, -1.138249999999999984 ) ) ;
#402 = DIRECTION ( 'NONE',  ( 1.000000000000000000, 0.000000000000000000, 0.000000000000000000 ) ) ;
#403 = AXIS2_PLACEMENT_3D ( 'NONE', #562, #853, #2258 ) ;
#404 = EDGE_CURVE ( 'NONE', #1635, #2546, #529, .T. ) ;
#405 = VECTOR ( 'NONE', #575, 1000.000000000000000 ) ;
#406 = SURFACE_STYLE_FILL_AREA ( #2918 ) ;
#407 = CARTESIAN_POINT ( 'NONE',  ( 2.600000000000000089, -1.000000000000000000, -0.1624999999999998113 ) ) ;
#408 = ORIENTED_EDGE ( 'NONE', *, *, #3496, .F. ) ;
#409 = DIRECTION ( 'NONE',  ( 1.000000000000000000, 0.000000000000000000, 0.000000000000000000 ) ) ;
#410 = DIRECTION ( 'NONE',  ( 1.000000000000000000, 0.000000000000000000, 0.000000000000000000 ) ) ;
#411 = SURFACE_STYLE_USAGE ( .BOTH. , #727 ) ;
#412 = ADVANCED_FACE ( 'NONE', ( #2637 ), #3688, .F. ) ;
#413 = VECTOR ( 'NONE', #3239, 1000.000000000000000 ) ;
#414 = CARTESIAN_POINT ( 'NONE',  ( 2.050049603465656123, -1.225049603465654613, -1.108249999999999957 ) ) ;
#415 = CARTESIAN_POINT ( 'NONE',  ( 2.074787704916319697, -1.219952048055269245, 1.159885853898029451 ) ) ;
#416 = AXIS2_PLACEMENT_3D ( 'NONE', #104, #3284, #2137 ) ;
#417 = UNCERTAINTY_MEASURE_WITH_UNIT (LENGTH_MEASURE( 1.000000000000000082E-05 ), #313, 'distance_accuracy_value', 'NONE');
#418 = AXIS2_PLACEMENT_3D ( 'NONE', #3879, #1768, #392 ) ;
#419 = VECTOR ( 'NONE', #296, 1000.000000000000000 ) ;
#420 =( NAMED_UNIT ( * ) PLANE_ANGLE_UNIT ( ) SI_UNIT ( $, .RADIAN. ) );
#421 = FACE_OUTER_BOUND ( 'NONE', #1070, .T. ) ;
#422 = PRESENTATION_LAYER_ASSIGNMENT (  '', '', ( #3543 ) ) ;
#423 =( LENGTH_UNIT ( ) NAMED_UNIT ( * ) SI_UNIT ( .MILLI., .METRE. ) );
#424 = VERTEX_POINT ( 'NONE', #1860 ) ;
#425 = ORIENTED_EDGE ( 'NONE', *, *, #2284, .T. ) ;
#426 = FILL_AREA_STYLE_COLOUR ( '', #3689 ) ;
#427 = COLOUR_RGB ( '',0.2862745098039215508, 0.2862745098039215508, 0.2862745098039215508 ) ;
#428 = VERTEX_POINT ( 'NONE', #3300 ) ;
#429 = EDGE_CURVE ( 'NONE', #3495, #979, #1500, .T. ) ;
#430 = VECTOR ( 'NONE', #3626, 1000.000000000000000 ) ;
#431 = DIRECTION ( 'NONE',  ( 0.000000000000000000, 0.1045284632676525410, 0.9945218953682736229 ) ) ;
#432 =( LENGTH_UNIT ( ) NAMED_UNIT ( * ) SI_UNIT ( .MILLI., .METRE. ) );
#433 = VERTEX_POINT ( 'NONE', #4539 ) ;
#434 = LINE ( 'NONE', #835, #4308 ) ;
#435 = CARTESIAN_POINT ( 'NONE',  ( -2.044952048055268090, -1.219952048055269245, 1.176749999999999741 ) ) ;
#436 =( GEOMETRIC_REPRESENTATION_CONTEXT ( 3 ) GLOBAL_UNCERTAINTY_ASSIGNED_CONTEXT ( ( #2886 ) ) GLOBAL_UNIT_ASSIGNED_CONTEXT ( ( #2145, #3252, #2557 ) ) REPRESENTATION_CONTEXT ( 'NONE', 'WORKASPACE' ) );
#437 = SURFACE_STYLE_FILL_AREA ( #1131 ) ;
#438 =( LENGTH_UNIT ( ) NAMED_UNIT ( * ) SI_UNIT ( .MILLI., .METRE. ) );
#439 =( NAMED_UNIT ( * ) SI_UNIT ( $, .STERADIAN. ) SOLID_ANGLE_UNIT ( ) );
#440 = COLOUR_RGB ( '',0.9607843137254902244, 0.9607843137254902244, 0.9607843137254902244 ) ;
#441 = CARTESIAN_POINT ( 'NONE',  ( -2.187499999999999112, -1.362499999999999600, -0.08749999999999999445 ) ) ;
#442 = AXIS2_PLACEMENT_3D ( 'NONE', #3066, #2364, #1592 ) ;
#443 = VERTEX_POINT ( 'NONE', #972 ) ;
#444 = ORIENTED_EDGE ( 'NONE', *, *, #1995, .F. ) ;
#445 = DIRECTION ( 'NONE',  ( 1.000000000000000000, 0.000000000000000000, 0.000000000000000000 ) ) ;
#446 = CARTESIAN_POINT ( 'NONE',  ( 2.187500000000001332, 1.332664343138952434, 0.08749999999999999445 ) ) ;
#447 = ORIENTED_EDGE ( 'NONE', *, *, #1679, .F. ) ;
#448 =( LENGTH_UNIT ( ) NAMED_UNIT ( * ) SI_UNIT ( .MILLI., .METRE. ) );
#449 = VERTEX_POINT ( 'NONE', #2021 ) ;
#450 = DIRECTION ( 'NONE',  ( 0.000000000000000000, -1.000000000000000000, 0.000000000000000000 ) ) ;
#451 = FILL_AREA_STYLE ('',( #1169 ) ) ;
#452 = SURFACE_STYLE_FILL_AREA ( #1940 ) ;
#453 = SURFACE_STYLE_FILL_AREA ( #2973 ) ;
#454 = ADVANCED_FACE ( 'NONE', ( #3097 ), #3763, .T. ) ;
#455 = DIRECTION ( 'NONE',  ( -1.486905836551544385E-14, 0.000000000000000000, 1.000000000000000000 ) ) ;
#456 = SURFACE_SIDE_STYLE ('',( #1726 ) ) ;
#457 = UNCERTAINTY_MEASURE_WITH_UNIT (LENGTH_MEASURE( 1.000000000000000082E-05 ), #3707, 'distance_accuracy_value', 'NONE');
#458 = EDGE_CURVE ( 'NONE', #4603, #979, #598, .T. ) ;
#459 = MECHANICAL_DESIGN_GEOMETRIC_PRESENTATION_REPRESENTATION (  '', ( #4489 ), #28 ) ;
#460 = DIRECTION ( 'NONE',  ( 0.000000000000000000, 1.000000000000000000, 0.000000000000000000 ) ) ;
#461 = CARTESIAN_POINT ( 'NONE',  ( 2.187500000000001332, 1.332500000000000462, 0.08749999999999999445 ) ) ;
#462 = MECHANICAL_DESIGN_GEOMETRIC_PRESENTATION_REPRESENTATION (  '', ( #4493 ), #2552 ) ;
#463 =( NAMED_UNIT ( * ) PLANE_ANGLE_UNIT ( ) SI_UNIT ( $, .RADIAN. ) );
#464 = ORIENTED_EDGE ( 'NONE', *, *, #3075, .T. ) ;
#465 = VECTOR ( 'NONE', #3788, 1000.000000000000000 ) ;
#466 = EDGE_LOOP ( 'NONE', ( #4575, #4517, #1655, #3105, #2366, #1257, #2600, #2760 ) ) ;
#467 = CARTESIAN_POINT ( 'NONE',  ( 2.157500000000001084, -1.362499999999999600, 0.08749999999999999445 ) ) ;
#468 = AXIS2_PLACEMENT_3D ( 'NONE', #555, #1226, #3472 ) ;
#469 = UNCERTAINTY_MEASURE_WITH_UNIT (LENGTH_MEASURE( 1.000000000000000082E-05 ), #1409, 'distance_accuracy_value', 'NONE');
#470 =( GEOMETRIC_REPRESENTATION_CONTEXT ( 3 ) GLOBAL_UNCERTAINTY_ASSIGNED_CONTEXT ( ( #3072 ) ) GLOBAL_UNIT_ASSIGNED_CONTEXT ( ( #3179, #1040, #3529 ) ) REPRESENTATION_CONTEXT ( 'NONE', 'WORKASPACE' ) );
#471 = EDGE_LOOP ( 'NONE', ( #3615, #1919, #163, #260 ) ) ;
#472 = FACE_OUTER_BOUND ( 'NONE', #952, .T. ) ;
#473 = PRESENTATION_STYLE_ASSIGNMENT (( #1166 ) ) ;
#474 = ORIENTED_EDGE ( 'NONE', *, *, #3232, .F. ) ;
#475 =( GEOMETRIC_REPRESENTATION_CONTEXT ( 3 ) GLOBAL_UNCERTAINTY_ASSIGNED_CONTEXT ( ( #1602 ) ) GLOBAL_UNIT_ASSIGNED_CONTEXT ( ( #859, #1239, #501 ) ) REPRESENTATION_CONTEXT ( 'NONE', 'WORKASPACE' ) );
#476 = FILL_AREA_STYLE_COLOUR ( '', #4067 ) ;
#477 = PLANE ( 'NONE',  #2168 ) ;
#478 = PRESENTATION_STYLE_ASSIGNMENT (( #1194 ) ) ;
#479 = COLOUR_RGB ( '',0.2862745098039215508, 0.2862745098039215508, 0.2862745098039215508 ) ;
#480 = FILL_AREA_STYLE_COLOUR ( '', #1835 ) ;
#481 = EDGE_LOOP ( 'NONE', ( #4511, #2325, #3568, #2501 ) ) ;
#482 = FILL_AREA_STYLE ('',( #4044 ) ) ;
#483 = FILL_AREA_STYLE_COLOUR ( '', #280 ) ;
#484 =( NAMED_UNIT ( * ) SI_UNIT ( $, .STERADIAN. ) SOLID_ANGLE_UNIT ( ) );
#485 = COLOUR_RGB ( '',0.8039215686274510109, 0.8039215686274510109, 0.8039215686274510109 ) ;
#486 = MECHANICAL_DESIGN_GEOMETRIC_PRESENTATION_REPRESENTATION (  '', ( #2109 ), #1354 ) ;
#487 = VECTOR ( 'NONE', #2834, 1000.000000000000114 ) ;
#488 = VECTOR ( 'NONE', #4350, 1000.000000000000000 ) ;
#489 = VECTOR ( 'NONE', #3682, 1000.000000000000000 ) ;
#490 = LINE ( 'NONE', #1159, #1275 ) ;
#491 = EDGE_CURVE ( 'NONE', #850, #2822, #637, .T. ) ;
#492 = ORIENTED_EDGE ( 'NONE', *, *, #736, .T. ) ;
#493 = ORIENTED_EDGE ( 'NONE', *, *, #1067, .T. ) ;
#494 = SURFACE_SIDE_STYLE ('',( #808 ) ) ;
#495 = CARTESIAN_POINT ( 'NONE',  ( -2.350000000000000533, -1.000000000000000000, 0.08750000000000057732 ) ) ;
#496 = EDGE_LOOP ( 'NONE', ( #867, #3912, #897, #3939, #1749, #1908, #100, #2705 ) ) ;
#497 = CARTESIAN_POINT ( 'NONE',  ( -2.187499999999999112, -1.362499999999999600, -0.08749999999999999445 ) ) ;
#498 =( NAMED_UNIT ( * ) SI_UNIT ( $, .STERADIAN. ) SOLID_ANGLE_UNIT ( ) );
#499 =( LENGTH_UNIT ( ) NAMED_UNIT ( * ) SI_UNIT ( .MILLI., .METRE. ) );
#500 = VECTOR ( 'NONE', #1242, 1000.000000000000114 ) ;
#501 =( NAMED_UNIT ( * ) SI_UNIT ( $, .STERADIAN. ) SOLID_ANGLE_UNIT ( ) );
#502 = ORIENTED_EDGE ( 'NONE', *, *, #3843, .F. ) ;
#503 = FACE_OUTER_BOUND ( 'NONE', #2948, .T. ) ;
#504 = SURFACE_STYLE_USAGE ( .BOTH. , #3369 ) ;
#505 = SURFACE_STYLE_FILL_AREA ( #2955 ) ;
#506 = SURFACE_STYLE_USAGE ( .BOTH. , #1293 ) ;
#507 = FILL_AREA_STYLE_COLOUR ( '', #1715 ) ;
#508 = UNCERTAINTY_MEASURE_WITH_UNIT (LENGTH_MEASURE( 1.000000000000000082E-05 ), #4434, 'distance_accuracy_value', 'NONE');
#509 = EDGE_CURVE ( 'NONE', #2473, #3383, #3119, .T. ) ;
#510 = CARTESIAN_POINT ( 'NONE',  ( 2.157500000000001084, 1.362500000000000488, 0.08749999999999999445 ) ) ;
#511 = ORIENTED_EDGE ( 'NONE', *, *, #3461, .T. ) ;
#512 = LINE ( 'NONE', #1906, #2344 ) ;
#513 = DIRECTION ( 'NONE',  ( -1.000000000000000000, 0.000000000000000000, 2.502005013428102857E-16 ) ) ;
#514 = SURFACE_STYLE_FILL_AREA ( #17 ) ;
#515 = EDGE_CURVE ( 'NONE', #2118, #2305, #2247, .T. ) ;
#516 = DIRECTION ( 'NONE',  ( 0.000000000000000000, 0.9945218953682735119, 0.1045284632676525272 ) ) ;
#517 = ORIENTED_EDGE ( 'NONE', *, *, #4515, .T. ) ;
#518 = ORIENTED_EDGE ( 'NONE', *, *, #2303, .F. ) ;
#519 = CARTESIAN_POINT ( 'NONE',  ( -2.044952048055268090, 1.219952048055270133, 1.186749999999999972 ) ) ;
#520 = CARTESIAN_POINT ( 'NONE',  ( -2.600000000000000089, -1.000000000000000000, -1.063249999999999584 ) ) ;
#521 = ORIENTED_EDGE ( 'NONE', *, *, #2856, .F. ) ;
#522 = MECHANICAL_DESIGN_GEOMETRIC_PRESENTATION_REPRESENTATION (  '', ( #1457 ), #1306 ) ;
#523 = FILL_AREA_STYLE_COLOUR ( '', #427 ) ;
#524 = CARTESIAN_POINT ( 'NONE',  ( -2.175085373081351747, -1.362404244550522669, 0.08840981203789732845 ) ) ;
#525 = CARTESIAN_POINT ( 'NONE',  ( -1.479999999999999982, 1.000000000000000000, -1.138249999999999540 ) ) ;
#526 = ORIENTED_EDGE ( 'NONE', *, *, #3843, .T. ) ;
#527 =( BOUNDED_CURVE ( )  B_SPLINE_CURVE ( 3, ( #3578, #2123, #3792, #711 ),
 .UNSPECIFIED., .F., .F. ) 
 B_SPLINE_CURVE_WITH_KNOTS ( ( 4, 4 ),
 ( 1.570796326794896558, 3.141592653589793116 ),
 .UNSPECIFIED. ) 
 CURVE ( )  GEOMETRIC_REPRESENTATION_ITEM ( )  RATIONAL_B_SPLINE_CURVE ( ( 1.000000000000000000, 0.8047378541243649375, 0.8047378541243649375, 1.000000000000000000 ) ) 
 REPRESENTATION_ITEM ( '' )  );
#528 =( LENGTH_UNIT ( ) NAMED_UNIT ( * ) SI_UNIT ( .MILLI., .METRE. ) );
#529 = LINE ( 'NONE', #1175, #3287 ) ;
#530 = SURFACE_STYLE_USAGE ( .BOTH. , #1574 ) ;
#531 = LINE ( 'NONE', #2278, #2022 ) ;
#532 = STYLED_ITEM ( 'NONE', ( #1178 ), #3560 ) ;
#533 = ORIENTED_EDGE ( 'NONE', *, *, #2467, .T. ) ;
#534 = EDGE_CURVE ( 'NONE', #1327, #349, #183, .T. ) ;
#535 = PRESENTATION_LAYER_ASSIGNMENT (  '', '', ( #3910 ) ) ;
#536 = FACE_OUTER_BOUND ( 'NONE', #3405, .T. ) ;
#537 =( GEOMETRIC_REPRESENTATION_CONTEXT ( 3 ) GLOBAL_UNCERTAINTY_ASSIGNED_CONTEXT ( ( #3032 ) ) GLOBAL_UNIT_ASSIGNED_CONTEXT ( ( #373, #2202, #1439 ) ) REPRESENTATION_CONTEXT ( 'NONE', 'WORKASPACE' ) );
#538 = VECTOR ( 'NONE', #3370, 1000.000000000000114 ) ;
#539 = DIRECTION ( 'NONE',  ( 1.000000000000000000, 0.000000000000000000, 0.000000000000000000 ) ) ;
#540 = SURFACE_STYLE_USAGE ( .BOTH. , #2798 ) ;
#541 = EDGE_LOOP ( 'NONE', ( #4283, #1282, #1776, #3739 ) ) ;
#542 = ADVANCED_FACE ( 'NONE', ( #3786 ), #4461, .T. ) ;
#543 = APPLICATION_PROTOCOL_DEFINITION ( 'draft international standard', 'automotive_design', 1998, #3011 ) ;
#544 = FILL_AREA_STYLE ('',( #4361 ) ) ;
#545 = CARTESIAN_POINT ( 'NONE',  ( -2.600000000000000089, 1.000000000000000000, -0.1624999999999991451 ) ) ;
#546 =( GEOMETRIC_REPRESENTATION_CONTEXT ( 3 ) GLOBAL_UNCERTAINTY_ASSIGNED_CONTEXT ( ( #4095 ) ) GLOBAL_UNIT_ASSIGNED_CONTEXT ( ( #3600, #2533, #85 ) ) REPRESENTATION_CONTEXT ( 'NONE', 'WORKASPACE' ) );
#547 = CARTESIAN_POINT ( 'NONE',  ( -2.157664343138950613, -1.362499999999999600, 0.08749999999999999445 ) ) ;
#548 = CARTESIAN_POINT ( 'NONE',  ( 2.187500000000001332, 1.332664343138952434, 0.08749999999999999445 ) ) ;
#549 = EDGE_CURVE ( 'NONE', #1635, #79, #3583, .T. ) ;
#550 = CARTESIAN_POINT ( 'NONE',  ( -1.404999999999999583, 1.213871214864965298, -1.244605263157894770 ) ) ;
#551 = CARTESIAN_POINT ( 'NONE',  ( 2.110701337264754507, 1.315536994125800385, -0.5343231537529354869 ) ) ;
#552 = PRESENTATION_LAYER_ASSIGNMENT (  '', '', ( #4579 ) ) ;
#553 = MECHANICAL_DESIGN_GEOMETRIC_PRESENTATION_REPRESENTATION (  '', ( #1267 ), #4201 ) ;
#554 =( LENGTH_UNIT ( ) NAMED_UNIT ( * ) SI_UNIT ( .MILLI., .METRE. ) );
#555 = CARTESIAN_POINT ( 'NONE',  ( 2.299999999999999822, 1.000000000000000000, -1.013250000000000206 ) ) ;
#556 = UNCERTAINTY_MEASURE_WITH_UNIT (LENGTH_MEASURE( 1.000000000000000082E-05 ), #3187, 'distance_accuracy_value', 'NONE');
#557 = PRESENTATION_LAYER_ASSIGNMENT (  '', '', ( #4443 ) ) ;
#558 = VERTEX_POINT ( 'NONE', #1403 ) ;
#559 =( GEOMETRIC_REPRESENTATION_CONTEXT ( 3 ) GLOBAL_UNCERTAINTY_ASSIGNED_CONTEXT ( ( #469 ) ) GLOBAL_UNIT_ASSIGNED_CONTEXT ( ( #1409, #3186, #4269 ) ) REPRESENTATION_CONTEXT ( 'NONE', 'WORKASPACE' ) );
#560 = DIRECTION ( 'NONE',  ( 4.956352788505164254E-16, 1.000000000000000000, 0.000000000000000000 ) ) ;
#561 = ORIENTED_EDGE ( 'NONE', *, *, #1752, .F. ) ;
#562 = CARTESIAN_POINT ( 'NONE',  ( -1.607452048055268090, 1.219952048055269911, 1.176749999999999741 ) ) ;
#563 = EDGE_LOOP ( 'NONE', ( #3159, #740, #4033 ) ) ;
#564 = CARTESIAN_POINT ( 'NONE',  ( -2.187499999999999112, 1.332664343138952434, 0.08749999999999999445 ) ) ;
#565 = EDGE_CURVE ( 'NONE', #690, #1888, #1050, .T. ) ;
#566 = FILL_AREA_STYLE_COLOUR ( '', #2532 ) ;
#567 = DIRECTION ( 'NONE',  ( 0.000000000000000000, 0.1045284632676536929, 0.9945218953682732899 ) ) ;
#568 = ORIENTED_EDGE ( 'NONE', *, *, #4534, .F. ) ;
#569 = LINE ( 'NONE', #1665, #4208 ) ;
#570 = DIRECTION ( 'NONE',  ( 1.000000000000000000, 0.000000000000000000, 0.000000000000000000 ) ) ;
#571 =( NAMED_UNIT ( * ) SI_UNIT ( $, .STERADIAN. ) SOLID_ANGLE_UNIT ( ) );
#572 = MECHANICAL_DESIGN_GEOMETRIC_PRESENTATION_REPRESENTATION (  '', ( #4222 ), #4140 ) ;
#573 = EDGE_CURVE ( 'NONE', #4134, #1056, #2449, .T. ) ;
#574 = VECTOR ( 'NONE', #1921, 1000.000000000000114 ) ;
#575 = DIRECTION ( 'NONE',  ( 0.000000000000000000, 0.000000000000000000, -1.000000000000000000 ) ) ;
#576 = ORIENTED_EDGE ( 'NONE', *, *, #2518, .T. ) ;
#577 = SURFACE_STYLE_FILL_AREA ( #1229 ) ;
#578 = PRESENTATION_STYLE_ASSIGNMENT (( #2327 ) ) ;
#579 = SPHERICAL_SURFACE ( 'NONE', #1998, 0.02999999999999999889 ) ;
#580 = DIRECTION ( 'NONE',  ( -1.000000000000000000, 0.000000000000000000, 0.000000000000000000 ) ) ;
#581 = ORIENTED_EDGE ( 'NONE', *, *, #4012, .F. ) ;
#582 = PLANE ( 'NONE',  #1049 ) ;
#583 = VERTEX_POINT ( 'NONE', #2831 ) ;
#584 = LINE ( 'NONE', #3434, #3705 ) ;
#585 = ORIENTED_EDGE ( 'NONE', *, *, #3911, .T. ) ;
#586 = LINE ( 'NONE', #2018, #3200 ) ;
#587 = DIRECTION ( 'NONE',  ( 0.000000000000000000, 0.000000000000000000, 1.000000000000000000 ) ) ;
#588 = FACE_OUTER_BOUND ( 'NONE', #1828, .T. ) ;
#589 = EDGE_CURVE ( 'NONE', #3958, #2877, #4296, .T. ) ;
#590 = DIRECTION ( 'NONE',  ( 0.000000000000000000, -1.000000000000000000, 0.000000000000000000 ) ) ;
#591 = LINE ( 'NONE', #2348, #405 ) ;
#592 = EDGE_CURVE ( 'NONE', #2008, #428, #3295, .T. ) ;
#593 = UNCERTAINTY_MEASURE_WITH_UNIT (LENGTH_MEASURE( 1.000000000000000082E-05 ), #3160, 'distance_accuracy_value', 'NONE');
#594 = VERTEX_POINT ( 'NONE', #4238 ) ;
#595 = ADVANCED_FACE ( 'NONE', ( #3943 ), #3233, .T. ) ;
#596 = DIRECTION ( 'NONE',  ( 0.1039620511844979306, 0.1039620511844979306, 0.9891328443778538704 ) ) ;
#597 = PRESENTATION_STYLE_ASSIGNMENT (( #3842 ) ) ;
#598 = CIRCLE ( 'NONE', #2775, 0.02999999999999996073 ) ;
#599 = COLOUR_RGB ( '',0.2862745098039215508, 0.2862745098039215508, 0.2862745098039215508 ) ;
#600 = VERTEX_POINT ( 'NONE', #3182 ) ;
#601 = ORIENTED_EDGE ( 'NONE', *, *, #4509, .F. ) ;
#602 = COLOUR_RGB ( '',0.2862745098039215508, 0.2862745098039215508, 0.2862745098039215508 ) ;
#603 = VERTEX_POINT ( 'NONE', #4606 ) ;
#604 = CARTESIAN_POINT ( 'NONE',  ( -2.044952048055268090, 1.219952048055270133, 1.186749999999999972 ) ) ;
#605 = STYLED_ITEM ( 'NONE', ( #3343 ), #377 ) ;
#606 = STYLED_ITEM ( 'NONE', ( #3031 ), #3643 ) ;
#607 = PRESENTATION_STYLE_ASSIGNMENT (( #362 ) ) ;
#608 = CARTESIAN_POINT ( 'NONE',  ( 1.404999999999999583, -1.213871214864964410, -1.214605263157894743 ) ) ;
#609 = ORIENTED_EDGE ( 'NONE', *, *, #4193, .F. ) ;
#610 = DIRECTION ( 'NONE',  ( -0.000000000000000000, 1.000000000000000000, 0.000000000000000000 ) ) ;
#611 = MECHANICAL_DESIGN_GEOMETRIC_PRESENTATION_REPRESENTATION (  '', ( #4038 ), #1553 ) ;
#612 = CARTESIAN_POINT ( 'NONE',  ( -2.187499999999999112, -1.362499999999999600, -0.08749999999999999445 ) ) ;
#613 = CIRCLE ( 'NONE', #161, 0.02999999999999996073 ) ;
#614 =( LENGTH_UNIT ( ) NAMED_UNIT ( * ) SI_UNIT ( .MILLI., .METRE. ) );
#615 = CARTESIAN_POINT ( 'NONE',  ( -2.157499999999998863, 1.362500000000000488, 0.08749999999999999445 ) ) ;
#616 = DIRECTION ( 'NONE',  ( 7.555332464090655969E-16, -0.1045284632676525410, 0.9945218953682736229 ) ) ;
#617 =( GEOMETRIC_REPRESENTATION_CONTEXT ( 3 ) GLOBAL_UNCERTAINTY_ASSIGNED_CONTEXT ( ( #1005 ) ) GLOBAL_UNIT_ASSIGNED_CONTEXT ( ( #2051, #2394, #3859 ) ) REPRESENTATION_CONTEXT ( 'NONE', 'WORKASPACE' ) );
#618 = DIRECTION ( 'NONE',  ( 1.000000000000000000, 0.000000000000000000, -0.000000000000000000 ) ) ;
#619 = FILL_AREA_STYLE ('',( #276 ) ) ;
#620 = VECTOR ( 'NONE', #3047, 1000.000000000000000 ) ;
#622 = VECTOR ( 'NONE', #250, 1000.000000000000000 ) ;
#621 = SURFACE_STYLE_USAGE ( .BOTH. , #3104 ) ;
#623 = EDGE_CURVE ( 'NONE', #443, #1085, #1692, .T. ) ;
#624 = VERTEX_POINT ( 'NONE', #1382 ) ;
#625 = AXIS2_PLACEMENT_3D ( 'NONE', #1955, #4098, #3426 ) ;
#626 = EDGE_CURVE ( 'NONE', #4415, #1143, #613, .T. ) ;
#627 = MECHANICAL_DESIGN_GEOMETRIC_PRESENTATION_REPRESENTATION (  '', ( #3017 ), #2942 ) ;
#628 = ORIENTED_EDGE ( 'NONE', *, *, #1283, .F. ) ;
#629 = FILL_AREA_STYLE ('',( #988 ) ) ;
#630 = EDGE_LOOP ( 'NONE', ( #4380, #3173, #4129, #2234 ) ) ;
#631 = CYLINDRICAL_SURFACE ( 'NONE', #1236, 0.03000000000000007869 ) ;
#632 = PLANE ( 'NONE',  #4316 ) ;
#633 = LINE ( 'NONE', #4171, #3949 ) ;
#634 =( GEOMETRIC_REPRESENTATION_CONTEXT ( 3 ) GLOBAL_UNCERTAINTY_ASSIGNED_CONTEXT ( ( #1807 ) ) GLOBAL_UNIT_ASSIGNED_CONTEXT ( ( #3664, #3095, #3048 ) ) REPRESENTATION_CONTEXT ( 'NONE', 'WORKASPACE' ) );
#635 = ORIENTED_EDGE ( 'NONE', *, *, #2000, .F. ) ;
#636 = AXIS2_PLACEMENT_3D ( 'NONE', #4177, #4088, #587 ) ;
#637 = LINE ( 'NONE', #1968, #3817 ) ;
#638 = PLANE ( 'NONE',  #2030 ) ;
#639 = CARTESIAN_POINT ( 'NONE',  ( -2.044952048055268090, 1.219952048055270133, 1.176749999999999741 ) ) ;
#640 = CARTESIAN_POINT ( 'NONE',  ( -2.050049603465653902, -1.225049603465654613, -1.108249999999999957 ) ) ;
#641 = AXIS2_PLACEMENT_3D ( 'NONE', #1493, #3722, #137 ) ;
#642 = UNCERTAINTY_MEASURE_WITH_UNIT (LENGTH_MEASURE( 1.000000000000000082E-05 ), #3414, 'distance_accuracy_value', 'NONE');
#643 = COLOUR_RGB ( '',0.8039215686274510109, 0.8039215686274510109, 0.8039215686274510109 ) ;
#644 = ORIENTED_EDGE ( 'NONE', *, *, #404, .T. ) ;
#645 =( NAMED_UNIT ( * ) PLANE_ANGLE_UNIT ( ) SI_UNIT ( $, .RADIAN. ) );
#646 = EDGE_CURVE ( 'NONE', #1484, #1197, #2007, .T. ) ;
#647 = DIRECTION ( 'NONE',  ( -0.000000000000000000, -1.000000000000000000, -0.000000000000000000 ) ) ;
#648 = ORIENTED_EDGE ( 'NONE', *, *, #861, .F. ) ;
#649 = CARTESIAN_POINT ( 'NONE',  ( -2.157986810143135870, 1.362822467004185967, -0.08443193139771702771 ) ) ;
#650 = ORIENTED_EDGE ( 'NONE', *, *, #759, .T. ) ;
#651 = CARTESIAN_POINT ( 'NONE',  ( -2.300000000000000711, -1.000000000000000000, -0.08749999999999943934 ) ) ;
#652 = CYLINDRICAL_SURFACE ( 'NONE', #2956, 0.03000000000000007869 ) ;
#653 = EDGE_CURVE ( 'NONE', #2305, #1280, #1174, .T. ) ;
#654 =( NAMED_UNIT ( * ) SI_UNIT ( $, .STERADIAN. ) SOLID_ANGLE_UNIT ( ) );
#655 = ORIENTED_EDGE ( 'NONE', *, *, #372, .T. ) ;
#656 = SURFACE_STYLE_FILL_AREA ( #311 ) ;
#657 = CARTESIAN_POINT ( 'NONE',  ( 1.404999999999999583, -1.248579006210762232, -1.171385853898029517 ) ) ;
#658 = MECHANICAL_DESIGN_GEOMETRIC_PRESENTATION_REPRESENTATION (  '', ( #1975 ), #1605 ) ;
#659 = AXIS2_PLACEMENT_3D ( 'NONE', #84, #1892, #1809 ) ;
#660 = CARTESIAN_POINT ( 'NONE',  ( -2.044952048055268090, -1.219952048055269245, 1.176749999999999741 ) ) ;
#661 = FILL_AREA_STYLE_COLOUR ( '', #3887 ) ;
#662 = SURFACE_STYLE_FILL_AREA ( #2727 ) ;
#663 = AXIS2_PLACEMENT_3D ( 'NONE', #1184, #2644, #513 ) ;
#664 = CYLINDRICAL_SURFACE ( 'NONE', #2421, 0.03000000000000007869 ) ;
#665 = ORIENTED_EDGE ( 'NONE', *, *, #1859, .F. ) ;
#666 =( NAMED_UNIT ( * ) SI_UNIT ( $, .STERADIAN. ) SOLID_ANGLE_UNIT ( ) );
#667 = ORIENTED_EDGE ( 'NONE', *, *, #3567, .T. ) ;
#668 = DIRECTION ( 'NONE',  ( 0.000000000000000000, 0.000000000000000000, -1.000000000000000000 ) ) ;
#669 = FILL_AREA_STYLE ('',( #1779 ) ) ;
#670 =( LENGTH_UNIT ( ) NAMED_UNIT ( * ) SI_UNIT ( .MILLI., .METRE. ) );
#671 =( GEOMETRIC_REPRESENTATION_CONTEXT ( 3 ) GLOBAL_UNCERTAINTY_ASSIGNED_CONTEXT ( ( #642 ) ) GLOBAL_UNIT_ASSIGNED_CONTEXT ( ( #3414, #3732, #1641 ) ) REPRESENTATION_CONTEXT ( 'NONE', 'WORKASPACE' ) );
#672 = EDGE_CURVE ( 'NONE', #2577, #1959, #729, .T. ) ;
#673 = CARTESIAN_POINT ( 'NONE',  ( -2.600000000000000089, 1.000000000000000000, -1.063249999999999584 ) ) ;
#674 = ORIENTED_EDGE ( 'NONE', *, *, #626, .T. ) ;
#675 = PRESENTATION_LAYER_ASSIGNMENT (  '', '', ( #532 ) ) ;
#676 = SURFACE_STYLE_FILL_AREA ( #2788 ) ;
#677 = PRESENTATION_LAYER_ASSIGNMENT (  '', '', ( #166 ) ) ;
#678 = VECTOR ( 'NONE', #4409, 1000.000000000000000 ) ;
#679 = MECHANICAL_DESIGN_GEOMETRIC_PRESENTATION_REPRESENTATION (  '', ( #2318 ), #3597 ) ;
#680 = EDGE_CURVE ( 'NONE', #1197, #3180, #51, .T. ) ;
#681 = MECHANICAL_DESIGN_GEOMETRIC_PRESENTATION_REPRESENTATION (  '', ( #3599 ), #3655 ) ;
#682 =( NAMED_UNIT ( * ) PLANE_ANGLE_UNIT ( ) SI_UNIT ( $, .RADIAN. ) );
#683 = COLOUR_RGB ( '',0.8039215686274510109, 0.8039215686274510109, 0.8039215686274510109 ) ;
#684 = CARTESIAN_POINT ( 'NONE',  ( -2.425000000000000266, 1.000000000000000000, -0.2124999999999986899 ) ) ;
#685 = CARTESIAN_POINT ( 'NONE',  ( -2.044952048055268090, -1.246964169384204402, 1.186749999999999972 ) ) ;
#686 = UNCERTAINTY_MEASURE_WITH_UNIT (LENGTH_MEASURE( 1.000000000000000082E-05 ), #702, 'distance_accuracy_value', 'NONE');
#687 = COLOUR_RGB ( '',0.2862745098039215508, 0.2862745098039215508, 0.2862745098039215508 ) ;
#688 = COLOUR_RGB ( '',0.2862745098039215508, 0.2862745098039215508, 0.2862745098039215508 ) ;
#689 = DIRECTION ( 'NONE',  ( 0.000000000000000000, 0.000000000000000000, 1.000000000000000000 ) ) ;
#690 = VERTEX_POINT ( 'NONE', #2537 ) ;
#691 =( LENGTH_UNIT ( ) NAMED_UNIT ( * ) SI_UNIT ( .MILLI., .METRE. ) );
#692 = CARTESIAN_POINT ( 'NONE',  ( 1.429852813742385376, 1.254885260326703333, -1.111385853898029685 ) ) ;
#693 = LINE ( 'NONE', #3915, #4108 ) ;
#694 =( GEOMETRIC_REPRESENTATION_CONTEXT ( 3 ) GLOBAL_UNCERTAINTY_ASSIGNED_CONTEXT ( ( #2322 ) ) GLOBAL_UNIT_ASSIGNED_CONTEXT ( ( #1244, #2099, #1672 ) ) REPRESENTATION_CONTEXT ( 'NONE', 'WORKASPACE' ) );
#695 = CARTESIAN_POINT ( 'NONE',  ( 1.448658615958702489, -1.225049599490402041, -1.138250000000000206 ) ) ;
#696 = ORIENTED_EDGE ( 'NONE', *, *, #2989, .F. ) ;
#697 = CARTESIAN_POINT ( 'NONE',  ( -1.404999999999999583, 1.213871214864965076, -1.214605263157894743 ) ) ;
#698 = CARTESIAN_POINT ( 'NONE',  ( -2.425000000000000266, 1.000000000000000000, -1.013249999999999540 ) ) ;
#699 = STYLED_ITEM ( 'NONE', ( #578 ), #3791 ) ;
#700 = SURFACE_STYLE_USAGE ( .BOTH. , #1034 ) ;
#701 = PLANE ( 'NONE',  #2550 ) ;
#702 =( LENGTH_UNIT ( ) NAMED_UNIT ( * ) SI_UNIT ( .MILLI., .METRE. ) );
#703 = VERTEX_POINT ( 'NONE', #4426 ) ;
#704 = LINE ( 'NONE', #3875, #818 ) ;
#705 = CIRCLE ( 'NONE', #914, 0.03000000000000007869 ) ;
#706 = SURFACE_SIDE_STYLE ('',( #3901 ) ) ;
#707 =( GEOMETRIC_REPRESENTATION_CONTEXT ( 3 ) GLOBAL_UNCERTAINTY_ASSIGNED_CONTEXT ( ( #2665 ) ) GLOBAL_UNIT_ASSIGNED_CONTEXT ( ( #438, #4326, #1451 ) ) REPRESENTATION_CONTEXT ( 'NONE', 'WORKASPACE' ) );
#708 = CARTESIAN_POINT ( 'NONE',  ( 2.050049603465656123, 1.225049603465655501, -1.108249999999999957 ) ) ;
#709 = EDGE_CURVE ( 'NONE', #3867, #4452, #112, .T. ) ;
#710 = MECHANICAL_DESIGN_GEOMETRIC_PRESENTATION_REPRESENTATION (  '', ( #1950 ), #1137 ) ;
#711 = CARTESIAN_POINT ( 'NONE',  ( -1.464999999999999636, 1.225049603465655501, -1.138249999999999984 ) ) ;
#712 = STYLED_ITEM ( 'NONE', ( #2372 ), #2214 ) ;
#713 = FACE_OUTER_BOUND ( 'NONE', #854, .T. ) ;
#714 = SURFACE_STYLE_FILL_AREA ( #619 ) ;
#715 = EDGE_CURVE ( 'NONE', #1300, #2800, #2238, .T. ) ;
#716 = STYLED_ITEM ( 'NONE', ( #3550 ), #3247 ) ;
#717 = CARTESIAN_POINT ( 'NONE',  ( 1.464999999999999636, 1.254885260326703555, -1.111385853898029463 ) ) ;
#718 = CARTESIAN_POINT ( 'NONE',  ( 2.349999999999999645, -1.000000000000000000, -1.313250000000000250 ) ) ;
#719 = MECHANICAL_DESIGN_GEOMETRIC_PRESENTATION_REPRESENTATION (  '', ( #2669 ), #2450 ) ;
#720 = CARTESIAN_POINT ( 'NONE',  ( 1.404999999999999805, -1.248579006210762232, -1.171385853898029517 ) ) ;
#721 = ORIENTED_EDGE ( 'NONE', *, *, #3764, .T. ) ;
#722 = EDGE_LOOP ( 'NONE', ( #807, #3357, #19, #4063 ) ) ;
#723 = SURFACE_SIDE_STYLE ('',( #4228 ) ) ;
#724 = ORIENTED_EDGE ( 'NONE', *, *, #4563, .T. ) ;
#725 = FACE_OUTER_BOUND ( 'NONE', #2848, .T. ) ;
#726 = FILL_AREA_STYLE ('',( #3924 ) ) ;
#727 = SURFACE_SIDE_STYLE ('',( #4264 ) ) ;
#728 = MANIFOLD_SOLID_BREP ( 'Cut-Extrude2', #2654 ) ;
#729 = LINE ( 'NONE', #388, #3802 ) ;
#730 = CARTESIAN_POINT ( 'NONE',  ( -1.434999999999999609, -1.218743349349714178, -1.168250000000000011 ) ) ;
#731 = VECTOR ( 'NONE', #1942, 1000.000000000000000 ) ;
#732 = ADVANCED_FACE ( 'NONE', ( #1449 ), #3967, .F. ) ;
#733 = DIRECTION ( 'NONE',  ( 0.000000000000000000, 0.000000000000000000, 1.000000000000000000 ) ) ;
#734 = UNCERTAINTY_MEASURE_WITH_UNIT (LENGTH_MEASURE( 1.000000000000000082E-05 ), #2914, 'distance_accuracy_value', 'NONE');
#735 = PRESENTATION_LAYER_ASSIGNMENT (  '', '', ( #2683 ) ) ;
#736 = EDGE_CURVE ( 'NONE', #1888, #4597, #3176, .T. ) ;
#737 = VECTOR ( 'NONE', #3050, 1000.000000000000000 ) ;
#738 = CARTESIAN_POINT ( 'NONE',  ( -2.350000000000000533, 1.000000000000000000, 0.08750000000000057732 ) ) ;
#739 = PRESENTATION_STYLE_ASSIGNMENT (( #2868 ) ) ;
#740 = ORIENTED_EDGE ( 'NONE', *, *, #4379, .T. ) ;
#741 = EDGE_CURVE ( 'NONE', #3679, #301, #633, .T. ) ;
#742 = ORIENTED_EDGE ( 'NONE', *, *, #4531, .T. ) ;
#743 = DIRECTION ( 'NONE',  ( 0.1039620511844979306, 0.1039620511844979306, -0.9891328443778538704 ) ) ;
#744 = FILL_AREA_STYLE_COLOUR ( '', #3157 ) ;
#745 = EDGE_LOOP ( 'NONE', ( #2381, #2910, #4078 ) ) ;
#746 = DIRECTION ( 'NONE',  ( 0.000000000000000000, 0.000000000000000000, -1.000000000000000000 ) ) ;
#747 = CARTESIAN_POINT ( 'NONE',  ( -2.044952048055268090, 1.219952048055270133, 1.176749999999999741 ) ) ;
#748 = SURFACE_STYLE_FILL_AREA ( #1712 ) ;
#749 = COLOUR_RGB ( '',0.2862745098039215508, 0.2862745098039215508, 0.2862745098039215508 ) ;
#750 =( GEOMETRIC_REPRESENTATION_CONTEXT ( 3 ) GLOBAL_UNCERTAINTY_ASSIGNED_CONTEXT ( ( #4390 ) ) GLOBAL_UNIT_ASSIGNED_CONTEXT ( ( #2005, #645, #1608 ) ) REPRESENTATION_CONTEXT ( 'NONE', 'WORKASPACE' ) );
#751 = MECHANICAL_DESIGN_GEOMETRIC_PRESENTATION_REPRESENTATION (  '', ( #2239 ), #3354 ) ;
#752 = SURFACE_SIDE_STYLE ('',( #2521 ) ) ;
#753 = LINE ( 'NONE', #1453, #2255 ) ;
#754 = CIRCLE ( 'NONE', #3810, 0.02999999999999996073 ) ;
#755 =( NAMED_UNIT ( * ) PLANE_ANGLE_UNIT ( ) SI_UNIT ( $, .RADIAN. ) );
#756 = STYLED_ITEM ( 'NONE', ( #4073 ), #1251 ) ;
#757 = VECTOR ( 'NONE', #1571, 999.9999999999998863 ) ;
#758 = DIRECTION ( 'NONE',  ( -1.000000000000000000, -0.000000000000000000, -0.000000000000000000 ) ) ;
#759 = EDGE_CURVE ( 'NONE', #2229, #1371, #964, .T. ) ;
#760 = VECTOR ( 'NONE', #297, 1000.000000000000000 ) ;
#761 = DIRECTION ( 'NONE',  ( 1.000000000000000000, -0.000000000000000000, 8.340016711427009523E-17 ) ) ;
#762 = VERTEX_POINT ( 'NONE', #4231 ) ;
#763 = ORIENTED_EDGE ( 'NONE', *, *, #2131, .F. ) ;
#764 = FACE_OUTER_BOUND ( 'NONE', #3987, .T. ) ;
#765 = DIRECTION ( 'NONE',  ( -0.000000000000000000, -0.000000000000000000, -1.000000000000000000 ) ) ;
#766 = ADVANCED_FACE ( 'NONE', ( #3894 ), #701, .F. ) ;
#767 = VECTOR ( 'NONE', #2173, 1000.000000000000000 ) ;
#768 = FILL_AREA_STYLE_COLOUR ( '', #1838 ) ;
#769 = ORIENTED_EDGE ( 'NONE', *, *, #4135, .F. ) ;
#770 =( NAMED_UNIT ( * ) PLANE_ANGLE_UNIT ( ) SI_UNIT ( $, .RADIAN. ) );
#771 = SURFACE_SIDE_STYLE ('',( #2197 ) ) ;
#772 = STYLED_ITEM ( 'NONE', ( #828 ), #4150 ) ;
#773 = VECTOR ( 'NONE', #2849, 1000.000000000000000 ) ;
#774 = SURFACE_STYLE_USAGE ( .BOTH. , #53 ) ;
#775 = CARTESIAN_POINT ( 'NONE',  ( 2.187500000000001332, -1.362499999999999600, -0.08749999999999999445 ) ) ;
#776 = MECHANICAL_DESIGN_GEOMETRIC_PRESENTATION_REPRESENTATION (  '', ( #3021 ), #1431 ) ;
#777 =( LENGTH_UNIT ( ) NAMED_UNIT ( * ) SI_UNIT ( .MILLI., .METRE. ) );
#778 = UNCERTAINTY_MEASURE_WITH_UNIT (LENGTH_MEASURE( 1.000000000000000082E-05 ), #4009, 'distance_accuracy_value', 'NONE');
#779 = CIRCLE ( 'NONE', #2657, 0.03000000000000007869 ) ;
#780 = FILL_AREA_STYLE ('',( #3189 ) ) ;
#781 = SURFACE_STYLE_FILL_AREA ( #3952 ) ;
#782 = AXIS2_PLACEMENT_3D ( 'NONE', #2620, #4032, #3333 ) ;
#783 = CARTESIAN_POINT ( 'NONE',  ( 2.187500000000001332, 1.332664343138952434, -0.08749999999999999445 ) ) ;
#784 = ORIENTED_EDGE ( 'NONE', *, *, #3514, .T. ) ;
#785 = ORIENTED_EDGE ( 'NONE', *, *, #3851, .F. ) ;
#786 = ADVANCED_FACE ( 'NONE', ( #3706 ), #946, .F. ) ;
#787 = VECTOR ( 'NONE', #1445, 1000.000000000000000 ) ;
#788 = ORIENTED_EDGE ( 'NONE', *, *, #1662, .T. ) ;
#789 = SURFACE_SIDE_STYLE ('',( #406 ) ) ;
#790 = VECTOR ( 'NONE', #570, 1000.000000000000000 ) ;
#791 = CARTESIAN_POINT ( 'NONE',  ( -2.349999999999999645, -1.000000000000000000, -1.313249999999999806 ) ) ;
#792 = ORIENTED_EDGE ( 'NONE', *, *, #709, .T. ) ;
#793 = ADVANCED_FACE ( 'NONE', ( #2389 ), #3049, .T. ) ;
#794 = CARTESIAN_POINT ( 'NONE',  ( 1.434999999999999609, 1.225049603465655279, -1.138249999999999984 ) ) ;
#795 = LINE ( 'NONE', #1073, #930 ) ;
#796 = CARTESIAN_POINT ( 'NONE',  ( -2.044952048055268090, 1.219952048055270133, 1.176749999999999741 ) ) ;
#797 = CARTESIAN_POINT ( 'NONE',  ( 2.157664343138952834, -1.362499999999999600, -0.08749999999999999445 ) ) ;
#798 = ADVANCED_FACE ( 'NONE', ( #4518 ), #225, .F. ) ;
#799 = SURFACE_STYLE_USAGE ( .BOTH. , #1172 ) ;
#800 =( NAMED_UNIT ( * ) SI_UNIT ( $, .STERADIAN. ) SOLID_ANGLE_UNIT ( ) );
#801 = STYLED_ITEM ( 'NONE', ( #3799 ), #2660 ) ;
#802 =( NAMED_UNIT ( * ) SI_UNIT ( $, .STERADIAN. ) SOLID_ANGLE_UNIT ( ) );
#803 = CARTESIAN_POINT ( 'NONE',  ( 1.404999999999999583, -1.243706871726012464, -1.217741117055924249 ) ) ;
#804 = ORIENTED_EDGE ( 'NONE', *, *, #919, .T. ) ;
#805 = DIRECTION ( 'NONE',  ( 1.000000000000000000, 0.000000000000000000, 0.000000000000000000 ) ) ;
#806 = FILL_AREA_STYLE ('',( #4313 ) ) ;
#807 = ORIENTED_EDGE ( 'NONE', *, *, #1509, .T. ) ;
#808 = SURFACE_STYLE_FILL_AREA ( #2257 ) ;
#809 = DIRECTION ( 'NONE',  ( 1.000000000000000000, 0.000000000000000000, -2.502005013428102857E-16 ) ) ;
#810 = ORIENTED_EDGE ( 'NONE', *, *, #4077, .F. ) ;
#811 = PRESENTATION_STYLE_ASSIGNMENT (( #1874 ) ) ;
#812 = EDGE_CURVE ( 'NONE', #3495, #2331, #4252, .T. ) ;
#813 = DIRECTION ( 'NONE',  ( -1.000000000000000000, 0.000000000000000000, 0.000000000000000000 ) ) ;
#814 = PLANE ( 'NONE',  #848 ) ;
#815 = CYLINDRICAL_SURFACE ( 'NONE', #3039, 0.2499999999999997780 ) ;
#816 = COLOUR_RGB ( '',0.8039215686274510109, 0.8039215686274510109, 0.8039215686274510109 ) ;
#817 = EDGE_CURVE ( 'NONE', #1616, #1678, #113, .T. ) ;
#818 = VECTOR ( 'NONE', #2763, 1000.000000000000000 ) ;
#819 = CARTESIAN_POINT ( 'NONE',  ( -2.187499999999999112, -1.000000000000000000, -0.08749999999999999445 ) ) ;
#820 = MECHANICAL_DESIGN_GEOMETRIC_PRESENTATION_REPRESENTATION (  '', ( #95 ), #4559 ) ;
#821 = DIRECTION ( 'NONE',  ( 0.000000000000000000, 0.000000000000000000, 1.000000000000000000 ) ) ;
#822 = UNCERTAINTY_MEASURE_WITH_UNIT (LENGTH_MEASURE( 1.000000000000000082E-05 ), #3040, 'distance_accuracy_value', 'NONE');
#823 = AXIS2_PLACEMENT_3D ( 'NONE', #3515, #1985, #171 ) ;
#824 = EDGE_CURVE ( 'NONE', #3923, #4488, #2787, .T. ) ;
#825 = CARTESIAN_POINT ( 'NONE',  ( 2.175085373081353968, 1.362404244550523780, -0.08840981203790124199 ) ) ;
#826 =( GEOMETRIC_REPRESENTATION_CONTEXT ( 3 ) GLOBAL_UNCERTAINTY_ASSIGNED_CONTEXT ( ( #1368 ) ) GLOBAL_UNIT_ASSIGNED_CONTEXT ( ( #4048, #1900, #4462 ) ) REPRESENTATION_CONTEXT ( 'NONE', 'WORKASPACE' ) );
#827 = ORIENTED_EDGE ( 'NONE', *, *, #2427, .T. ) ;
#828 = PRESENTATION_STYLE_ASSIGNMENT (( #3401 ) ) ;
#829 = LINE ( 'NONE', #4484, #4103 ) ;
#830 =( GEOMETRIC_REPRESENTATION_CONTEXT ( 3 ) GLOBAL_UNCERTAINTY_ASSIGNED_CONTEXT ( ( #2077 ) ) GLOBAL_UNIT_ASSIGNED_CONTEXT ( ( #2015, #1990, #3462 ) ) REPRESENTATION_CONTEXT ( 'NONE', 'WORKASPACE' ) );
#831 = ORIENTED_EDGE ( 'NONE', *, *, #1114, .F. ) ;
#832 = FILL_AREA_STYLE_COLOUR ( '', #2296 ) ;
#833 = ORIENTED_EDGE ( 'NONE', *, *, #3052, .F. ) ;
#834 = COLOUR_RGB ( '',0.2862745098039215508, 0.2862745098039215508, 0.2862745098039215508 ) ;
#835 = CARTESIAN_POINT ( 'NONE',  ( -2.187499999999999112, -1.362499999999999600, -0.08749999999999999445 ) ) ;
#836 =( LENGTH_UNIT ( ) NAMED_UNIT ( * ) SI_UNIT ( .MILLI., .METRE. ) );
#837 = PRESENTATION_STYLE_ASSIGNMENT (( #2923 ) ) ;
#838 = AXIS2_PLACEMENT_3D ( 'NONE', #640, #29, #4242 ) ;
#839 =( NAMED_UNIT ( * ) PLANE_ANGLE_UNIT ( ) SI_UNIT ( $, .RADIAN. ) );
#840 = DIRECTION ( 'NONE',  ( 0.000000000000000000, 0.000000000000000000, 1.000000000000000000 ) ) ;
#841 = SURFACE_STYLE_USAGE ( .BOTH. , #1878 ) ;
#842 = COLOUR_RGB ( '',0.2862745098039215508, 0.2862745098039215508, 0.2862745098039215508 ) ;
#843 = CARTESIAN_POINT ( 'NONE',  ( 2.071964169384206134, -1.219952048055269245, 1.186749999999999972 ) ) ;
#844 = EDGE_CURVE ( 'NONE', #3430, #703, #704, .T. ) ;
#845 = CARTESIAN_POINT ( 'NONE',  ( 1.404999999999999583, -1.362499999999999600, -1.214605263157894743 ) ) ;
#846 = DIRECTION ( 'NONE',  ( 0.000000000000000000, 0.000000000000000000, 1.000000000000000000 ) ) ;
#847 = EDGE_CURVE ( 'NONE', #904, #4220, #293, .T. ) ;
#848 = AXIS2_PLACEMENT_3D ( 'NONE', #2976, #1472, #455 ) ;
#849 = VECTOR ( 'NONE', #1429, 1000.000000000000000 ) ;
#850 = VERTEX_POINT ( 'NONE', #2120 ) ;
#851 = DIRECTION ( 'NONE',  ( 1.000000000000000000, 0.000000000000000000, 0.000000000000000000 ) ) ;
#852 = ORIENTED_EDGE ( 'NONE', *, *, #2765, .F. ) ;
#853 = DIRECTION ( 'NONE',  ( 1.000000000000000000, 0.000000000000000000, 0.000000000000000000 ) ) ;
#854 = EDGE_LOOP ( 'NONE', ( #3006, #742, #1009, #399, #517, #4081, #3619, #2479, #240, #2571, #1533, #38 ) ) ;
#855 =( NAMED_UNIT ( * ) SI_UNIT ( $, .STERADIAN. ) SOLID_ANGLE_UNIT ( ) );
#856 = DIRECTION ( 'NONE',  ( -0.000000000000000000, -1.000000000000000000, -0.000000000000000000 ) ) ;
#857 = DIRECTION ( 'NONE',  ( 0.000000000000000000, 0.000000000000000000, 1.000000000000000000 ) ) ;
#858 = MECHANICAL_DESIGN_GEOMETRIC_PRESENTATION_REPRESENTATION (  '', ( #3921 ), #3692 ) ;
#859 =( LENGTH_UNIT ( ) NAMED_UNIT ( * ) SI_UNIT ( .MILLI., .METRE. ) );
#860 = DIRECTION ( 'NONE',  ( 0.000000000000000000, -1.000000000000000000, 0.000000000000000000 ) ) ;
#861 = EDGE_CURVE ( 'NONE', #1847, #2092, #3137, .T. ) ;
#862 = SURFACE_STYLE_FILL_AREA ( #2226 ) ;
#863 = SURFACE_STYLE_FILL_AREA ( #3102 ) ;
#864 = UNCERTAINTY_MEASURE_WITH_UNIT (LENGTH_MEASURE( 1.000000000000000082E-05 ), #4159, 'distance_accuracy_value', 'NONE');
#865 = EDGE_CURVE ( 'NONE', #2779, #703, #1176, .T. ) ;
#866 = CARTESIAN_POINT ( 'NONE',  ( -2.157664343138950613, 1.362500000000000488, -0.08749999999999999445 ) ) ;
#867 = ORIENTED_EDGE ( 'NONE', *, *, #2336, .F. ) ;
#868 = DIRECTION ( 'NONE',  ( -0.9945218953682734009, 0.000000000000000000, -0.1045284632676531100 ) ) ;
#869 = AXIS2_PLACEMENT_3D ( 'NONE', #1383, #3769, #2861 ) ;
#870 = FILL_AREA_STYLE_COLOUR ( '', #2647 ) ;
#871 = EDGE_CURVE ( 'NONE', #2118, #4420, #4263, .T. ) ;
#872 = ORIENTED_EDGE ( 'NONE', *, *, #824, .F. ) ;
#873 = VERTEX_POINT ( 'NONE', #3555 ) ;
#874 =( NAMED_UNIT ( * ) PLANE_ANGLE_UNIT ( ) SI_UNIT ( $, .RADIAN. ) );
#875 = CARTESIAN_POINT ( 'NONE',  ( -1.464999999999999636, 1.225049603465655501, -1.138250000000000206 ) ) ;
#876 = ORIENTED_EDGE ( 'NONE', *, *, #2391, .T. ) ;
#877 = STYLED_ITEM ( 'NONE', ( #2840 ), #2795 ) ;
#878 =( LENGTH_UNIT ( ) NAMED_UNIT ( * ) SI_UNIT ( .MILLI., .METRE. ) );
#879 = SURFACE_SIDE_STYLE ('',( #2292 ) ) ;
#880 = VERTEX_POINT ( 'NONE', #2447 ) ;
#881 = CARTESIAN_POINT ( 'NONE',  ( -2.071964169384203469, -1.249787704916317299, 1.159885853898029451 ) ) ;
#882 = SURFACE_SIDE_STYLE ('',( #1666 ) ) ;
#883 = FILL_AREA_STYLE_COLOUR ( '', #643 ) ;
#884 = PRESENTATION_STYLE_ASSIGNMENT (( #3691 ) ) ;
#885 = PRESENTATION_STYLE_ASSIGNMENT (( #210 ) ) ;
#886 = CARTESIAN_POINT ( 'NONE',  ( 2.074787704916319697, 1.219952048055270355, 1.159885853898029451 ) ) ;
#887 = VECTOR ( 'NONE', #3856, 1000.000000000000000 ) ;
#888 = PRESENTATION_LAYER_ASSIGNMENT (  '', '', ( #95 ) ) ;
#889 = ORIENTED_EDGE ( 'NONE', *, *, #4157, .F. ) ;
#890 = LINE ( 'NONE', #4442, #4369 ) ;
#891 = DIRECTION ( 'NONE',  ( 0.000000000000000000, 0.000000000000000000, -1.000000000000000000 ) ) ;
#892 = DIRECTION ( 'NONE',  ( 1.000000000000000000, 0.000000000000000000, 0.000000000000000000 ) ) ;
#893 = AXIS2_PLACEMENT_3D ( 'NONE', #4391, #460, #846 ) ;
#894 = AXIS2_PLACEMENT_3D ( 'NONE', #2223, #2587, #3647 ) ;
#895 = ORIENTED_EDGE ( 'NONE', *, *, #2102, .F. ) ;
#896 = SURFACE_SIDE_STYLE ('',( #4035 ) ) ;
#897 = ORIENTED_EDGE ( 'NONE', *, *, #1693, .F. ) ;
#898 = LINE ( 'NONE', #16, #2242 ) ;
#899 = DIRECTION ( 'NONE',  ( 0.000000000000000000, 0.000000000000000000, -1.000000000000000000 ) ) ;
#900 = AXIS2_PLACEMENT_3D ( 'NONE', #2919, #69, #1447 ) ;
#901 = EDGE_CURVE ( 'NONE', #2458, #3699, #2829, .T. ) ;
#902 = VECTOR ( 'NONE', #1535, 1000.000000000000000 ) ;
#903 = DIRECTION ( 'NONE',  ( -0.000000000000000000, -0.000000000000000000, 1.000000000000000000 ) ) ;
#904 = VERTEX_POINT ( 'NONE', #367 ) ;
#905 = LINE ( 'NONE', #551, #500 ) ;
#906 = SURFACE_STYLE_USAGE ( .BOTH. , #3417 ) ;
#907 = AXIS2_PLACEMENT_3D ( 'NONE', #1769, #3537, #2422 ) ;
#908 = PRESENTATION_STYLE_ASSIGNMENT (( #3443 ) ) ;
#909 = SURFACE_STYLE_USAGE ( .BOTH. , #4118 ) ;
#910 = UNCERTAINTY_MEASURE_WITH_UNIT (LENGTH_MEASURE( 1.000000000000000082E-05 ), #3746, 'distance_accuracy_value', 'NONE');
#911 = STYLED_ITEM ( 'NONE', ( #328 ), #3929 ) ;
#912 = ORIENTED_EDGE ( 'NONE', *, *, #1833, .F. ) ;
#913 = DIRECTION ( 'NONE',  ( -1.000000000000000000, -0.000000000000000000, -0.000000000000000000 ) ) ;
#914 = AXIS2_PLACEMENT_3D ( 'NONE', #2863, #3207, #733 ) ;
#915 = AXIS2_PLACEMENT_3D ( 'NONE', #1390, #4594, #36 ) ;
#916 = CARTESIAN_POINT ( 'NONE',  ( -2.349999999999999645, -1.000000000000000000, -1.313249999999999584 ) ) ;
#917 = UNCERTAINTY_MEASURE_WITH_UNIT (LENGTH_MEASURE( 1.000000000000000082E-05 ), #87, 'distance_accuracy_value', 'NONE');
#918 = PRESENTATION_STYLE_ASSIGNMENT (( #958 ) ) ;
#919 = EDGE_CURVE ( 'NONE', #2822, #2779, #3203, .T. ) ;
#920 = FACE_OUTER_BOUND ( 'NONE', #1632, .T. ) ;
#921 = ORIENTED_EDGE ( 'NONE', *, *, #956, .F. ) ;
#922 = DIRECTION ( 'NONE',  ( 0.000000000000000000, 1.000000000000000000, 0.000000000000000000 ) ) ;
#923 = EDGE_CURVE ( 'NONE', #2008, #3014, #4178, .T. ) ;
#924 = VECTOR ( 'NONE', #765, 1000.000000000000000 ) ;
#925 = DIRECTION ( 'NONE',  ( 0.000000000000000000, 0.9945218953682735119, 0.1045284632676525272 ) ) ;
#926 = VERTEX_POINT ( 'NONE', #657 ) ;
#927 =( NAMED_UNIT ( * ) SI_UNIT ( $, .STERADIAN. ) SOLID_ANGLE_UNIT ( ) );
#928 = FILL_AREA_STYLE ('',( #247 ) ) ;
#929 = SURFACE_STYLE_FILL_AREA ( #3785 ) ;
#930 = VECTOR ( 'NONE', #2220, 1000.000000000000000 ) ;
#931 = ADVANCED_FACE ( 'NONE', ( #3505 ), #1071, .T. ) ;
#932 = ORIENTED_EDGE ( 'NONE', *, *, #4186, .T. ) ;
#933 = SURFACE_STYLE_USAGE ( .BOTH. , #1718 ) ;
#934 = DIRECTION ( 'NONE',  ( 0.000000000000000000, 1.000000000000000000, 0.000000000000000000 ) ) ;
#935 = FILL_AREA_STYLE ('',( #2731 ) ) ;
#936 =( GEOMETRIC_REPRESENTATION_CONTEXT ( 3 ) GLOBAL_UNCERTAINTY_ASSIGNED_CONTEXT ( ( #2280 ) ) GLOBAL_UNIT_ASSIGNED_CONTEXT ( ( #3644, #1855, #1434 ) ) REPRESENTATION_CONTEXT ( 'NONE', 'WORKASPACE' ) );
#937 = ORIENTED_EDGE ( 'NONE', *, *, #315, .F. ) ;
#938 = ORIENTED_EDGE ( 'NONE', *, *, #2684, .F. ) ;
#939 = DIRECTION ( 'NONE',  ( 0.000000000000000000, 1.000000000000000000, 0.000000000000000000 ) ) ;
#940 = LINE ( 'NONE', #2384, #3399 ) ;
#941 = VECTOR ( 'NONE', #2410, 1000.000000000000114 ) ;
#942 = DIRECTION ( 'NONE',  ( -0.9945218953682734009, 0.000000000000000000, 0.1045284632676531100 ) ) ;
#943 = ORIENTED_EDGE ( 'NONE', *, *, #2139, .T. ) ;
#944 = AXIS2_PLACEMENT_3D ( 'NONE', #1967, #1570, #2316 ) ;
#945 = SURFACE_STYLE_USAGE ( .BOTH. , #4154 ) ;
#946 = CYLINDRICAL_SURFACE ( 'NONE', #1320, 0.1249999999999992645 ) ;
#947 = ADVANCED_FACE ( 'NONE', ( #3270 ), #2235, .T. ) ;
#948 = SURFACE_STYLE_FILL_AREA ( #2074 ) ;
#949 = DIRECTION ( 'NONE',  ( -0.000000000000000000, -1.000000000000000000, -0.000000000000000000 ) ) ;
#950 = UNCERTAINTY_MEASURE_WITH_UNIT (LENGTH_MEASURE( 1.000000000000000082E-05 ), #1477, 'distance_accuracy_value', 'NONE');
#951 = EDGE_CURVE ( 'NONE', #2164, #443, #3293, .T. ) ;
#952 = EDGE_LOOP ( 'NONE', ( #3268, #1121, #1120, #921 ) ) ;
#953 = FACE_OUTER_BOUND ( 'NONE', #4121, .T. ) ;
#954 = DIRECTION ( 'NONE',  ( 0.000000000000000000, -1.000000000000000000, -0.000000000000000000 ) ) ;
#955 = STYLED_ITEM ( 'NONE', ( #837 ), #728 ) ;
#956 = EDGE_CURVE ( 'NONE', #3044, #2845, #1430, .T. ) ;
#957 = MECHANICAL_DESIGN_GEOMETRIC_PRESENTATION_REPRESENTATION (  '', ( #26 ), #750 ) ;
#958 = SURFACE_STYLE_USAGE ( .BOTH. , #4165 ) ;
#959 = ORIENTED_EDGE ( 'NONE', *, *, #4352, .F. ) ;
#960 = COLOUR_RGB ( '',0.2862745098039215508, 0.2862745098039215508, 0.2862745098039215508 ) ;
#961 = CARTESIAN_POINT ( 'NONE',  ( -2.349999999999999645, 1.000000000000000000, -1.063249999999999584 ) ) ;
#962 = ORIENTED_EDGE ( 'NONE', *, *, #2597, .T. ) ;
#963 = SURFACE_STYLE_FILL_AREA ( #1285 ) ;
#964 = LINE ( 'NONE', #2824, #2913 ) ;
#965 = COLOUR_RGB ( '',0.2862745098039215508, 0.2862745098039215508, 0.2862745098039215508 ) ;
#966 =( GEOMETRIC_REPRESENTATION_CONTEXT ( 3 ) GLOBAL_UNCERTAINTY_ASSIGNED_CONTEXT ( ( #1549 ) ) GLOBAL_UNIT_ASSIGNED_CONTEXT ( ( #1767, #1107, #2927 ) ) REPRESENTATION_CONTEXT ( 'NONE', 'WORKASPACE' ) );
#967 = ORIENTED_EDGE ( 'NONE', *, *, #91, .F. ) ;
#968 = CIRCLE ( 'NONE', #4564, 0.03000000000000007869 ) ;
#969 =( LENGTH_UNIT ( ) NAMED_UNIT ( * ) SI_UNIT ( .MILLI., .METRE. ) );
#970 =( GEOMETRIC_REPRESENTATION_CONTEXT ( 3 ) GLOBAL_UNCERTAINTY_ASSIGNED_CONTEXT ( ( #320 ) ) GLOBAL_UNIT_ASSIGNED_CONTEXT ( ( #1620, #2721, #3466 ) ) REPRESENTATION_CONTEXT ( 'NONE', 'WORKASPACE' ) );
#971 = SURFACE_SIDE_STYLE ('',( #3575 ) ) ;
#972 = CARTESIAN_POINT ( 'NONE',  ( -1.607452048055268090, 1.219952048055269911, 1.186749999999999972 ) ) ;
#973 = AXIS2_PLACEMENT_3D ( 'NONE', #3228, #431, #1399 ) ;
#974 =( LENGTH_UNIT ( ) NAMED_UNIT ( * ) SI_UNIT ( .MILLI., .METRE. ) );
#975 = ADVANCED_FACE ( 'NONE', ( #1895 ), #477, .T. ) ;
#976 = SURFACE_STYLE_USAGE ( .BOTH. , #3071 ) ;
#977 = STYLED_ITEM ( 'NONE', ( #2302 ), #3840 ) ;
#978 = ADVANCED_FACE ( 'NONE', ( #3941 ), #1830, .T. ) ;
#979 = VERTEX_POINT ( 'NONE', #2715 ) ;
#980 = LINE ( 'NONE', #1028, #2299 ) ;
#981 =( BOUNDED_CURVE ( )  B_SPLINE_CURVE ( 3, ( #2490, #2929, #3094, #2265 ),
 .UNSPECIFIED., .F., .F. ) 
 B_SPLINE_CURVE_WITH_KNOTS ( ( 4, 4 ),
 ( 0.000000000000000000, 1.570796326794896558 ),
 .UNSPECIFIED. ) 
 CURVE ( )  GEOMETRIC_REPRESENTATION_ITEM ( )  RATIONAL_B_SPLINE_CURVE ( ( 1.000000000000000000, 0.8047378541243649375, 0.8047378541243649375, 1.000000000000000000 ) ) 
 REPRESENTATION_ITEM ( '' )  );
#982 = VECTOR ( 'NONE', #1318, 1000.000000000000000 ) ;
#983 = CARTESIAN_POINT ( 'NONE',  ( 2.187500000000001332, 1.332500000000000462, -0.08749999999999999445 ) ) ;
#984 =( GEOMETRIC_REPRESENTATION_CONTEXT ( 3 ) GLOBAL_UNCERTAINTY_ASSIGNED_CONTEXT ( ( #556 ) ) GLOBAL_UNIT_ASSIGNED_CONTEXT ( ( #3187, #4303, #1079 ) ) REPRESENTATION_CONTEXT ( 'NONE', 'WORKASPACE' ) );
#985 = AXIS2_PLACEMENT_3D ( 'NONE', #1931, #1162, #1604 ) ;
#986 = ORIENTED_EDGE ( 'NONE', *, *, #3255, .F. ) ;
#987 = VECTOR ( 'NONE', #580, 1000.000000000000000 ) ;
#988 = FILL_AREA_STYLE_COLOUR ( '', #1684 ) ;
#989 = ORIENTED_EDGE ( 'NONE', *, *, #4596, .T. ) ;
#990 = DIRECTION ( 'NONE',  ( 0.000000000000000000, 1.000000000000000000, 0.000000000000000000 ) ) ;
#991 = LINE ( 'NONE', #2509, #1646 ) ;
#992 =( GEOMETRIC_REPRESENTATION_CONTEXT ( 3 ) GLOBAL_UNCERTAINTY_ASSIGNED_CONTEXT ( ( #2371 ) ) GLOBAL_UNIT_ASSIGNED_CONTEXT ( ( #974, #682, #4440 ) ) REPRESENTATION_CONTEXT ( 'NONE', 'WORKASPACE' ) );
#993 =( LENGTH_UNIT ( ) NAMED_UNIT ( * ) SI_UNIT ( .MILLI., .METRE. ) );
#994 = DIRECTION ( 'NONE',  ( 0.000000000000000000, 0.9945218953682735119, 0.1045284632676525272 ) ) ;
#995 = ORIENTED_EDGE ( 'NONE', *, *, #3501, .F. ) ;
#996 = FACE_OUTER_BOUND ( 'NONE', #466, .T. ) ;
#997 =( LENGTH_UNIT ( ) NAMED_UNIT ( * ) SI_UNIT ( .MILLI., .METRE. ) );
#998 = DIRECTION ( 'NONE',  ( 1.000000000000000000, 0.000000000000000000, 0.000000000000000000 ) ) ;
#999 = CARTESIAN_POINT ( 'NONE',  ( 2.350000000000000089, 1.000000000000000000, -0.1624999999999997835 ) ) ;
#1000 = MECHANICAL_DESIGN_GEOMETRIC_PRESENTATION_REPRESENTATION (  '', ( #2725 ), #3029 ) ;
#1001 = DIRECTION ( 'NONE',  ( -1.000000000000000000, -0.000000000000000000, -0.000000000000000000 ) ) ;
#1002 = CARTESIAN_POINT ( 'NONE',  ( 2.187500000000001332, 1.000000000000000000, 0.08749999999999999445 ) ) ;
#1003 = SPHERICAL_SURFACE ( 'NONE', #838, 0.02999999999999999889 ) ;
#1004 = CARTESIAN_POINT ( 'NONE',  ( -2.425000000000000266, 1.000000000000000000, -1.013249999999999540 ) ) ;
#1005 = UNCERTAINTY_MEASURE_WITH_UNIT (LENGTH_MEASURE( 1.000000000000000082E-05 ), #2051, 'distance_accuracy_value', 'NONE');
#1006 = EDGE_CURVE ( 'NONE', #3958, #594, #1914, .T. ) ;
#1007 = VECTOR ( 'NONE', #2167, 1000.000000000000000 ) ;
#1008 = PRESENTATION_STYLE_ASSIGNMENT (( #2333 ) ) ;
#1009 = ORIENTED_EDGE ( 'NONE', *, *, #589, .T. ) ;
#1010 = EDGE_CURVE ( 'NONE', #3824, #4420, #4109, .T. ) ;
#1011 = ORIENTED_EDGE ( 'NONE', *, *, #2737, .F. ) ;
#1012 = DIRECTION ( 'NONE',  ( -0.000000000000000000, -1.000000000000000000, -0.000000000000000000 ) ) ;
#1013 =( BOUNDED_CURVE ( )  B_SPLINE_CURVE ( 3, ( #548, #2996, #3323, #4086 ),
 .UNSPECIFIED., .F., .F. ) 
 B_SPLINE_CURVE_WITH_KNOTS ( ( 4, 4 ),
 ( 2.361665139862974439, 3.921520167316626004 ),
 .UNSPECIFIED. ) 
 CURVE ( )  GEOMETRIC_REPRESENTATION_ITEM ( )  RATIONAL_B_SPLINE_CURVE ( ( 1.000000000000000000, 0.8073096761657789777, 0.8073096761657789777, 1.000000000000000000 ) ) 
 REPRESENTATION_ITEM ( '' )  );
#1014 =( NAMED_UNIT ( * ) SI_UNIT ( $, .STERADIAN. ) SOLID_ANGLE_UNIT ( ) );
#1015 = DIRECTION ( 'NONE',  ( -1.000000000000000000, -0.000000000000000000, -0.000000000000000000 ) ) ;
#1016 = VERTEX_POINT ( 'NONE', #2383 ) ;
#1017 = DIRECTION ( 'NONE',  ( 1.000000000000000000, 0.000000000000000000, 0.000000000000000000 ) ) ;
#1018 =( NAMED_UNIT ( * ) SI_UNIT ( $, .STERADIAN. ) SOLID_ANGLE_UNIT ( ) );
#1019 = AXIS2_PLACEMENT_3D ( 'NONE', #4141, #3558, #2749 ) ;
#1020 = DIRECTION ( 'NONE',  ( -1.000000000000000000, -0.000000000000000000, 0.000000000000000000 ) ) ;
#1021 = EDGE_CURVE ( 'NONE', #433, #190, #1108, .T. ) ;
#1022 = VECTOR ( 'NONE', #3497, 999.9999999999998863 ) ;
#1023 = FILL_AREA_STYLE ('',( #3906 ) ) ;
#1024 = DIRECTION ( 'NONE',  ( -0.000000000000000000, -1.000000000000000000, 0.000000000000000000 ) ) ;
#1025 =( NAMED_UNIT ( * ) PLANE_ANGLE_UNIT ( ) SI_UNIT ( $, .RADIAN. ) );
#1026 = DIRECTION ( 'NONE',  ( 0.000000000000000000, 1.000000000000000000, 0.000000000000000000 ) ) ;
#1027 = VERTEX_POINT ( 'NONE', #219 ) ;
#1028 = CARTESIAN_POINT ( 'NONE',  ( -2.071964169384203469, 1.219952048055270133, 1.186749999999999972 ) ) ;
#1029 = DIRECTION ( 'NONE',  ( -2.644395542647571766E-16, 0.000000000000000000, -1.000000000000000000 ) ) ;
#1030 = CARTESIAN_POINT ( 'NONE',  ( -2.187499999999999112, -1.362499999999999600, -0.08749999999999999445 ) ) ;
#1031 = ORIENTED_EDGE ( 'NONE', *, *, #2156, .F. ) ;
#1032 = CYLINDRICAL_SURFACE ( 'NONE', #3163, 0.03000000000000007869 ) ;
#1033 = EDGE_CURVE ( 'NONE', #1537, #3956, #173, .T. ) ;
#1034 = SURFACE_SIDE_STYLE ('',( #4257 ) ) ;
#1035 = CARTESIAN_POINT ( 'NONE',  ( -1.404999999999999583, 1.213871214864965076, -1.214605263157894743 ) ) ;
#1036 = AXIS2_PLACEMENT_3D ( 'NONE', #3743, #3822, #2056 ) ;
#1037 = STYLED_ITEM ( 'NONE', ( #1330 ), #766 ) ;
#1038 =( BOUNDED_CURVE ( )  B_SPLINE_CURVE ( 3, ( #783, #2909, #825, #4413 ),
 .UNSPECIFIED., .F., .F. ) 
 B_SPLINE_CURVE_WITH_KNOTS ( ( 4, 4 ),
 ( 5.503257793452767110, 7.063112820906419564 ),
 .UNSPECIFIED. ) 
 CURVE ( )  GEOMETRIC_REPRESENTATION_ITEM ( )  RATIONAL_B_SPLINE_CURVE ( ( 1.000000000000000000, 0.8073096761657787557, 0.8073096761657787557, 1.000000000000000000 ) ) 
 REPRESENTATION_ITEM ( '' )  );
#1039 = SURFACE_STYLE_FILL_AREA ( #2783 ) ;
#1040 =( NAMED_UNIT ( * ) PLANE_ANGLE_UNIT ( ) SI_UNIT ( $, .RADIAN. ) );
#1041 = FACE_OUTER_BOUND ( 'NONE', #3751, .T. ) ;
#1042 = ORIENTED_EDGE ( 'NONE', *, *, #3623, .F. ) ;
#1043 = AXIS2_PLACEMENT_3D ( 'NONE', #2689, #954, #4099 ) ;
#1044 = EDGE_CURVE ( 'NONE', #2785, #3400, #754, .T. ) ;
#1045 = CARTESIAN_POINT ( 'NONE',  ( 2.050049603465656123, 1.254885260326703555, -1.111385853898029463 ) ) ;
#1046 = CARTESIAN_POINT ( 'NONE',  ( -2.299999999999999822, 1.000000000000000000, -1.138249999999999318 ) ) ;
#1047 = COLOUR_RGB ( '',0.2862745098039215508, 0.2862745098039215508, 0.2862745098039215508 ) ;
#1048 = DIRECTION ( 'NONE',  ( -0.000000000000000000, -0.000000000000000000, 1.000000000000000000 ) ) ;
#1049 = AXIS2_PLACEMENT_3D ( 'NONE', #1771, #3951, #3584 ) ;
#1050 = CIRCLE ( 'NONE', #1780, 0.03000000000000007869 ) ;
#1051 = COLOUR_RGB ( '',0.8039215686274510109, 0.8039215686274510109, 0.8039215686274510109 ) ;
#1052 =( NAMED_UNIT ( * ) PLANE_ANGLE_UNIT ( ) SI_UNIT ( $, .RADIAN. ) );
#1053 = UNCERTAINTY_MEASURE_WITH_UNIT (LENGTH_MEASURE( 1.000000000000000082E-05 ), #3518, 'distance_accuracy_value', 'NONE');
#1054 = CIRCLE ( 'NONE', #3668, 0.02999999999999996073 ) ;
#1055 = DIRECTION ( 'NONE',  ( -0.000000000000000000, 0.000000000000000000, 1.000000000000000000 ) ) ;
#1056 = VERTEX_POINT ( 'NONE', #4066 ) ;
#1057 =( NAMED_UNIT ( * ) PLANE_ANGLE_UNIT ( ) SI_UNIT ( $, .RADIAN. ) );
#1058 = CARTESIAN_POINT ( 'NONE',  ( 1.404999999999999583, 1.213871214864965298, -1.214605263157894743 ) ) ;
#1059 = VECTOR ( 'NONE', #949, 1000.000000000000000 ) ;
#1060 = CARTESIAN_POINT ( 'NONE',  ( 1.434999999999999831, -1.222178446823690257, -1.151908615348427478 ) ) ;
#1061 = ORIENTED_EDGE ( 'NONE', *, *, #736, .F. ) ;
#1062 = ORIENTED_EDGE ( 'NONE', *, *, #1861, .F. ) ;
#1063 =( NAMED_UNIT ( * ) SI_UNIT ( $, .STERADIAN. ) SOLID_ANGLE_UNIT ( ) );
#1064 = AXIS2_PLACEMENT_3D ( 'NONE', #3868, #1356, #668 ) ;
#1065 = SURFACE_SIDE_STYLE ('',( #42 ) ) ;
#1066 = STYLED_ITEM ( 'NONE', ( #1093 ), #4181 ) ;
#1067 = EDGE_CURVE ( 'NONE', #1527, #433, #3045, .T. ) ;
#1068 = PRESENTATION_STYLE_ASSIGNMENT (( #1758 ) ) ;
#1069 = FILL_AREA_STYLE ('',( #744 ) ) ;
#1070 = EDGE_LOOP ( 'NONE', ( #1956, #2491, #810, #2667 ) ) ;
#1071 = CYLINDRICAL_SURFACE ( 'NONE', #3587, 0.03000000000000007869 ) ;
#1072 = VECTOR ( 'NONE', #3608, 1000.000000000000114 ) ;
#1073 = CARTESIAN_POINT ( 'NONE',  ( 1.434999999999999609, 1.213871214864965298, -1.244605263157894770 ) ) ;
#1074 = CARTESIAN_POINT ( 'NONE',  ( -1.607452048055268090, 1.219952048055269911, 1.186749999999999972 ) ) ;
#1075 = EDGE_CURVE ( 'NONE', #3084, #3180, #1235, .T. ) ;
#1076 =( LENGTH_UNIT ( ) NAMED_UNIT ( * ) SI_UNIT ( .MILLI., .METRE. ) );
#1077 = CARTESIAN_POINT ( 'NONE',  ( 2.157664343138952834, 1.362500000000000488, 0.08749999999999999445 ) ) ;
#1078 = PLANE ( 'NONE',  #2634 ) ;
#1079 =( NAMED_UNIT ( * ) SI_UNIT ( $, .STERADIAN. ) SOLID_ANGLE_UNIT ( ) );
#1080 = FILL_AREA_STYLE ('',( #2497 ) ) ;
#1081 = CIRCLE ( 'NONE', #208, 0.1249999999999998890 ) ;
#1082 = FILL_AREA_STYLE_COLOUR ( '', #2538 ) ;
#1083 =( LENGTH_UNIT ( ) NAMED_UNIT ( * ) SI_UNIT ( .MILLI., .METRE. ) );
#1084 = ORIENTED_EDGE ( 'NONE', *, *, #2042, .T. ) ;
#1085 = VERTEX_POINT ( 'NONE', #604 ) ;
#1086 = SURFACE_STYLE_USAGE ( .BOTH. , #64 ) ;
#1087 = DIRECTION ( 'NONE',  ( -0.000000000000000000, -1.000000000000000000, -0.000000000000000000 ) ) ;
#1088 = CARTESIAN_POINT ( 'NONE',  ( -2.044952048055268090, -1.219952048055269245, 1.176749999999999741 ) ) ;
#1089 = ORIENTED_EDGE ( 'NONE', *, *, #549, .F. ) ;
#1090 = SURFACE_SIDE_STYLE ('',( #3966 ) ) ;
#1091 = CARTESIAN_POINT ( 'NONE',  ( -2.187499999999999112, 1.362500000000000488, -0.08749999999999999445 ) ) ;
#1092 = CARTESIAN_POINT ( 'NONE',  ( 2.044952048055270755, -1.219952048055269245, 1.156749999999999723 ) ) ;
#1093 = PRESENTATION_STYLE_ASSIGNMENT (( #2469 ) ) ;
#1094 = EDGE_CURVE ( 'NONE', #2726, #3281, #3725, .T. ) ;
#1095 = DIRECTION ( 'NONE',  ( 0.000000000000000000, -0.1045284632676537068, -0.9945218953682734009 ) ) ;
#1096 = UNCERTAINTY_MEASURE_WITH_UNIT (LENGTH_MEASURE( 1.000000000000000082E-05 ), #3713, 'distance_accuracy_value', 'NONE');
#1097 = FACE_OUTER_BOUND ( 'NONE', #224, .T. ) ;
#1098 = DIRECTION ( 'NONE',  ( -1.000000000000000000, 0.000000000000000000, 0.000000000000000000 ) ) ;
#1099 = EDGE_CURVE ( 'NONE', #433, #904, #898, .T. ) ;
#1100 = DIRECTION ( 'NONE',  ( 0.000000000000000000, -1.000000000000000000, 0.000000000000000000 ) ) ;
#1101 = ORIENTED_EDGE ( 'NONE', *, *, #4347, .T. ) ;
#1102 = CYLINDRICAL_SURFACE ( 'NONE', #330, 0.03000000000000007869 ) ;
#1103 = CARTESIAN_POINT ( 'NONE',  ( -2.050049603465653902, -1.225049603465654613, -1.108249999999999957 ) ) ;
#1104 = ORIENTED_EDGE ( 'NONE', *, *, #3819, .T. ) ;
#1105 =( NAMED_UNIT ( * ) SI_UNIT ( $, .STERADIAN. ) SOLID_ANGLE_UNIT ( ) );
#1106 = FILL_AREA_STYLE ('',( #2899 ) ) ;
#1107 =( NAMED_UNIT ( * ) PLANE_ANGLE_UNIT ( ) SI_UNIT ( $, .RADIAN. ) );
#1108 = CIRCLE ( 'NONE', #2916, 0.03000000000000007869 ) ;
#1109 = DIRECTION ( 'NONE',  ( 0.1039620511844979306, 0.1039620511844979306, 0.9891328443778538704 ) ) ;
#1110 = PRESENTATION_STYLE_ASSIGNMENT (( #2609 ) ) ;
#1111 = AXIS2_PLACEMENT_3D ( 'NONE', #2024, #4567, #2369 ) ;
#1112 = AXIS2_PLACEMENT_3D ( 'NONE', #845, #860, #2977 ) ;
#1113 = VECTOR ( 'NONE', #2227, 1000.000000000000000 ) ;
#1114 = EDGE_CURVE ( 'NONE', #2290, #1484, #2063, .T. ) ;
#1115 = CARTESIAN_POINT ( 'NONE',  ( 2.187500000000001332, -1.362499999999999600, 0.08749999999999999445 ) ) ;
#1116 = VECTOR ( 'NONE', #1695, 1000.000000000000000 ) ;
#1117 = COLOUR_RGB ( '',0.2862745098039215508, 0.2862745098039215508, 0.2862745098039215508 ) ;
#1118 = EDGE_CURVE ( 'NONE', #3622, #583, #2087, .T. ) ;
#1119 = CARTESIAN_POINT ( 'NONE',  ( 2.300000000000000711, 1.000000000000000000, -0.2124999999999992450 ) ) ;
#1120 = ORIENTED_EDGE ( 'NONE', *, *, #1685, .F. ) ;
#1121 = ORIENTED_EDGE ( 'NONE', *, *, #1342, .F. ) ;
#1122 = SURFACE_STYLE_USAGE ( .BOTH. , #106 ) ;
#1123 = AXIS2_PLACEMENT_3D ( 'NONE', #1191, #2289, #539 ) ;
#1124 = ORIENTED_EDGE ( 'NONE', *, *, #2737, .T. ) ;
#1125 = AXIS2_PLACEMENT_3D ( 'NONE', #3053, #3421, #2295 ) ;
#1126 = FILL_AREA_STYLE ('',( #4357 ) ) ;
#1127 = EDGE_LOOP ( 'NONE', ( #157, #3863, #447, #3291 ) ) ;
#1128 = CARTESIAN_POINT ( 'NONE',  ( 1.429852813742385376, -1.254885260326702223, -1.111385853898029685 ) ) ;
#1129 = CARTESIAN_POINT ( 'NONE',  ( -1.434999999999999609, -1.248579006210762232, -1.171385853898029517 ) ) ;
#1130 =( LENGTH_UNIT ( ) NAMED_UNIT ( * ) SI_UNIT ( .MILLI., .METRE. ) );
#1131 = FILL_AREA_STYLE ('',( #480 ) ) ;
#1132 = CARTESIAN_POINT ( 'NONE',  ( 1.447426406871192617, 1.225049603465655501, -1.138249999999999984 ) ) ;
#1133 = STYLED_ITEM ( 'NONE', ( #2342 ), #4367 ) ;
#1134 = COLOUR_RGB ( '',0.8039215686274510109, 0.8039215686274510109, 0.8039215686274510109 ) ;
#1135 = DIRECTION ( 'NONE',  ( -1.000000000000000000, -0.000000000000000000, -0.000000000000000000 ) ) ;
#1136 = UNCERTAINTY_MEASURE_WITH_UNIT (LENGTH_MEASURE( 1.000000000000000082E-05 ), #1947, 'distance_accuracy_value', 'NONE');
#1137 =( GEOMETRIC_REPRESENTATION_CONTEXT ( 3 ) GLOBAL_UNCERTAINTY_ASSIGNED_CONTEXT ( ( #236 ) ) GLOBAL_UNIT_ASSIGNED_CONTEXT ( ( #4136, #1966, #927 ) ) REPRESENTATION_CONTEXT ( 'NONE', 'WORKASPACE' ) );
#1138 = COLOUR_RGB ( '',0.8039215686274510109, 0.8039215686274510109, 0.8039215686274510109 ) ;
#1139 = SURFACE_STYLE_USAGE ( .BOTH. , #4276 ) ;
#1140 = DIRECTION ( 'NONE',  ( 0.000000000000000000, 0.000000000000000000, 1.000000000000000000 ) ) ;
#1141 = SURFACE_STYLE_USAGE ( .BOTH. , #2613 ) ;
#1142 = ORIENTED_EDGE ( 'NONE', *, *, #4289, .T. ) ;
#1143 = VERTEX_POINT ( 'NONE', #1513 ) ;
#1144 =( NAMED_UNIT ( * ) PLANE_ANGLE_UNIT ( ) SI_UNIT ( $, .RADIAN. ) );
#1145 = ADVANCED_FACE ( 'NONE', ( #2259 ), #1536, .T. ) ;
#1146 = AXIS2_PLACEMENT_3D ( 'NONE', #3595, #3960, #360 ) ;
#1147 = VERTEX_POINT ( 'NONE', #3085 ) ;
#1148 = DIRECTION ( 'NONE',  ( 0.000000000000000000, -0.000000000000000000, 1.000000000000000000 ) ) ;
#1149 = SURFACE_STYLE_FILL_AREA ( #4014 ) ;
#1150 = ORIENTED_EDGE ( 'NONE', *, *, #4436, .T. ) ;
#1151 = SURFACE_STYLE_USAGE ( .BOTH. , #1915 ) ;
#1152 = EDGE_CURVE ( 'NONE', #151, #2961, #4246, .T. ) ;
#1153 = ORIENTED_EDGE ( 'NONE', *, *, #4051, .F. ) ;
#1154 = PRESENTATION_STYLE_ASSIGNMENT (( #504 ) ) ;
#1155 = EDGE_CURVE ( 'NONE', #4292, #2105, #4451, .T. ) ;
#1156 =( GEOMETRIC_REPRESENTATION_CONTEXT ( 3 ) GLOBAL_UNCERTAINTY_ASSIGNED_CONTEXT ( ( #3672 ) ) GLOBAL_UNIT_ASSIGNED_CONTEXT ( ( #1076, #4298, #1765 ) ) REPRESENTATION_CONTEXT ( 'NONE', 'WORKASPACE' ) );
#1157 = FILL_AREA_STYLE_COLOUR ( '', #2561 ) ;
#1158 = FILL_AREA_STYLE ('',( #4393 ) ) ;
#1159 = CARTESIAN_POINT ( 'NONE',  ( 2.187822467004187033, -1.332986810143137024, 0.08443193139771706934 ) ) ;
#1160 = ORIENTED_EDGE ( 'NONE', *, *, #3588, .T. ) ;
#1161 = ORIENTED_EDGE ( 'NONE', *, *, #1021, .T. ) ;
#1162 = DIRECTION ( 'NONE',  ( -0.1039620511844960016, -0.1039620511844990408, 0.9891328443778540924 ) ) ;
#1163 = ORIENTED_EDGE ( 'NONE', *, *, #3216, .T. ) ;
#1164 = EDGE_CURVE ( 'NONE', #2845, #2118, #3015, .T. ) ;
#1165 = CYLINDRICAL_SURFACE ( 'NONE', #81, 0.2499999999999997780 ) ;
#1166 = SURFACE_STYLE_USAGE ( .BOTH. , #2602 ) ;
#1167 = ORIENTED_EDGE ( 'NONE', *, *, #4074, .T. ) ;
#1168 = DIRECTION ( 'NONE',  ( 1.000000000000000000, 0.000000000000000000, 0.000000000000000000 ) ) ;
#1169 = FILL_AREA_STYLE_COLOUR ( '', #960 ) ;
#1170 = SURFACE_STYLE_FILL_AREA ( #4385 ) ;
#1171 = DIRECTION ( 'NONE',  ( 0.000000000000000000, -1.000000000000000000, 0.000000000000000000 ) ) ;
#1172 = SURFACE_SIDE_STYLE ('',( #3971 ) ) ;
#1173 = DIRECTION ( 'NONE',  ( 0.000000000000000000, 0.000000000000000000, 1.000000000000000000 ) ) ;
#1174 = CIRCLE ( 'NONE', #2988, 0.02999999999999996073 ) ;
#1175 = CARTESIAN_POINT ( 'NONE',  ( -1.434999999999999609, -1.213871214864964410, -1.244605263157894770 ) ) ;
#1176 = CIRCLE ( 'NONE', #3808, 0.1249999999999992506 ) ;
#1177 = FACE_OUTER_BOUND ( 'NONE', #4055, .T. ) ;
#1178 = PRESENTATION_STYLE_ASSIGNMENT (( #1141 ) ) ;
#1179 = UNCERTAINTY_MEASURE_WITH_UNIT (LENGTH_MEASURE( 1.000000000000000082E-05 ), #2584, 'distance_accuracy_value', 'NONE');
#1180 = VECTOR ( 'NONE', #3088, 1000.000000000000000 ) ;
#1181 = SURFACE_SIDE_STYLE ('',( #2283 ) ) ;
#1182 = STYLED_ITEM ( 'NONE', ( #884 ), #1246 ) ;
#1183 = ORIENTED_EDGE ( 'NONE', *, *, #148, .T. ) ;
#1184 = CARTESIAN_POINT ( 'NONE',  ( -2.350000000000000533, 1.000000000000000000, 0.08750000000000057732 ) ) ;
#1185 = PLANE ( 'NONE',  #4414 ) ;
#1186 = UNCERTAINTY_MEASURE_WITH_UNIT (LENGTH_MEASURE( 1.000000000000000082E-05 ), #2301, 'distance_accuracy_value', 'NONE');
#1187 = AXIS2_PLACEMENT_3D ( 'NONE', #3530, #3572, #364 ) ;
#1188 = ORIENTED_EDGE ( 'NONE', *, *, #4251, .T. ) ;
#1189 = ORIENTED_EDGE ( 'NONE', *, *, #404, .F. ) ;
#1190 = FACE_OUTER_BOUND ( 'NONE', #3820, .T. ) ;
#1191 = CARTESIAN_POINT ( 'NONE',  ( 1.404999999999999583, 1.213871214864965076, -1.214605263157894743 ) ) ;
#1192 = ORIENTED_EDGE ( 'NONE', *, *, #4541, .T. ) ;
#1193 =( NAMED_UNIT ( * ) SI_UNIT ( $, .STERADIAN. ) SOLID_ANGLE_UNIT ( ) );
#1194 = SURFACE_STYLE_USAGE ( .BOTH. , #3385 ) ;
#1195 = ADVANCED_FACE ( 'NONE', ( #4490 ), #4217, .T. ) ;
#1196 = DIRECTION ( 'NONE',  ( 0.1039620511844960293, 0.1039620511844967787, -0.9891328443778542034 ) ) ;
#1197 = VERTEX_POINT ( 'NONE', #520 ) ;
#1198 = CARTESIAN_POINT ( 'NONE',  ( 2.187500000000001332, 1.000000000000000000, 0.08749999999999999445 ) ) ;
#1199 = VECTOR ( 'NONE', #596, 1000.000000000000114 ) ;
#1200 = SURFACE_STYLE_USAGE ( .BOTH. , #4433 ) ;
#1201 =( LENGTH_UNIT ( ) NAMED_UNIT ( * ) SI_UNIT ( .MILLI., .METRE. ) );
#1202 = ADVANCED_FACE ( 'NONE', ( #920 ), #582, .F. ) ;
#1203 = DIRECTION ( 'NONE',  ( 0.000000000000000000, 0.000000000000000000, -1.000000000000000000 ) ) ;
#1204 = DIRECTION ( 'NONE',  ( -1.000000000000000000, 0.000000000000000000, 0.000000000000000000 ) ) ;
#1205 = COLOUR_RGB ( '',0.8039215686274510109, 0.8039215686274510109, 0.8039215686274510109 ) ;
#1206 = ADVANCED_FACE ( 'NONE', ( #2888 ), #3259, .F. ) ;
#1207 = PRESENTATION_LAYER_ASSIGNMENT (  '', '', ( #2801 ) ) ;
#1208 = ORIENTED_EDGE ( 'NONE', *, *, #951, .F. ) ;
#1209 = SURFACE_SIDE_STYLE ('',( #3772 ) ) ;
#1210 = SURFACE_SIDE_STYLE ('',( #4444 ) ) ;
#1211 = PLANE ( 'NONE',  #1019 ) ;
#1212 = ORIENTED_EDGE ( 'NONE', *, *, #589, .F. ) ;
#1213 = EDGE_LOOP ( 'NONE', ( #4096, #785, #763, #581, #78, #4422, #327, #3645 ) ) ;
#1214 = VECTOR ( 'NONE', #1661, 1000.000000000000000 ) ;
#1215 = LINE ( 'NONE', #3046, #135 ) ;
#1216 =( GEOMETRIC_REPRESENTATION_CONTEXT ( 3 ) GLOBAL_UNCERTAINTY_ASSIGNED_CONTEXT ( ( #417 ) ) GLOBAL_UNIT_ASSIGNED_CONTEXT ( ( #313, #1364, #1993 ) ) REPRESENTATION_CONTEXT ( 'NONE', 'WORKASPACE' ) );
#1217 = CARTESIAN_POINT ( 'NONE',  ( -2.187500000000001332, 1.000000000000000000, 0.08750000000000053568 ) ) ;
#1218 = SURFACE_STYLE_FILL_AREA ( #4456 ) ;
#1219 = ORIENTED_EDGE ( 'NONE', *, *, #2708, .F. ) ;
#1220 = DIRECTION ( 'NONE',  ( 0.000000000000000000, 0.000000000000000000, -1.000000000000000000 ) ) ;
#1221 = SURFACE_STYLE_USAGE ( .BOTH. , #3024 ) ;
#1222 = FILL_AREA_STYLE ('',( #1243 ) ) ;
#1223 = CARTESIAN_POINT ( 'NONE',  ( -2.044952048055268090, -1.219952048055269245, 1.176749999999999741 ) ) ;
#1224 = ADVANCED_FACE ( 'NONE', ( #1097 ), #394, .T. ) ;
#1225 = DIRECTION ( 'NONE',  ( 1.000000000000000000, -0.000000000000000000, -0.000000000000000000 ) ) ;
#1226 = DIRECTION ( 'NONE',  ( -0.000000000000000000, -1.000000000000000000, -0.000000000000000000 ) ) ;
#1227 = UNCERTAINTY_MEASURE_WITH_UNIT (LENGTH_MEASURE( 1.000000000000000082E-05 ), #2478, 'distance_accuracy_value', 'NONE');
#1228 = ORIENTED_EDGE ( 'NONE', *, *, #573, .F. ) ;
#1229 = FILL_AREA_STYLE ('',( #4397 ) ) ;
#1230 = DIRECTION ( 'NONE',  ( 0.000000000000000000, 1.000000000000000000, 0.000000000000000000 ) ) ;
#1231 = AXIS2_PLACEMENT_3D ( 'NONE', #961, #1299, #1355 ) ;
#1232 = EDGE_LOOP ( 'NONE', ( #4125, #1418, #1273 ) ) ;
#1233 = CARTESIAN_POINT ( 'NONE',  ( -1.434999999999999831, 1.222178446823691145, -1.151908615348427478 ) ) ;
#1234 = EDGE_LOOP ( 'NONE', ( #238, #1823, #3288, #2285, #4261, #356 ) ) ;
#1235 = LINE ( 'NONE', #4106, #1629 ) ;
#1236 = AXIS2_PLACEMENT_3D ( 'NONE', #2440, #3155, #1357 ) ;
#1237 = DIRECTION ( 'NONE',  ( 0.000000000000000000, -1.000000000000000000, -0.000000000000000000 ) ) ;
#1238 = FACE_OUTER_BOUND ( 'NONE', #4549, .T. ) ;
#1239 =( NAMED_UNIT ( * ) PLANE_ANGLE_UNIT ( ) SI_UNIT ( $, .RADIAN. ) );
#1240 = SURFACE_SIDE_STYLE ('',( #4476 ) ) ;
#1241 = DIRECTION ( 'NONE',  ( 1.000000000000000000, 0.000000000000000000, 0.000000000000000000 ) ) ;
#1242 = DIRECTION ( 'NONE',  ( -0.1039620511844979306, -0.1039620511844979306, -0.9891328443778538704 ) ) ;
#1243 = FILL_AREA_STYLE_COLOUR ( '', #3446 ) ;
#1244 =( LENGTH_UNIT ( ) NAMED_UNIT ( * ) SI_UNIT ( .MILLI., .METRE. ) );
#1245 = AXIS2_PLACEMENT_3D ( 'NONE', #2144, #2516, #1307 ) ;
#1246 = ADVANCED_FACE ( 'NONE', ( #2104 ), #347, .F. ) ;
#1247 = AXIS2_PLACEMENT_3D ( 'NONE', #1058, #758, #3933 ) ;
#1248 = ORIENTED_EDGE ( 'NONE', *, *, #3139, .F. ) ;
#1249 =( GEOMETRIC_REPRESENTATION_CONTEXT ( 3 ) GLOBAL_UNCERTAINTY_ASSIGNED_CONTEXT ( ( #4245 ) ) GLOBAL_UNIT_ASSIGNED_CONTEXT ( ( #432, #1870, #3267 ) ) REPRESENTATION_CONTEXT ( 'NONE', 'WORKASPACE' ) );
#1250 = VECTOR ( 'NONE', #206, 999.9999999999998863 ) ;
#1251 = ADVANCED_FACE ( 'NONE', ( #1521 ), #1547, .T. ) ;
#1252 = COLOUR_RGB ( '',0.2862745098039215508, 0.2862745098039215508, 0.2862745098039215508 ) ;
#1253 = PRESENTATION_LAYER_ASSIGNMENT (  '', '', ( #2406 ) ) ;
#1254 = ORIENTED_EDGE ( 'NONE', *, *, #2819, .F. ) ;
#1255 =( NAMED_UNIT ( * ) SI_UNIT ( $, .STERADIAN. ) SOLID_ANGLE_UNIT ( ) );
#1256 =( NAMED_UNIT ( * ) SI_UNIT ( $, .STERADIAN. ) SOLID_ANGLE_UNIT ( ) );
#1257 = ORIENTED_EDGE ( 'NONE', *, *, #2518, .F. ) ;
#1258 = DIRECTION ( 'NONE',  ( 1.000000000000000000, 0.000000000000000000, 0.000000000000000000 ) ) ;
#1259 =( NAMED_UNIT ( * ) PLANE_ANGLE_UNIT ( ) SI_UNIT ( $, .RADIAN. ) );
#1260 = VECTOR ( 'NONE', #2794, 1000.000000000000000 ) ;
#1261 = EDGE_CURVE ( 'NONE', #449, #1371, #3073, .T. ) ;
#1262 = SURFACE_STYLE_USAGE ( .BOTH. , #3781 ) ;
#1263 = AXIS2_PLACEMENT_3D ( 'NONE', #1103, #3266, #2553 ) ;
#1264 = CARTESIAN_POINT ( 'NONE',  ( -2.050049603465653902, -1.225049603465654613, -1.108249999999999957 ) ) ;
#1265 = ORIENTED_EDGE ( 'NONE', *, *, #1509, .F. ) ;
#1266 = DIRECTION ( 'NONE',  ( 0.9945218953682734009, 0.000000000000000000, -0.1045284632676537068 ) ) ;
#1267 = STYLED_ITEM ( 'NONE', ( #885 ), #1907 ) ;
#1268 = CARTESIAN_POINT ( 'NONE',  ( -2.175085373081351747, -1.362404244550522447, -0.08840981203789710641 ) ) ;
#1269 = SURFACE_STYLE_USAGE ( .BOTH. , #3423 ) ;
#1270 =( LENGTH_UNIT ( ) NAMED_UNIT ( * ) SI_UNIT ( .MILLI., .METRE. ) );
#1271 = UNCERTAINTY_MEASURE_WITH_UNIT (LENGTH_MEASURE( 1.000000000000000082E-05 ), #4470, 'distance_accuracy_value', 'NONE');
#1272 = COLOUR_RGB ( '',0.2862745098039215508, 0.2862745098039215508, 0.2862745098039215508 ) ;
#1273 = ORIENTED_EDGE ( 'NONE', *, *, #1044, .F. ) ;
#1274 = FILL_AREA_STYLE_COLOUR ( '', #1876 ) ;
#1275 = VECTOR ( 'NONE', #3675, 1000.000000000000114 ) ;
#1276 = CARTESIAN_POINT ( 'NONE',  ( 2.157500000000001084, 1.362500000000000488, -0.08749999999999999445 ) ) ;
#1277 = LINE ( 'NONE', #2729, #310 ) ;
#1278 =( GEOMETRIC_REPRESENTATION_CONTEXT ( 3 ) GLOBAL_UNCERTAINTY_ASSIGNED_CONTEXT ( ( #4059 ) ) GLOBAL_UNIT_ASSIGNED_CONTEXT ( ( #4384, #241, #855 ) ) REPRESENTATION_CONTEXT ( 'NONE', 'WORKASPACE' ) );
#1279 = ORIENTED_EDGE ( 'NONE', *, *, #2576, .F. ) ;
#1280 = VERTEX_POINT ( 'NONE', #1883 ) ;
#1281 = CIRCLE ( 'NONE', #2804, 0.02999999999999996073 ) ;
#1282 = ORIENTED_EDGE ( 'NONE', *, *, #2433, .F. ) ;
#1283 = EDGE_CURVE ( 'NONE', #1888, #301, #968, .T. ) ;
#1284 = CARTESIAN_POINT ( 'NONE',  ( -2.187499999999999112, 1.362500000000000488, 0.08749999999999999445 ) ) ;
#1285 = FILL_AREA_STYLE ('',( #3065 ) ) ;
#1286 = CARTESIAN_POINT ( 'NONE',  ( 2.044952048055270755, 1.219952048055270133, 1.156749999999999723 ) ) ;
#1287 = EDGE_LOOP ( 'NONE', ( #37, #322, #3389, #2554 ) ) ;
#1288 = DIRECTION ( 'NONE',  ( 1.000000000000000000, 0.000000000000000000, 0.000000000000000000 ) ) ;
#1289 = SURFACE_STYLE_USAGE ( .BOTH. , #3807 ) ;
#1290 = PRESENTATION_STYLE_ASSIGNMENT (( #4519 ) ) ;
#1291 = FILL_AREA_STYLE_COLOUR ( '', #1432 ) ;
#1292 = CARTESIAN_POINT ( 'NONE',  ( 1.404999999999999583, 1.248579006210763120, -1.171385853898029517 ) ) ;
#1293 = SURFACE_SIDE_STYLE ('',( #2723 ) ) ;
#1294 = CARTESIAN_POINT ( 'NONE',  ( 1.479999999999999538, 1.000000000000000000, -1.138249999999999984 ) ) ;
#1295 = FACE_OUTER_BOUND ( 'NONE', #563, .T. ) ;
#1296 = EDGE_LOOP ( 'NONE', ( #804, #2060, #2817, #1965 ) ) ;
#1297 = ORIENTED_EDGE ( 'NONE', *, *, #2597, .F. ) ;
#1298 = EDGE_LOOP ( 'NONE', ( #4312, #4162, #1419, #493 ) ) ;
#1299 = DIRECTION ( 'NONE',  ( -0.000000000000000000, 1.000000000000000000, 0.000000000000000000 ) ) ;
#1300 = VERTEX_POINT ( 'NONE', #1223 ) ;
#1301 =( NAMED_UNIT ( * ) PLANE_ANGLE_UNIT ( ) SI_UNIT ( $, .RADIAN. ) );
#1302 = VECTOR ( 'NONE', #1325, 1000.000000000000000 ) ;
#1303 = ADVANCED_FACE ( 'NONE', ( #1177 ), #3649, .F. ) ;
#1304 = CYLINDRICAL_SURFACE ( 'NONE', #3297, 0.02999999999999996766 ) ;
#1305 = ORIENTED_EDGE ( 'NONE', *, *, #4347, .F. ) ;
#1306 =( GEOMETRIC_REPRESENTATION_CONTEXT ( 3 ) GLOBAL_UNCERTAINTY_ASSIGNED_CONTEXT ( ( #2563 ) ) GLOBAL_UNIT_ASSIGNED_CONTEXT ( ( #3185, #3997, #4102 ) ) REPRESENTATION_CONTEXT ( 'NONE', 'WORKASPACE' ) );
#1307 = DIRECTION ( 'NONE',  ( 0.000000000000000000, 0.000000000000000000, 1.000000000000000000 ) ) ;
#1308 = DIRECTION ( 'NONE',  ( 1.000000000000000000, 0.000000000000000000, -2.492418787323000223E-16 ) ) ;
#1309 = DIRECTION ( 'NONE',  ( -0.000000000000000000, -1.000000000000000000, -0.000000000000000000 ) ) ;
#1310 = EDGE_CURVE ( 'NONE', #2256, #2650, #2452, .T. ) ;
#1311 = SURFACE_SIDE_STYLE ('',( #3812 ) ) ;
#1312 = MANIFOLD_SOLID_BREP ( 'Boss-Extrude4[1]', #4058 ) ;
#1313 = LINE ( 'NONE', #685, #2335 ) ;
#1314 = PLANE ( 'NONE',  #168 ) ;
#1315 = UNCERTAINTY_MEASURE_WITH_UNIT (LENGTH_MEASURE( 1.000000000000000082E-05 ), #3839, 'distance_accuracy_value', 'NONE');
#1316 = VERTEX_POINT ( 'NONE', #1647 ) ;
#1317 =( GEOMETRIC_REPRESENTATION_CONTEXT ( 3 ) GLOBAL_UNCERTAINTY_ASSIGNED_CONTEXT ( ( #4 ) ) GLOBAL_UNIT_ASSIGNED_CONTEXT ( ( #214, #3059, #3038 ) ) REPRESENTATION_CONTEXT ( 'NONE', 'WORKASPACE' ) );
#1318 = DIRECTION ( 'NONE',  ( -1.000000000000000000, -0.000000000000000000, 2.492418787322999730E-16 ) ) ;
#1319 = SURFACE_STYLE_FILL_AREA ( #4145 ) ;
#1320 = AXIS2_PLACEMENT_3D ( 'NONE', #4137, #2294, #4112 ) ;
#1321 = STYLED_ITEM ( 'NONE', ( #300 ), #3387 ) ;
#1322 = EDGE_LOOP ( 'NONE', ( #1279, #4591, #3566 ) ) ;
#1323 = ORIENTED_EDGE ( 'NONE', *, *, #1337, .F. ) ;
#1324 = VECTOR ( 'NONE', #1739, 1000.000000000000000 ) ;
#1325 = DIRECTION ( 'NONE',  ( -0.000000000000000000, -0.000000000000000000, 1.000000000000000000 ) ) ;
#1326 =( BOUNDED_SURFACE ( )  B_SPLINE_SURFACE ( 3, 2, ( 
 ( #3546, #4224, #1701 ),
 ( #2506, #12, #695 ),
 ( #3151, #4282, #1060 ),
 ( #720, #4574, #2456 ) ),
 .UNSPECIFIED., .F., .F., .F. ) 
 B_SPLINE_SURFACE_WITH_KNOTS ( ( 4, 4 ),
 ( 3, 3 ),
 ( 0.000000000000000000, 1.570796326794896558 ),
 ( 0.000000000000000000, 1.000000000000000000 ),
 .UNSPECIFIED. ) 
 GEOMETRIC_REPRESENTATION_ITEM ( )  RATIONAL_B_SPLINE_SURFACE ( (
 ( 1.000000000000000000, 0.7431448254773939111, 1.000000000000000000),
 ( 1.000000000000000000, 0.7436208661149376065, 1.000000000000000000),
 ( 1.000000000000000000, 0.7268735113059110464, 1.000000000000000000),
 ( 1.000000000000000000, 0.7071067811865475727, 1.000000000000000000) ) ) 
 REPRESENTATION_ITEM ( '' )  SURFACE ( )  );
#1327 = VERTEX_POINT ( 'NONE', #1292 ) ;
#1328 = PRESENTATION_STYLE_ASSIGNMENT (( #1732 ) ) ;
#1329 = PRESENTATION_STYLE_ASSIGNMENT (( #2040 ) ) ;
#1330 = PRESENTATION_STYLE_ASSIGNMENT (( #4554 ) ) ;
#1331 = MECHANICAL_DESIGN_GEOMETRIC_PRESENTATION_REPRESENTATION (  '', ( #3150 ), #3592 ) ;
#1332 = LINE ( 'NONE', #2091, #3641 ) ;
#1333 = DIRECTION ( 'NONE',  ( 0.000000000000000000, -0.1045284632676536929, 0.9945218953682732899 ) ) ;
#1334 = ORIENTED_EDGE ( 'NONE', *, *, #4588, .F. ) ;
#1335 = CARTESIAN_POINT ( 'NONE',  ( 2.300000000000000711, -1.000000000000000000, -0.2124999999999992450 ) ) ;
#1336 = DIRECTION ( 'NONE',  ( 0.000000000000000000, 0.000000000000000000, -1.000000000000000000 ) ) ;
#1337 = EDGE_CURVE ( 'NONE', #2877, #600, #2767, .T. ) ;
#1338 = CARTESIAN_POINT ( 'NONE',  ( -2.349999999999999645, -1.000000000000000000, -1.063249999999999584 ) ) ;
#1339 = PRESENTATION_STYLE_ASSIGNMENT (( #2766 ) ) ;
#1340 = FILL_AREA_STYLE ('',( #3420 ) ) ;
#1341 = PRESENTATION_STYLE_ASSIGNMENT (( #3144 ) ) ;
#1342 = EDGE_CURVE ( 'NONE', #3083, #2331, #3469, .T. ) ;
#1343 = PRESENTATION_STYLE_ASSIGNMENT (( #909 ) ) ;
#1344 = PRESENTATION_LAYER_ASSIGNMENT (  '', '', ( #1267 ) ) ;
#1345 = CARTESIAN_POINT ( 'NONE',  ( -1.433328814899648584, 1.250277334767677662, -1.155227337044513192 ) ) ;
#1346 = VERTEX_POINT ( 'NONE', #3101 ) ;
#1347 = EDGE_CURVE ( 'NONE', #2546, #4395, #1717, .T. ) ;
#1348 =( NAMED_UNIT ( * ) PLANE_ANGLE_UNIT ( ) SI_UNIT ( $, .RADIAN. ) );
#1349 = PRESENTATION_LAYER_ASSIGNMENT (  '', '', ( #772 ) ) ;
#1350 =( NAMED_UNIT ( * ) SI_UNIT ( $, .STERADIAN. ) SOLID_ANGLE_UNIT ( ) );
#1351 = PRESENTATION_LAYER_ASSIGNMENT (  '', '', ( #1133 ) ) ;
#1352 =( NAMED_UNIT ( * ) PLANE_ANGLE_UNIT ( ) SI_UNIT ( $, .RADIAN. ) );
#1353 = VERTEX_POINT ( 'NONE', #4522 ) ;
#1354 =( GEOMETRIC_REPRESENTATION_CONTEXT ( 3 ) GLOBAL_UNCERTAINTY_ASSIGNED_CONTEXT ( ( #4481 ) ) GLOBAL_UNIT_ASSIGNED_CONTEXT ( ( #1083, #1352, #2844 ) ) REPRESENTATION_CONTEXT ( 'NONE', 'WORKASPACE' ) );
#1355 = DIRECTION ( 'NONE',  ( 0.000000000000000000, 0.000000000000000000, -1.000000000000000000 ) ) ;
#1356 = DIRECTION ( 'NONE',  ( 0.000000000000000000, -1.000000000000000000, 0.000000000000000000 ) ) ;
#1357 = DIRECTION ( 'NONE',  ( -1.000000000000000000, 0.000000000000000000, 0.000000000000000000 ) ) ;
#1358 =( LENGTH_UNIT ( ) NAMED_UNIT ( * ) SI_UNIT ( .MILLI., .METRE. ) );
#1359 = PRESENTATION_LAYER_ASSIGNMENT (  '', '', ( #1950 ) ) ;
#1360 = COLOUR_RGB ( '',0.2862745098039215508, 0.2862745098039215508, 0.2862745098039215508 ) ;
#1361 = FACE_OUTER_BOUND ( 'NONE', #2624, .T. ) ;
#1362 = ORIENTED_EDGE ( 'NONE', *, *, #1936, .T. ) ;
#1363 = CARTESIAN_POINT ( 'NONE',  ( 2.349999999999999645, 1.000000000000000000, -1.063250000000000250 ) ) ;
#1364 =( NAMED_UNIT ( * ) PLANE_ANGLE_UNIT ( ) SI_UNIT ( $, .RADIAN. ) );
#1365 = DIRECTION ( 'NONE',  ( 0.000000000000000000, 0.000000000000000000, 1.000000000000000000 ) ) ;
#1366 = DIRECTION ( 'NONE',  ( -1.000000000000000000, 0.000000000000000000, 0.000000000000000000 ) ) ;
#1367 = SURFACE_SIDE_STYLE ('',( #2424 ) ) ;
#1368 = UNCERTAINTY_MEASURE_WITH_UNIT (LENGTH_MEASURE( 1.000000000000000082E-05 ), #4048, 'distance_accuracy_value', 'NONE');
#1369 = ADVANCED_FACE ( 'NONE', ( #4160 ), #4214, .T. ) ;
#1370 = MECHANICAL_DESIGN_GEOMETRIC_PRESENTATION_REPRESENTATION (  '', ( #3256 ), #1820 ) ;
#1371 = VERTEX_POINT ( 'NONE', #407 ) ;
#1372 = LINE ( 'NONE', #3564, #4127 ) ;
#1373 = EDGE_LOOP ( 'NONE', ( #1704, #1850, #3265, #635 ) ) ;
#1374 = FACE_OUTER_BOUND ( 'NONE', #4277, .T. ) ;
#1375 =( NAMED_UNIT ( * ) SI_UNIT ( $, .STERADIAN. ) SOLID_ANGLE_UNIT ( ) );
#1376 = APPLICATION_CONTEXT ( 'automotive_design' ) ;
#1377 = LINE ( 'NONE', #2809, #4475 ) ;
#1378 = PRESENTATION_STYLE_ASSIGNMENT (( #4602 ) ) ;
#1379 = ORIENTED_EDGE ( 'NONE', *, *, #3139, .T. ) ;
#1380 = CARTESIAN_POINT ( 'NONE',  ( -1.429852813742385376, -1.254885260326702223, -1.111385853898029685 ) ) ;
#1381 = CARTESIAN_POINT ( 'NONE',  ( -1.432317204379273790, -1.254885256351445211, -1.111385891720079622 ) ) ;
#1382 = CARTESIAN_POINT ( 'NONE',  ( 2.187500000000001332, -1.332499999999999574, -0.08749999999999999445 ) ) ;
#1383 = CARTESIAN_POINT ( 'NONE',  ( -2.044952048055268534, -1.219952048055269245, 1.156749999999999723 ) ) ;
#1384 =( LENGTH_UNIT ( ) NAMED_UNIT ( * ) SI_UNIT ( .MILLI., .METRE. ) );
#1385 = SURFACE_STYLE_USAGE ( .BOTH. , #2906 ) ;
#1386 = ORIENTED_EDGE ( 'NONE', *, *, #1033, .T. ) ;
#1387 = CARTESIAN_POINT ( 'NONE',  ( 1.404999999999999583, 1.248579006210763120, -1.171385853898029517 ) ) ;
#1388 = CARTESIAN_POINT ( 'NONE',  ( -1.404999999999999583, -1.248579006210762232, -1.171385853898029517 ) ) ;
#1389 = EDGE_CURVE ( 'NONE', #2181, #2256, #3135, .T. ) ;
#1390 = CARTESIAN_POINT ( 'NONE',  ( -2.044952048055268534, -1.219952048055269467, 1.156749999999999723 ) ) ;
#1391 = ORIENTED_EDGE ( 'NONE', *, *, #626, .F. ) ;
#1392 = ORIENTED_EDGE ( 'NONE', *, *, #1713, .T. ) ;
#1393 = LINE ( 'NONE', #2482, #3464 ) ;
#1394 = FILL_AREA_STYLE_COLOUR ( '', #3674 ) ;
#1395 = CARTESIAN_POINT ( 'NONE',  ( 0.000000000000000000, 0.000000000000000000, -1.244605263157894770 ) ) ;
#1396 = EDGE_CURVE ( 'NONE', #1959, #1016, #3372, .T. ) ;
#1397 = COLOUR_RGB ( '',0.2862745098039215508, 0.2862745098039215508, 0.2862745098039215508 ) ;
#1398 = VECTOR ( 'NONE', #312, 1000.000000000000000 ) ;
#1399 = DIRECTION ( 'NONE',  ( 0.000000000000000000, -0.9945218953682735119, 0.1045284632676525272 ) ) ;
#1400 = ORIENTED_EDGE ( 'NONE', *, *, #287, .T. ) ;
#1401 = DIRECTION ( 'NONE',  ( 0.000000000000000000, 0.000000000000000000, 1.000000000000000000 ) ) ;
#1402 = VECTOR ( 'NONE', #3356, 1000.000000000000000 ) ;
#1403 = CARTESIAN_POINT ( 'NONE',  ( -1.434999999999999609, 1.213871214864965298, -1.214605263157894743 ) ) ;
#1404 = MECHANICAL_DESIGN_GEOMETRIC_PRESENTATION_REPRESENTATION (  '', ( #3910 ), #966 ) ;
#1405 = SURFACE_STYLE_FILL_AREA ( #2304 ) ;
#1406 = PRESENTATION_LAYER_ASSIGNMENT (  '', '', ( #3660 ) ) ;
#1407 = VECTOR ( 'NONE', #3557, 1000.000000000000000 ) ;
#1408 = DIRECTION ( 'NONE',  ( 0.000000000000000000, -0.000000000000000000, -1.000000000000000000 ) ) ;
#1409 =( LENGTH_UNIT ( ) NAMED_UNIT ( * ) SI_UNIT ( .MILLI., .METRE. ) );
#1410 = DIRECTION ( 'NONE',  ( -1.000000000000000000, 0.000000000000000000, 0.000000000000000000 ) ) ;
#1411 = SURFACE_STYLE_USAGE ( .BOTH. , #3145 ) ;
#1412 = UNCERTAINTY_MEASURE_WITH_UNIT (LENGTH_MEASURE( 1.000000000000000082E-05 ), #499, 'distance_accuracy_value', 'NONE');
#1413 =( GEOMETRIC_REPRESENTATION_CONTEXT ( 3 ) GLOBAL_UNCERTAINTY_ASSIGNED_CONTEXT ( ( #3862 ) ) GLOBAL_UNIT_ASSIGNED_CONTEXT ( ( #4240, #4587, #2016 ) ) REPRESENTATION_CONTEXT ( 'NONE', 'WORKASPACE' ) );
#1414 = DIRECTION ( 'NONE',  ( -0.1039620511844979445, -0.1039620511844979445, -0.9891328443778539814 ) ) ;
#1415 = DIRECTION ( 'NONE',  ( -1.000000000000000000, 0.000000000000000000, 2.644395542647571766E-16 ) ) ;
#1416 = CIRCLE ( 'NONE', #3237, 0.03000000000000007869 ) ;
#1417 = SURFACE_STYLE_USAGE ( .BOTH. , #326 ) ;
#1418 = ORIENTED_EDGE ( 'NONE', *, *, #4193, .T. ) ;
#1419 = ORIENTED_EDGE ( 'NONE', *, *, #2488, .T. ) ;
#1420 = FILL_AREA_STYLE ('',( #3262 ) ) ;
#1421 = LINE ( 'NONE', #3849, #3533 ) ;
#1422 = COLOUR_RGB ( '',0.2862745098039215508, 0.2862745098039215508, 0.2862745098039215508 ) ;
#1423 =( NAMED_UNIT ( * ) PLANE_ANGLE_UNIT ( ) SI_UNIT ( $, .RADIAN. ) );
#1424 = VECTOR ( 'NONE', #3654, 1000.000000000000000 ) ;
#1425 = STYLED_ITEM ( 'NONE', ( #918 ), #11 ) ;
#1426 = ADVANCED_FACE ( 'NONE', ( #1041 ), #1304, .T. ) ;
#1427 = SURFACE_SIDE_STYLE ('',( #2037 ) ) ;
#1428 = VERTEX_POINT ( 'NONE', #2784 ) ;
#1429 = DIRECTION ( 'NONE',  ( 0.000000000000000000, 1.000000000000000000, 0.000000000000000000 ) ) ;
#1430 = LINE ( 'NONE', #2897, #3953 ) ;
#1431 =( GEOMETRIC_REPRESENTATION_CONTEXT ( 3 ) GLOBAL_UNCERTAINTY_ASSIGNED_CONTEXT ( ( #3225 ) ) GLOBAL_UNIT_ASSIGNED_CONTEXT ( ( #4366, #2293, #439 ) ) REPRESENTATION_CONTEXT ( 'NONE', 'WORKASPACE' ) );
#1432 = COLOUR_RGB ( '',0.2862745098039215508, 0.2862745098039215508, 0.2862745098039215508 ) ;
#1433 = CARTESIAN_POINT ( 'NONE',  ( -2.600000000000000089, -1.000000000000000000, -0.1624999999999991729 ) ) ;
#1434 =( NAMED_UNIT ( * ) SI_UNIT ( $, .STERADIAN. ) SOLID_ANGLE_UNIT ( ) );
#1435 = EDGE_CURVE ( 'NONE', #1147, #4148, #4233, .T. ) ;
#1436 = CARTESIAN_POINT ( 'NONE',  ( -1.447426406871192617, -1.225049603465654835, -1.138249999999999984 ) ) ;
#1437 = DIRECTION ( 'NONE',  ( -0.000000000000000000, -1.000000000000000000, 0.000000000000000000 ) ) ;
#1438 = FACE_OUTER_BOUND ( 'NONE', #1232, .T. ) ;
#1439 =( NAMED_UNIT ( * ) SI_UNIT ( $, .STERADIAN. ) SOLID_ANGLE_UNIT ( ) );
#1440 = DIRECTION ( 'NONE',  ( 1.000000000000000000, 0.000000000000000000, -0.000000000000000000 ) ) ;
#1441 = FACE_OUTER_BOUND ( 'NONE', #1442, .T. ) ;
#1442 = EDGE_LOOP ( 'NONE', ( #83, #2672, #2750, #3854 ) ) ;
#1443 = CARTESIAN_POINT ( 'NONE',  ( -2.187499999999999112, -1.362499999999999600, 0.08749999999999999445 ) ) ;
#1444 = MECHANICAL_DESIGN_GEOMETRIC_PRESENTATION_REPRESENTATION (  '', ( #2129 ), #4232 ) ;
#1445 = DIRECTION ( 'NONE',  ( 0.000000000000000000, 0.000000000000000000, -1.000000000000000000 ) ) ;
#1446 = SURFACE_STYLE_USAGE ( .BOTH. , #494 ) ;
#1447 = DIRECTION ( 'NONE',  ( -1.000000000000000000, 4.956352788505164254E-16, 0.000000000000000000 ) ) ;
#1448 = ORIENTED_EDGE ( 'NONE', *, *, #1600, .F. ) ;
#1449 = FACE_OUTER_BOUND ( 'NONE', #1977, .T. ) ;
#1450 = EDGE_CURVE ( 'NONE', #1527, #79, #3448, .T. ) ;
#1451 =( NAMED_UNIT ( * ) SI_UNIT ( $, .STERADIAN. ) SOLID_ANGLE_UNIT ( ) );
#1452 = AXIS2_PLACEMENT_3D ( 'NONE', #796, #813, #3969 ) ;
#1453 = CARTESIAN_POINT ( 'NONE',  ( -1.434999999999999609, 1.182602593280118741, -1.512106324897292797 ) ) ;
#1454 = UNCERTAINTY_MEASURE_WITH_UNIT (LENGTH_MEASURE( 1.000000000000000082E-05 ), #3586, 'distance_accuracy_value', 'NONE');
#1455 = EDGE_CURVE ( 'NONE', #2961, #3281, #2444, .T. ) ;
#1456 = VECTOR ( 'NONE', #3092, 1000.000000000000000 ) ;
#1457 = STYLED_ITEM ( 'NONE', ( #3607 ), #2690 ) ;
#1458 =( LENGTH_UNIT ( ) NAMED_UNIT ( * ) SI_UNIT ( .MILLI., .METRE. ) );
#1459 = VERTEX_POINT ( 'NONE', #673 ) ;
#1460 = SURFACE_STYLE_USAGE ( .BOTH. , #2892 ) ;
#1461 = PRESENTATION_STYLE_ASSIGNMENT (( #700 ) ) ;
#1462 = VERTEX_POINT ( 'NONE', #4174 ) ;
#1463 = CARTESIAN_POINT ( 'NONE',  ( -2.044952048055268090, -1.219952048055269245, 1.156749999999999723 ) ) ;
#1464 = SURFACE_SIDE_STYLE ('',( #1708 ) ) ;
#1465 = EDGE_LOOP ( 'NONE', ( #2966, #3798, #1265 ) ) ;
#1466 = DIRECTION ( 'NONE',  ( -1.000000000000000000, 0.000000000000000000, 0.000000000000000000 ) ) ;
#1467 = PRESENTATION_STYLE_ASSIGNMENT (( #411 ) ) ;
#1468 = VECTOR ( 'NONE', #2064, 1000.000000000000000 ) ;
#1469 = AXIS2_PLACEMENT_3D ( 'NONE', #1728, #821, #4371 ) ;
#1470 = LINE ( 'NONE', #27, #4046 ) ;
#1471 = ADVANCED_FACE ( 'NONE', ( #2045 ), #269, .T. ) ;
#1472 = DIRECTION ( 'NONE',  ( -1.000000000000000000, 0.000000000000000000, -1.486905836551544385E-14 ) ) ;
#1473 =( BOUNDED_CURVE ( )  B_SPLINE_CURVE ( 3, ( #1996, #1268, #4076, #2700 ),
 .UNSPECIFIED., .F., .T. ) 
 B_SPLINE_CURVE_WITH_KNOTS ( ( 4, 4 ),
 ( 5.503257793452752900, 7.063112820906405354 ),
 .UNSPECIFIED. ) 
 CURVE ( )  GEOMETRIC_REPRESENTATION_ITEM ( )  RATIONAL_B_SPLINE_CURVE ( ( 1.000000000000000000, 0.8073096761657787557, 0.8073096761657787557, 1.000000000000000000 ) ) 
 REPRESENTATION_ITEM ( '' )  );
#1474 = LINE ( 'NONE', #2661, #538 ) ;
#1475 = AXIS2_PLACEMENT_3D ( 'NONE', #160, #2589, #2957 ) ;
#1476 = PRESENTATION_LAYER_ASSIGNMENT (  '', '', ( #3517 ) ) ;
#1477 =( LENGTH_UNIT ( ) NAMED_UNIT ( * ) SI_UNIT ( .MILLI., .METRE. ) );
#1478 = ADVANCED_FACE ( 'NONE', ( #2386 ), #2415, .F. ) ;
#1479 = LINE ( 'NONE', #2889, #2496 ) ;
#1480 = VECTOR ( 'NONE', #1015, 1000.000000000000000 ) ;
#1481 = DIRECTION ( 'NONE',  ( -1.000000000000000000, -0.000000000000000000, 1.204669080539456739E-16 ) ) ;
#1482 = CARTESIAN_POINT ( 'NONE',  ( -1.434999999999999609, 1.243706871726013130, -1.217741117055924249 ) ) ;
#1483 = EDGE_CURVE ( 'NONE', #3229, #3777, #1710, .T. ) ;
#1484 = VERTEX_POINT ( 'NONE', #791 ) ;
#1485 = LINE ( 'NONE', #3633, #4057 ) ;
#1486 =( LENGTH_UNIT ( ) NAMED_UNIT ( * ) SI_UNIT ( .MILLI., .METRE. ) );
#1487 = AXIS2_PLACEMENT_3D ( 'NONE', #1115, #1098, #2565 ) ;
#1488 = COLOUR_RGB ( '',0.2862745098039215508, 0.2862745098039215508, 0.2862745098039215508 ) ;
#1489 = EDGE_LOOP ( 'NONE', ( #1510, #526, #2110, #3463, #218, #3659, #425, #2528 ) ) ;
#1490 =( GEOMETRIC_REPRESENTATION_CONTEXT ( 3 ) GLOBAL_UNCERTAINTY_ASSIGNED_CONTEXT ( ( #2614 ) ) GLOBAL_UNIT_ASSIGNED_CONTEXT ( ( #3197, #40, #1014 ) ) REPRESENTATION_CONTEXT ( 'NONE', 'WORKASPACE' ) );
#1491 = ORIENTED_EDGE ( 'NONE', *, *, #4012, .T. ) ;
#1492 =( GEOMETRIC_REPRESENTATION_CONTEXT ( 3 ) GLOBAL_UNCERTAINTY_ASSIGNED_CONTEXT ( ( #2128 ) ) GLOBAL_UNIT_ASSIGNED_CONTEXT ( ( #1622, #1925, #4525 ) ) REPRESENTATION_CONTEXT ( 'NONE', 'WORKASPACE' ) );
#1493 = CARTESIAN_POINT ( 'NONE',  ( -2.187499999999999112, -1.362499999999999600, 0.08749999999999999445 ) ) ;
#1494 = SURFACE_SIDE_STYLE ('',( #453 ) ) ;
#1495 = AXIS2_PLACEMENT_3D ( 'NONE', #1528, #2984, #868 ) ;
#1496 = PRESENTATION_LAYER_ASSIGNMENT (  '', '', ( #3021 ) ) ;
#1497 =( GEOMETRIC_REPRESENTATION_CONTEXT ( 3 ) GLOBAL_UNCERTAINTY_ASSIGNED_CONTEXT ( ( #864 ) ) GLOBAL_UNIT_ASSIGNED_CONTEXT ( ( #4159, #2393, #1716 ) ) REPRESENTATION_CONTEXT ( 'NONE', 'WORKASPACE' ) );
#1498 = SURFACE_STYLE_USAGE ( .BOTH. , #117 ) ;
#1499 = CARTESIAN_POINT ( 'NONE',  ( 1.404999999999999805, 1.252273124344110311, -1.136238667640415034 ) ) ;
#1500 = LINE ( 'NONE', #4389, #1250 ) ;
#1501 = UNCERTAINTY_MEASURE_WITH_UNIT (LENGTH_MEASURE( 1.000000000000000082E-05 ), #3480, 'distance_accuracy_value', 'NONE');
#1502 =( LENGTH_UNIT ( ) NAMED_UNIT ( * ) SI_UNIT ( .MILLI., .METRE. ) );
#1503 = ADVANCED_FACE ( 'NONE', ( #2141 ), #1827, .T. ) ;
#1504 = STYLED_ITEM ( 'NONE', ( #1461 ), #3276 ) ;
#1505 = ORIENTED_EDGE ( 'NONE', *, *, #2245, .T. ) ;
#1506 = VERTEX_POINT ( 'NONE', #4336 ) ;
#1507 = UNCERTAINTY_MEASURE_WITH_UNIT (LENGTH_MEASURE( 1.000000000000000082E-05 ), #969, 'distance_accuracy_value', 'NONE');
#1508 = MECHANICAL_DESIGN_GEOMETRIC_PRESENTATION_REPRESENTATION (  '', ( #3552 ), #436 ) ;
#1509 = EDGE_CURVE ( 'NONE', #2845, #1506, #3519, .T. ) ;
#1510 = ORIENTED_EDGE ( 'NONE', *, *, #3081, .F. ) ;
#1511 = FACE_OUTER_BOUND ( 'NONE', #172, .T. ) ;
#1512 = CYLINDRICAL_SURFACE ( 'NONE', #2709, 0.03000000000000007869 ) ;
#1513 = CARTESIAN_POINT ( 'NONE',  ( 2.079885260326704621, 1.225049603465655501, -1.111385853898029463 ) ) ;
#1514 = ORIENTED_EDGE ( 'NONE', *, *, #2126, .F. ) ;
#1515 =( NAMED_UNIT ( * ) PLANE_ANGLE_UNIT ( ) SI_UNIT ( $, .RADIAN. ) );
#1516 = SURFACE_STYLE_USAGE ( .BOTH. , #3640 ) ;
#1517 = LINE ( 'NONE', #4405, #1588 ) ;
#1518 = DIRECTION ( 'NONE',  ( 0.000000000000000000, 0.000000000000000000, -1.000000000000000000 ) ) ;
#1519 = FILL_AREA_STYLE ('',( #140 ) ) ;
#1520 = DIRECTION ( 'NONE',  ( 0.000000000000000000, 0.000000000000000000, -1.000000000000000000 ) ) ;
#1521 = FACE_OUTER_BOUND ( 'NONE', #541, .T. ) ;
#1522 = PLANE ( 'NONE',  #1487 ) ;
#1523 = CIRCLE ( 'NONE', #1231, 0.2500000000000002220 ) ;
#1524 = CARTESIAN_POINT ( 'NONE',  ( 1.464999999999999636, 1.225049603465655501, -1.138249999999999984 ) ) ;
#1525 = CARTESIAN_POINT ( 'NONE',  ( 2.299999999999999822, -1.000000000000000000, -1.138249999999999984 ) ) ;
#1526 = VECTOR ( 'NONE', #3325, 1000.000000000000000 ) ;
#1527 = VERTEX_POINT ( 'NONE', #3963 ) ;
#1528 = CARTESIAN_POINT ( 'NONE',  ( 2.157986810143138534, -1.332986810143137024, 0.08129607749968745245 ) ) ;
#1529 = ADVANCED_FACE ( 'NONE', ( #2190 ), #3621, .F. ) ;
#1530 =( NAMED_UNIT ( * ) SI_UNIT ( $, .STERADIAN. ) SOLID_ANGLE_UNIT ( ) );
#1531 = STYLED_ITEM ( 'NONE', ( #1343 ), #3670 ) ;
#1532 = ORIENTED_EDGE ( 'NONE', *, *, #1572, .T. ) ;
#1533 = ORIENTED_EDGE ( 'NONE', *, *, #3616, .T. ) ;
#1534 = DIRECTION ( 'NONE',  ( -0.000000000000000000, -1.000000000000000000, -0.000000000000000000 ) ) ;
#1535 = DIRECTION ( 'NONE',  ( -1.000000000000000000, 4.956352788505164254E-16, -0.000000000000000000 ) ) ;
#1536 = PLANE ( 'NONE',  #823 ) ;
#1537 = VERTEX_POINT ( 'NONE', #196 ) ;
#1538 = DIRECTION ( 'NONE',  ( -0.000000000000000000, -1.000000000000000000, -0.000000000000000000 ) ) ;
#1539 = DIRECTION ( 'NONE',  ( 0.000000000000000000, 0.000000000000000000, -1.000000000000000000 ) ) ;
#1540 = CARTESIAN_POINT ( 'NONE',  ( -2.050049603465653902, -1.225049603465654613, -1.108249999999999957 ) ) ;
#1541 = ORIENTED_EDGE ( 'NONE', *, *, #1337, .T. ) ;
#1542 = ADVANCED_FACE ( 'NONE', ( #2233 ), #3042, .T. ) ;
#1543 = CARTESIAN_POINT ( 'NONE',  ( 2.187500000000001332, -1.225049603465654613, -1.108249999999999957 ) ) ;
#1544 = PRESENTATION_LAYER_ASSIGNMENT (  '', '', ( #955 ) ) ;
#1545 = SURFACE_STYLE_USAGE ( .BOTH. , #92 ) ;
#1546 = COLOUR_RGB ( '',0.2862745098039215508, 0.2862745098039215508, 0.2862745098039215508 ) ;
#1547 = CYLINDRICAL_SURFACE ( 'NONE', #4498, 0.03000000000000018277 ) ;
#1548 = DIRECTION ( 'NONE',  ( -0.000000000000000000, -1.000000000000000000, -0.000000000000000000 ) ) ;
#1549 = UNCERTAINTY_MEASURE_WITH_UNIT (LENGTH_MEASURE( 1.000000000000000082E-05 ), #1767, 'distance_accuracy_value', 'NONE');
#1550 = AXIS2_PLACEMENT_3D ( 'NONE', #2651, #3064, #4131 ) ;
#1551 = AXIS2_PLACEMENT_3D ( 'NONE', #1770, #2835, #2453 ) ;
#1552 = FILL_AREA_STYLE ('',( #3468 ) ) ;
#1553 =( GEOMETRIC_REPRESENTATION_CONTEXT ( 3 ) GLOBAL_UNCERTAINTY_ASSIGNED_CONTEXT ( ( #950 ) ) GLOBAL_UNIT_ASSIGNED_CONTEXT ( ( #1477, #3931, #58 ) ) REPRESENTATION_CONTEXT ( 'NONE', 'WORKASPACE' ) );
#1554 = PRESENTATION_LAYER_ASSIGNMENT (  '', '', ( #3599 ) ) ;
#1555 = ORIENTED_EDGE ( 'NONE', *, *, #1842, .T. ) ;
#1556 = SURFACE_STYLE_USAGE ( .BOTH. , #165 ) ;
#1557 = UNCERTAINTY_MEASURE_WITH_UNIT (LENGTH_MEASURE( 1.000000000000000082E-05 ), #2230, 'distance_accuracy_value', 'NONE');
#1558 = ORIENTED_EDGE ( 'NONE', *, *, #3588, .F. ) ;
#1559 = ORIENTED_EDGE ( 'NONE', *, *, #3911, .F. ) ;
#1560 = CARTESIAN_POINT ( 'NONE',  ( -2.425000000000000266, 1.000000000000000000, -1.013249999999999540 ) ) ;
#1561 = ORIENTED_EDGE ( 'NONE', *, *, #824, .T. ) ;
#1562 = PRESENTATION_LAYER_ASSIGNMENT (  '', '', ( #3605 ) ) ;
#1563 = AXIS2_PLACEMENT_3D ( 'NONE', #2204, #1440, #142 ) ;
#1564 = EDGE_CURVE ( 'NONE', #1428, #1346, #4064, .T. ) ;
#1565 = DIRECTION ( 'NONE',  ( -0.000000000000000000, 1.000000000000000000, -0.000000000000000000 ) ) ;
#1566 = CARTESIAN_POINT ( 'NONE',  ( -2.187499999999999112, 1.332664343138952434, 0.08749999999999999445 ) ) ;
#1567 = ORIENTED_EDGE ( 'NONE', *, *, #817, .F. ) ;
#1568 = CARTESIAN_POINT ( 'NONE',  ( 2.350000000000000533, 1.000000000000000000, 0.08750000000000000833 ) ) ;
#1569 = COLOUR_RGB ( '',0.2862745098039215508, 0.2862745098039215508, 0.2862745098039215508 ) ;
#1570 = DIRECTION ( 'NONE',  ( -0.1039620511844979445, -0.1039620511844979445, 0.9891328443778539814 ) ) ;
#1571 = DIRECTION ( 'NONE',  ( 0.000000000000000000, -0.1045284632676537068, -0.9945218953682734009 ) ) ;
#1572 = EDGE_CURVE ( 'NONE', #2594, #3783, #2332, .T. ) ;
#1573 = MECHANICAL_DESIGN_GEOMETRIC_PRESENTATION_REPRESENTATION (  '', ( #4443 ), #2184 ) ;
#1574 = SURFACE_SIDE_STYLE ('',( #862 ) ) ;
#1575 = CYLINDRICAL_SURFACE ( 'NONE', #3458, 0.03000000000000007869 ) ;
#1576 = STYLED_ITEM ( 'NONE', ( #2272 ), #4299 ) ;
#1577 = DIRECTION ( 'NONE',  ( 0.000000000000000000, 0.000000000000000000, -1.000000000000000000 ) ) ;
#1578 = VECTOR ( 'NONE', #1366, 1000.000000000000000 ) ;
#1579 = AXIS2_PLACEMENT_3D ( 'NONE', #3624, #450, #1829 ) ;
#1580 = ORIENTED_EDGE ( 'NONE', *, *, #3171, .F. ) ;
#1581 = CARTESIAN_POINT ( 'NONE',  ( -2.044952048055268090, 1.219952048055270133, 1.176749999999999741 ) ) ;
#1582 = DIRECTION ( 'NONE',  ( 1.204669080539456739E-16, -0.000000000000000000, 1.000000000000000000 ) ) ;
#1583 =( NAMED_UNIT ( * ) SI_UNIT ( $, .STERADIAN. ) SOLID_ANGLE_UNIT ( ) );
#1584 = ORIENTED_EDGE ( 'NONE', *, *, #844, .F. ) ;
#1585 =( LENGTH_UNIT ( ) NAMED_UNIT ( * ) SI_UNIT ( .MILLI., .METRE. ) );
#1586 = CARTESIAN_POINT ( 'NONE',  ( -1.448658615958702489, 1.225049599490402930, -1.138250000000000206 ) ) ;
#1587 = ORIENTED_EDGE ( 'NONE', *, *, #3567, .F. ) ;
#1588 = VECTOR ( 'NONE', #3642, 1000.000000000000000 ) ;
#1589 = SURFACE_STYLE_USAGE ( .BOTH. , #1987 ) ;
#1590 = CARTESIAN_POINT ( 'NONE',  ( -2.187499999999999112, 1.000000000000000000, -0.08749999999999999445 ) ) ;
#1591 = COLOUR_RGB ( '',0.2862745098039215508, 0.2862745098039215508, 0.2862745098039215508 ) ;
#1592 = DIRECTION ( 'NONE',  ( 0.1045284632676537068, 0.000000000000000000, -0.9945218953682734009 ) ) ;
#1593 = FILL_AREA_STYLE ('',( #4496 ) ) ;
#1594 = FILL_AREA_STYLE ('',( #203 ) ) ;
#1595 = PRESENTATION_STYLE_ASSIGNMENT (( #1221 ) ) ;
#1596 = DIRECTION ( 'NONE',  ( 0.000000000000000000, -0.1045284632676537068, 0.9945218953682734009 ) ) ;
#1597 = ADVANCED_FACE ( 'NONE', ( #472 ), #1512, .T. ) ;
#1598 = DIRECTION ( 'NONE',  ( -0.000000000000000000, 0.000000000000000000, 1.000000000000000000 ) ) ;
#1599 = DIRECTION ( 'NONE',  ( 0.000000000000000000, 0.000000000000000000, 1.000000000000000000 ) ) ;
#1600 = EDGE_CURVE ( 'NONE', #4582, #2290, #1470, .T. ) ;
#1601 = FACE_OUTER_BOUND ( 'NONE', #2983, .T. ) ;
#1602 = UNCERTAINTY_MEASURE_WITH_UNIT (LENGTH_MEASURE( 1.000000000000000082E-05 ), #859, 'distance_accuracy_value', 'NONE');
#1603 = ORIENTED_EDGE ( 'NONE', *, *, #207, .T. ) ;
#1604 = DIRECTION ( 'NONE',  ( 0.000000000000000000, -0.9945218953682735119, -0.1045284632676525272 ) ) ;
#1605 =( GEOMETRIC_REPRESENTATION_CONTEXT ( 3 ) GLOBAL_UNCERTAINTY_ASSIGNED_CONTEXT ( ( #1179 ) ) GLOBAL_UNIT_ASSIGNED_CONTEXT ( ( #2584, #839, #4387 ) ) REPRESENTATION_CONTEXT ( 'NONE', 'WORKASPACE' ) );
#1606 = EDGE_CURVE ( 'NONE', #3867, #3622, #2862, .T. ) ;
#1607 =( LENGTH_UNIT ( ) NAMED_UNIT ( * ) SI_UNIT ( .MILLI., .METRE. ) );
#1608 =( NAMED_UNIT ( * ) SI_UNIT ( $, .STERADIAN. ) SOLID_ANGLE_UNIT ( ) );
#1609 =( NAMED_UNIT ( * ) SI_UNIT ( $, .STERADIAN. ) SOLID_ANGLE_UNIT ( ) );
#1610 = VERTEX_POINT ( 'NONE', #1077 ) ;
#1611 = CARTESIAN_POINT ( 'NONE',  ( 2.187500000000001332, -1.225049603465654613, -1.108249999999999957 ) ) ;
#1612 = ORIENTED_EDGE ( 'NONE', *, *, #901, .T. ) ;
#1613 = CARTESIAN_POINT ( 'NONE',  ( -1.404999999999999583, 1.332664343138952212, -0.08436414610197039143 ) ) ;
#1614 = CARTESIAN_POINT ( 'NONE',  ( 2.157500000000001084, 1.362500000000000488, 0.08749999999999999445 ) ) ;
#1615 = SURFACE_SIDE_STYLE ('',( #1218 ) ) ;
#1616 = VERTEX_POINT ( 'NONE', #797 ) ;
#1617 = PRESENTATION_STYLE_ASSIGNMENT (( #3438 ) ) ;
#1618 = PRESENTATION_STYLE_ASSIGNMENT (( #1289 ) ) ;
#1619 = FILL_AREA_STYLE_COLOUR ( '', #2363 ) ;
#1620 =( LENGTH_UNIT ( ) NAMED_UNIT ( * ) SI_UNIT ( .MILLI., .METRE. ) );
#1621 =( NAMED_UNIT ( * ) PLANE_ANGLE_UNIT ( ) SI_UNIT ( $, .RADIAN. ) );
#1622 =( LENGTH_UNIT ( ) NAMED_UNIT ( * ) SI_UNIT ( .MILLI., .METRE. ) );
#1623 =( GEOMETRIC_REPRESENTATION_CONTEXT ( 3 ) GLOBAL_UNCERTAINTY_ASSIGNED_CONTEXT ( ( #1698 ) ) GLOBAL_UNIT_ASSIGNED_CONTEXT ( ( #2161, #3596, #4317 ) ) REPRESENTATION_CONTEXT ( 'NONE', 'WORKASPACE' ) );
#1624 = FILL_AREA_STYLE ('',( #3818 ) ) ;
#1625 = EDGE_CURVE ( 'NONE', #195, #3044, #82, .T. ) ;
#1626 = VECTOR ( 'NONE', #1100, 1000.000000000000000 ) ;
#1627 = ORIENTED_EDGE ( 'NONE', *, *, #1936, .F. ) ;
#1628 = DIRECTION ( 'NONE',  ( -0.1039620511844979306, 0.1039620511844979306, -0.9891328443778538704 ) ) ;
#1629 = VECTOR ( 'NONE', #856, 1000.000000000000000 ) ;
#1630 =( BOUNDED_CURVE ( )  B_SPLINE_CURVE ( 3, ( #4360, #1128, #2581, #3988 ),
 .UNSPECIFIED., .F., .F. ) 
 B_SPLINE_CURVE_WITH_KNOTS ( ( 4, 4 ),
 ( 0.000000000000000000, 1.570796326794896558 ),
 .UNSPECIFIED. ) 
 CURVE ( )  GEOMETRIC_REPRESENTATION_ITEM ( )  RATIONAL_B_SPLINE_CURVE ( ( 1.000000000000000000, 0.8047378541243649375, 0.8047378541243649375, 1.000000000000000000 ) ) 
 REPRESENTATION_ITEM ( '' )  );
#1631 = COLOUR_RGB ( '',0.2862745098039215508, 0.2862745098039215508, 0.2862745098039215508 ) ;
#1632 = EDGE_LOOP ( 'NONE', ( #1681, #889, #4065, #2940 ) ) ;
#1633 = ORIENTED_EDGE ( 'NONE', *, *, #1662, .F. ) ;
#1634 = SURFACE_STYLE_FILL_AREA ( #3168 ) ;
#1635 = VERTEX_POINT ( 'NONE', #3927 ) ;
#1636 = FACE_OUTER_BOUND ( 'NONE', #1786, .T. ) ;
#1637 = PRESENTATION_LAYER_ASSIGNMENT (  '', '', ( #1933 ) ) ;
#1638 = CARTESIAN_POINT ( 'NONE',  ( -2.300000000000000711, 1.000000000000000000, -0.08749999999999943934 ) ) ;
#1639 = MECHANICAL_DESIGN_GEOMETRIC_PRESENTATION_REPRESENTATION (  '', ( #3005 ), #2176 ) ;
#1640 = EDGE_LOOP ( 'NONE', ( #1160, #1737, #1379, #3310 ) ) ;
#1641 =( NAMED_UNIT ( * ) SI_UNIT ( $, .STERADIAN. ) SOLID_ANGLE_UNIT ( ) );
#1642 =( LENGTH_UNIT ( ) NAMED_UNIT ( * ) SI_UNIT ( .MILLI., .METRE. ) );
#1643 = PRESENTATION_STYLE_ASSIGNMENT (( #2742 ) ) ;
#1644 = FACE_OUTER_BOUND ( 'NONE', #1234, .T. ) ;
#1645 = AXIS2_PLACEMENT_3D ( 'NONE', #2905, #3257, #3609 ) ;
#1646 = VECTOR ( 'NONE', #743, 1000.000000000000114 ) ;
#1647 = CARTESIAN_POINT ( 'NONE',  ( -2.187499999999999112, -1.332499999999999574, -0.08749999999999999445 ) ) ;
#1648 = CARTESIAN_POINT ( 'NONE',  ( 1.479999999999999538, -1.000000000000000000, -1.138249999999999984 ) ) ;
#1649 = UNCERTAINTY_MEASURE_WITH_UNIT (LENGTH_MEASURE( 1.000000000000000082E-05 ), #836, 'distance_accuracy_value', 'NONE');
#1650 =( LENGTH_UNIT ( ) NAMED_UNIT ( * ) SI_UNIT ( .MILLI., .METRE. ) );
#1651 = ORIENTED_EDGE ( 'NONE', *, *, #923, .T. ) ;
#1652 = AXIS2_PLACEMENT_3D ( 'NONE', #1543, #3324, #2608 ) ;
#1653 = FILL_AREA_STYLE ('',( #258 ) ) ;
#1654 = VECTOR ( 'NONE', #3269, 1000.000000000000000 ) ;
#1655 = ORIENTED_EDGE ( 'NONE', *, *, #124, .F. ) ;
#1656 = ORIENTED_EDGE ( 'NONE', *, *, #1006, .T. ) ;
#1657 = CARTESIAN_POINT ( 'NONE',  ( -2.600000000000000089, 1.000000000000000000, -0.1624999999999991729 ) ) ;
#1658 =( BOUNDED_CURVE ( )  B_SPLINE_CURVE ( 3, ( #3274, #1132, #2171, #3559 ),
 .UNSPECIFIED., .F., .F. ) 
 B_SPLINE_CURVE_WITH_KNOTS ( ( 4, 4 ),
 ( 3.141592653589793116, 4.712388980384689674 ),
 .UNSPECIFIED. ) 
 CURVE ( )  GEOMETRIC_REPRESENTATION_ITEM ( )  RATIONAL_B_SPLINE_CURVE ( ( 1.000000000000000000, 0.8047378541243649375, 0.8047378541243649375, 1.000000000000000000 ) ) 
 REPRESENTATION_ITEM ( '' )  );
#1659 = EDGE_LOOP ( 'NONE', ( #3548, #3800, #3899, #3601 ) ) ;
#1660 = SURFACE_SIDE_STYLE ('',( #4552 ) ) ;
#1661 = DIRECTION ( 'NONE',  ( 1.000000000000000000, -0.000000000000000000, -0.000000000000000000 ) ) ;
#1662 = EDGE_CURVE ( 'NONE', #1085, #2800, #3944, .T. ) ;
#1663 = MECHANICAL_DESIGN_GEOMETRIC_PRESENTATION_REPRESENTATION (  '', ( #716 ), #3178 ) ;
#1664 = ORIENTED_EDGE ( 'NONE', *, *, #3648, .T. ) ;
#1665 = CARTESIAN_POINT ( 'NONE',  ( 2.349999999999999645, 1.000000000000000000, -1.313250000000000250 ) ) ;
#1666 = SURFACE_STYLE_FILL_AREA ( #928 ) ;
#1667 =( NAMED_UNIT ( * ) SI_UNIT ( $, .STERADIAN. ) SOLID_ANGLE_UNIT ( ) );
#1668 = DIRECTION ( 'NONE',  ( 1.000000000000000000, 0.000000000000000000, 0.000000000000000000 ) ) ;
#1669 = AXIS2_PLACEMENT_3D ( 'NONE', #2072, #4538, #1308 ) ;
#1670 = CARTESIAN_POINT ( 'NONE',  ( -1.404999999999999583, -1.213871214864964410, -1.214605263157894743 ) ) ;
#1671 = CARTESIAN_POINT ( 'NONE',  ( 2.187500000000001332, -1.254885260326702667, -1.111385853898029463 ) ) ;
#1672 =( NAMED_UNIT ( * ) SI_UNIT ( $, .STERADIAN. ) SOLID_ANGLE_UNIT ( ) );
#1673 = FILL_AREA_STYLE ('',( #4503 ) ) ;
#1674 = CARTESIAN_POINT ( 'NONE',  ( 2.300000000000000711, -1.000000000000000000, -0.2124999999999992450 ) ) ;
#1675 = ORIENTED_EDGE ( 'NONE', *, *, #2995, .F. ) ;
#1676 = PLANE ( 'NONE',  #2943 ) ;
#1677 =( GEOMETRIC_REPRESENTATION_CONTEXT ( 3 ) GLOBAL_UNCERTAINTY_ASSIGNED_CONTEXT ( ( #143 ) ) GLOBAL_UNIT_ASSIGNED_CONTEXT ( ( #1650, #1976, #2351 ) ) REPRESENTATION_CONTEXT ( 'NONE', 'WORKASPACE' ) );
#1678 = VERTEX_POINT ( 'NONE', #3757 ) ;
#1679 = EDGE_CURVE ( 'NONE', #2785, #1346, #3893, .T. ) ;
#1680 = LINE ( 'NONE', #4226, #1022 ) ;
#1681 = ORIENTED_EDGE ( 'NONE', *, *, #1861, .T. ) ;
#1682 = CARTESIAN_POINT ( 'NONE',  ( -2.187499999999999112, -1.362499999999999600, -0.08749999999999999445 ) ) ;
#1683 = CARTESIAN_POINT ( 'NONE',  ( -2.425000000000000266, -1.000000000000000000, -1.013249999999999540 ) ) ;
#1684 = COLOUR_RGB ( '',0.2862745098039215508, 0.2862745098039215508, 0.2862745098039215508 ) ;
#1685 = EDGE_CURVE ( 'NONE', #2845, #3083, #251, .T. ) ;
#1686 = DIRECTION ( 'NONE',  ( -0.1039620511844979306, -0.1039620511844979306, 0.9891328443778538704 ) ) ;
#1687 = FILL_AREA_STYLE ('',( #290 ) ) ;
#1688 = ORIENTED_EDGE ( 'NONE', *, *, #429, .T. ) ;
#1689 = CYLINDRICAL_SURFACE ( 'NONE', #4374, 0.2500000000000000000 ) ;
#1690 = DIRECTION ( 'NONE',  ( -0.000000000000000000, -1.000000000000000000, -0.000000000000000000 ) ) ;
#1691 = DIRECTION ( 'NONE',  ( 0.000000000000000000, -0.1045284632676525410, -0.9945218953682736229 ) ) ;
#1692 = LINE ( 'NONE', #1074, #1407 ) ;
#1693 = EDGE_CURVE ( 'NONE', #3317, #1610, #1013, .T. ) ;
#1694 = LINE ( 'NONE', #660, #419 ) ;
#1695 = DIRECTION ( 'NONE',  ( 1.000000000000000000, 0.000000000000000000, 0.000000000000000000 ) ) ;
#1696 = CARTESIAN_POINT ( 'NONE',  ( -2.187499999999999112, 1.254885260326703555, -1.111385853898029463 ) ) ;
#1697 = DIRECTION ( 'NONE',  ( 1.000000000000000000, 0.000000000000000000, 0.000000000000000000 ) ) ;
#1698 = UNCERTAINTY_MEASURE_WITH_UNIT (LENGTH_MEASURE( 1.000000000000000082E-05 ), #2161, 'distance_accuracy_value', 'NONE');
#1699 = ORIENTED_EDGE ( 'NONE', *, *, #287, .F. ) ;
#1700 = VECTOR ( 'NONE', #2493, 1000.000000000000000 ) ;
#1701 = CARTESIAN_POINT ( 'NONE',  ( 1.464999999999999636, -1.225049603465654613, -1.138250000000000206 ) ) ;
#1702 = EDGE_LOOP ( 'NONE', ( #2803, #1802, #2548, #3873 ) ) ;
#1703 = COLOUR_RGB ( '',0.2862745098039215508, 0.2862745098039215508, 0.2862745098039215508 ) ;
#1704 = ORIENTED_EDGE ( 'NONE', *, *, #1010, .T. ) ;
#1705 = DIRECTION ( 'NONE',  ( -1.000000000000000000, 4.956352788505164254E-16, 0.000000000000000000 ) ) ;
#1706 = DIRECTION ( 'NONE',  ( 0.000000000000000000, 0.9945218953682732899, 0.1045284632676538594 ) ) ;
#1707 = CARTESIAN_POINT ( 'NONE',  ( -2.349999999999999645, 1.000000000000000000, -1.313249999999999806 ) ) ;
#1708 = SURFACE_STYLE_FILL_AREA ( #1687 ) ;
#1709 = VERTEX_POINT ( 'NONE', #223 ) ;
#1710 = CIRCLE ( 'NONE', #973, 0.02999999999999996073 ) ;
#1711 = CARTESIAN_POINT ( 'NONE',  ( -2.187499999999999112, 1.332500000000000462, -0.08749999999999999445 ) ) ;
#1712 = FILL_AREA_STYLE ('',( #2468 ) ) ;
#1713 = EDGE_CURVE ( 'NONE', #2305, #1506, #1944, .T. ) ;
#1714 = AXIS2_PLACEMENT_3D ( 'NONE', #4474, #4043, #1964 ) ;
#1715 = COLOUR_RGB ( '',0.2862745098039215508, 0.2862745098039215508, 0.2862745098039215508 ) ;
#1716 =( NAMED_UNIT ( * ) SI_UNIT ( $, .STERADIAN. ) SOLID_ANGLE_UNIT ( ) );
#1717 = LINE ( 'NONE', #3142, #1260 ) ;
#1718 = SURFACE_SIDE_STYLE ('',( #662 ) ) ;
#1719 = DIRECTION ( 'NONE',  ( -1.000000000000000000, -0.000000000000000000, -0.000000000000000000 ) ) ;
#1720 = MECHANICAL_DESIGN_GEOMETRIC_PRESENTATION_REPRESENTATION (  '', ( #4368 ), #254 ) ;
#1721 = ADVANCED_FACE ( 'NONE', ( #3411 ), #156, .T. ) ;
#1722 =( GEOMETRIC_REPRESENTATION_CONTEXT ( 3 ) GLOBAL_UNCERTAINTY_ASSIGNED_CONTEXT ( ( #370 ) ) GLOBAL_UNIT_ASSIGNED_CONTEXT ( ( #3581, #2053, #3488 ) ) REPRESENTATION_CONTEXT ( 'NONE', 'WORKASPACE' ) );
#1723 = CIRCLE ( 'NONE', #185, 0.02999999999999996073 ) ;
#1724 = CARTESIAN_POINT ( 'NONE',  ( -2.050049603465653902, -1.362499999999999600, -1.138249999999999984 ) ) ;
#1725 = ORIENTED_EDGE ( 'NONE', *, *, #741, .F. ) ;
#1726 = SURFACE_STYLE_FILL_AREA ( #3299 ) ;
#1727 = AXIS2_PLACEMENT_3D ( 'NONE', #1803, #4007, #1978 ) ;
#1728 = CARTESIAN_POINT ( 'NONE',  ( -1.434999999999999609, -1.362499999999999600, -1.138249999999999984 ) ) ;
#1729 = MECHANICAL_DESIGN_GEOMETRIC_PRESENTATION_REPRESENTATION (  '', ( #2429 ), #3241 ) ;
#1730 = FILL_AREA_STYLE_COLOUR ( '', #2505 ) ;
#1731 = ORIENTED_EDGE ( 'NONE', *, *, #956, .T. ) ;
#1732 = SURFACE_STYLE_USAGE ( .BOTH. , #1660 ) ;
#1733 = CARTESIAN_POINT ( 'NONE',  ( -2.157499999999998863, 1.362500000000000488, -0.08749999999999999445 ) ) ;
#1734 = PLANE ( 'NONE',  #2162 ) ;
#1735 = SURFACE_SIDE_STYLE ('',( #3503 ) ) ;
#1736 = DIRECTION ( 'NONE',  ( 0.000000000000000000, 0.000000000000000000, 1.000000000000000000 ) ) ;
#1737 = ORIENTED_EDGE ( 'NONE', *, *, #3748, .T. ) ;
#1738 =( NAMED_UNIT ( * ) SI_UNIT ( $, .STERADIAN. ) SOLID_ANGLE_UNIT ( ) );
#1739 = DIRECTION ( 'NONE',  ( 0.000000000000000000, 0.000000000000000000, 1.000000000000000000 ) ) ;
#1740 = CARTESIAN_POINT ( 'NONE',  ( -1.405000037203934182, -1.252014106501291080, -1.138703057797132656 ) ) ;
#1741 = DIRECTION ( 'NONE',  ( 0.000000000000000000, 0.000000000000000000, -1.000000000000000000 ) ) ;
#1742 = EDGE_CURVE ( 'NONE', #3083, #1506, #1054, .T. ) ;
#1743 = SURFACE_SIDE_STYLE ('',( #4185 ) ) ;
#1744 = COLOUR_RGB ( '',0.2862745098039215508, 0.2862745098039215508, 0.2862745098039215508 ) ;
#1745 = UNCERTAINTY_MEASURE_WITH_UNIT (LENGTH_MEASURE( 1.000000000000000082E-05 ), #691, 'distance_accuracy_value', 'NONE');
#1746 = AXIS2_PLACEMENT_3D ( 'NONE', #4500, #1266, #248 ) ;
#1747 = FILL_AREA_STYLE_COLOUR ( '', #2006 ) ;
#1748 = EDGE_CURVE ( 'NONE', #4483, #2473, #3782, .T. ) ;
#1749 = ORIENTED_EDGE ( 'NONE', *, *, #3598, .F. ) ;
#1750 = DIRECTION ( 'NONE',  ( -1.000000000000000000, 0.000000000000000000, -0.000000000000000000 ) ) ;
#1751 = ORIENTED_EDGE ( 'NONE', *, *, #646, .T. ) ;
#1752 = EDGE_CURVE ( 'NONE', #1527, #1635, #2251, .T. ) ;
#1753 = SURFACE_STYLE_USAGE ( .BOTH. , #265 ) ;
#1754 = CARTESIAN_POINT ( 'NONE',  ( 1.404999999999999583, -1.218743349349714178, -1.168250000000000011 ) ) ;
#1755 = DIRECTION ( 'NONE',  ( -0.9945218953682734009, 0.000000000000000000, -0.1045284632676537068 ) ) ;
#1756 = DIRECTION ( 'NONE',  ( -0.000000000000000000, -1.000000000000000000, -0.000000000000000000 ) ) ;
#1757 = MECHANICAL_DESIGN_GEOMETRIC_PRESENTATION_REPRESENTATION (  '', ( #3051 ), #2 ) ;
#1758 = SURFACE_STYLE_USAGE ( .BOTH. , #2117 ) ;
#1759 = ORIENTED_EDGE ( 'NONE', *, *, #901, .F. ) ;
#1760 = FILL_AREA_STYLE ('',( #2119 ) ) ;
#1761 = CARTESIAN_POINT ( 'NONE',  ( 2.600000000000000089, 1.000000000000000000, -1.063250000000000250 ) ) ;
#1762 = AXIS2_PLACEMENT_3D ( 'NONE', #1463, #4381, #2601 ) ;
#1763 = CARTESIAN_POINT ( 'NONE',  ( -1.446675119002776011, -1.252061721435838715, -1.138250031956307140 ) ) ;
#1764 = DIRECTION ( 'NONE',  ( 0.000000000000000000, 0.000000000000000000, -1.000000000000000000 ) ) ;
#1765 =( NAMED_UNIT ( * ) SI_UNIT ( $, .STERADIAN. ) SOLID_ANGLE_UNIT ( ) );
#1766 = COLOUR_RGB ( '',0.2862745098039215508, 0.2862745098039215508, 0.2862745098039215508 ) ;
#1767 =( LENGTH_UNIT ( ) NAMED_UNIT ( * ) SI_UNIT ( .MILLI., .METRE. ) );
#1768 = DIRECTION ( 'NONE',  ( 0.000000000000000000, 1.000000000000000000, 0.000000000000000000 ) ) ;
#1769 = CARTESIAN_POINT ( 'NONE',  ( 2.050049603465656123, -1.225049603465654613, -1.108249999999999957 ) ) ;
#1770 = CARTESIAN_POINT ( 'NONE',  ( 2.187500000000001332, -1.362499999999999600, -0.08749999999999999445 ) ) ;
#1771 = CARTESIAN_POINT ( 'NONE',  ( -2.044952048055268090, -1.219952048055269245, 1.176749999999999741 ) ) ;
#1772 = CARTESIAN_POINT ( 'NONE',  ( -2.074787704916317033, 1.219952048055270133, 1.159885853898029451 ) ) ;
#1773 = CARTESIAN_POINT ( 'NONE',  ( -2.044952048055268090, 1.219952048055270133, 1.176749999999999741 ) ) ;
#1774 = EDGE_CURVE ( 'NONE', #2650, #1346, #4111, .T. ) ;
#1775 = PRESENTATION_STYLE_ASSIGNMENT (( #1417 ) ) ;
#1776 = ORIENTED_EDGE ( 'NONE', *, *, #653, .F. ) ;
#1777 = EDGE_LOOP ( 'NONE', ( #2616, #3717, #232, #1104 ) ) ;
#1778 = DIRECTION ( 'NONE',  ( 1.000000000000000000, 0.000000000000000000, 0.000000000000000000 ) ) ;
#1779 = FILL_AREA_STYLE_COLOUR ( '', #3321 ) ;
#1780 = AXIS2_PLACEMENT_3D ( 'NONE', #1092, #1020, #4585 ) ;
#1781 = FACE_OUTER_BOUND ( 'NONE', #217, .T. ) ;
#1782 = AXIS2_PLACEMENT_3D ( 'NONE', #2599, #2254, #2212 ) ;
#1783 = EDGE_CURVE ( 'NONE', #2458, #762, #3703, .T. ) ;
#1784 =( NAMED_UNIT ( * ) PLANE_ANGLE_UNIT ( ) SI_UNIT ( $, .RADIAN. ) );
#1785 =( NAMED_UNIT ( * ) SI_UNIT ( $, .STERADIAN. ) SOLID_ANGLE_UNIT ( ) );
#1786 = EDGE_LOOP ( 'NONE', ( #784, #2411, #2648, #792 ) ) ;
#1787 = LINE ( 'NONE', #3855, #849 ) ;
#1788 = CARTESIAN_POINT ( 'NONE',  ( 2.175085373081353968, -1.362404244550522892, -0.08840981203789706477 ) ) ;
#1789 =( GEOMETRIC_REPRESENTATION_CONTEXT ( 3 ) GLOBAL_UNCERTAINTY_ASSIGNED_CONTEXT ( ( #1271 ) ) GLOBAL_UNIT_ASSIGNED_CONTEXT ( ( #4470, #1937, #1256 ) ) REPRESENTATION_CONTEXT ( 'NONE', 'WORKASPACE' ) );
#1790 = DIRECTION ( 'NONE',  ( 0.000000000000000000, -7.228014483236677820E-15, -1.000000000000000000 ) ) ;
#1791 = DIRECTION ( 'NONE',  ( -1.000000000000000000, -0.000000000000000000, 2.492418787322999730E-16 ) ) ;
#1792 = SURFACE_SIDE_STYLE ('',( #2222 ) ) ;
#1793 = LINE ( 'NONE', #1004, #413 ) ;
#1794 = UNCERTAINTY_MEASURE_WITH_UNIT (LENGTH_MEASURE( 1.000000000000000082E-05 ), #3166, 'distance_accuracy_value', 'NONE');
#1795 = AXIS2_PLACEMENT_3D ( 'NONE', #2738, #4152, #942 ) ;
#1796 = VECTOR ( 'NONE', #3995, 1000.000000000000000 ) ;
#1797 = CARTESIAN_POINT ( 'NONE',  ( 0.000000000000000000, 0.000000000000000000, 1.176749999999999741 ) ) ;
#1798 = CYLINDRICAL_SURFACE ( 'NONE', #1563, 0.03000000000000007869 ) ;
#1799 = FACE_OUTER_BOUND ( 'NONE', #3060, .T. ) ;
#1800 = AXIS2_PLACEMENT_3D ( 'NONE', #3371, #4116, #1599 ) ;
#1801 = ORIENTED_EDGE ( 'NONE', *, *, #4460, .F. ) ;
#1802 = ORIENTED_EDGE ( 'NONE', *, *, #3904, .F. ) ;
#1803 = CARTESIAN_POINT ( 'NONE',  ( 2.349999999999999645, -1.000000000000000000, -1.063250000000000250 ) ) ;
#1804 = DIRECTION ( 'NONE',  ( 0.000000000000000000, 0.1045284632676536929, -0.9945218953682732899 ) ) ;
#1805 = PRESENTATION_LAYER_ASSIGNMENT (  '', '', ( #3747 ) ) ;
#1806 = ADVANCED_FACE ( 'NONE', ( #2339 ), #1798, .T. ) ;
#1807 = UNCERTAINTY_MEASURE_WITH_UNIT (LENGTH_MEASURE( 1.000000000000000082E-05 ), #3664, 'distance_accuracy_value', 'NONE');
#1808 = CIRCLE ( 'NONE', #985, 0.02999999999999996073 ) ;
#1809 = DIRECTION ( 'NONE',  ( 1.000000000000000000, -7.228014483236677820E-15, 0.000000000000000000 ) ) ;
#1810 = EDGE_LOOP ( 'NONE', ( #13, #4358, #291, #145 ) ) ;
#1811 = ADVANCED_FACE ( 'NONE', ( #421 ), #1522, .F. ) ;
#1812 = DIRECTION ( 'NONE',  ( 0.000000000000000000, 1.000000000000000000, 0.000000000000000000 ) ) ;
#1813 = DIRECTION ( 'NONE',  ( 0.000000000000000000, 0.000000000000000000, 1.000000000000000000 ) ) ;
#1814 = AXIS2_PLACEMENT_3D ( 'NONE', #1568, #3806, #3392 ) ;
#1815 = MECHANICAL_DESIGN_GEOMETRIC_PRESENTATION_REPRESENTATION (  '', ( #4061 ), #992 ) ;
#1816 = CIRCLE ( 'NONE', #2349, 0.2499999999999997780 ) ;
#1817 = SURFACE_STYLE_FILL_AREA ( #2560 ) ;
#1818 = SPHERICAL_SURFACE ( 'NONE', #1645, 0.02999999999999999889 ) ;
#1819 = DIRECTION ( 'NONE',  ( 0.000000000000000000, 0.000000000000000000, 1.000000000000000000 ) ) ;
#1820 =( GEOMETRIC_REPRESENTATION_CONTEXT ( 3 ) GLOBAL_UNCERTAINTY_ASSIGNED_CONTEXT ( ( #1837 ) ) GLOBAL_UNIT_ASSIGNED_CONTEXT ( ( #1642, #2720, #1667 ) ) REPRESENTATION_CONTEXT ( 'NONE', 'WORKASPACE' ) );
#1821 = LINE ( 'NONE', #4394, #3678 ) ;
#1822 = ORIENTED_EDGE ( 'NONE', *, *, #1483, .T. ) ;
#1823 = ORIENTED_EDGE ( 'NONE', *, *, #3904, .T. ) ;
#1824 = DIRECTION ( 'NONE',  ( 1.000000000000000000, -0.000000000000000000, 0.000000000000000000 ) ) ;
#1825 = ORIENTED_EDGE ( 'NONE', *, *, #3954, .T. ) ;
#1826 = CARTESIAN_POINT ( 'NONE',  ( 1.464999999999999414, 1.252061724794590880, -1.138249999999999984 ) ) ;
#1827 = PLANE ( 'NONE',  #900 ) ;
#1828 = EDGE_LOOP ( 'NONE', ( #284, #721, #937, #3847, #2573, #932 ) ) ;
#1829 = DIRECTION ( 'NONE',  ( 0.000000000000000000, 0.000000000000000000, -1.000000000000000000 ) ) ;
#1830 = PLANE ( 'NONE',  #3147 ) ;
#1831 =( NAMED_UNIT ( * ) SI_UNIT ( $, .STERADIAN. ) SOLID_ANGLE_UNIT ( ) );
#1832 = PRESENTATION_STYLE_ASSIGNMENT (( #2558 ) ) ;
#1833 = EDGE_CURVE ( 'NONE', #2340, #3110, #1479, .T. ) ;
#1834 = DIRECTION ( 'NONE',  ( 0.000000000000000000, 0.000000000000000000, 1.000000000000000000 ) ) ;
#1835 = COLOUR_RGB ( '',0.2862745098039215508, 0.2862745098039215508, 0.2862745098039215508 ) ;
#1836 = SURFACE_SIDE_STYLE ('',( #180 ) ) ;
#1837 = UNCERTAINTY_MEASURE_WITH_UNIT (LENGTH_MEASURE( 1.000000000000000082E-05 ), #1642, 'distance_accuracy_value', 'NONE');
#1838 = COLOUR_RGB ( '',0.8039215686274510109, 0.8039215686274510109, 0.8039215686274510109 ) ;
#1839 = EDGE_CURVE ( 'NONE', #2986, #1085, #2935, .T. ) ;
#1840 = FILL_AREA_STYLE_COLOUR ( '', #1252 ) ;
#1841 = LINE ( 'NONE', #3278, #2169 ) ;
#1842 = EDGE_CURVE ( 'NONE', #349, #433, #114, .T. ) ;
#1843 = ORIENTED_EDGE ( 'NONE', *, *, #2033, .F. ) ;
#1844 = FACE_OUTER_BOUND ( 'NONE', #1373, .T. ) ;
#1845 = PLANE ( 'NONE',  #663 ) ;
#1846 = PRESENTATION_STYLE_ASSIGNMENT (( #2619 ) ) ;
#1847 = VERTEX_POINT ( 'NONE', #819 ) ;
#1848 =( NAMED_UNIT ( * ) PLANE_ANGLE_UNIT ( ) SI_UNIT ( $, .RADIAN. ) );
#1849 =( NAMED_UNIT ( * ) PLANE_ANGLE_UNIT ( ) SI_UNIT ( $, .RADIAN. ) );
#1850 = ORIENTED_EDGE ( 'NONE', *, *, #871, .F. ) ;
#1851 = CARTESIAN_POINT ( 'NONE',  ( 2.044952048055270755, 1.219952048055270133, 1.186749999999999972 ) ) ;
#1852 = SURFACE_STYLE_FILL_AREA ( #451 ) ;
#1853 = DIRECTION ( 'NONE',  ( 1.000000000000000000, -0.000000000000000000, 8.340016711427009523E-17 ) ) ;
#1854 = VECTOR ( 'NONE', #4294, 1000.000000000000000 ) ;
#1855 =( NAMED_UNIT ( * ) PLANE_ANGLE_UNIT ( ) SI_UNIT ( $, .RADIAN. ) );
#1856 = COLOUR_RGB ( '',0.8039215686274510109, 0.8039215686274510109, 0.8039215686274510109 ) ;
#1857 = COLOUR_RGB ( '',0.2862745098039215508, 0.2862745098039215508, 0.2862745098039215508 ) ;
#1858 = DIRECTION ( 'NONE',  ( -0.9945218953682734009, 0.000000000000000000, 0.1045284632676531100 ) ) ;
#1859 = EDGE_CURVE ( 'NONE', #594, #600, #2662, .T. ) ;
#1860 = CARTESIAN_POINT ( 'NONE',  ( 2.157664343138952834, 1.362500000000000488, -0.08749999999999999445 ) ) ;
#1861 = EDGE_CURVE ( 'NONE', #2416, #2753, #4094, .T. ) ;
#1862 = DIRECTION ( 'NONE',  ( -0.000000000000000000, -0.000000000000000000, 1.000000000000000000 ) ) ;
#1863 = COLOUR_RGB ( '',0.2862745098039215508, 0.2862745098039215508, 0.2862745098039215508 ) ;
#1864 = ORIENTED_EDGE ( 'NONE', *, *, #491, .F. ) ;
#1865 = CARTESIAN_POINT ( 'NONE',  ( 2.187500000000001332, -1.362499999999999600, 0.08749999999999999445 ) ) ;
#1866 = MECHANICAL_DESIGN_GEOMETRIC_PRESENTATION_REPRESENTATION (  '', ( #2100 ), #3897 ) ;
#1867 = VECTOR ( 'NONE', #990, 1000.000000000000000 ) ;
#1868 = VERTEX_POINT ( 'NONE', #3710 ) ;
#1869 = SURFACE_STYLE_USAGE ( .BOTH. , #896 ) ;
#1870 =( NAMED_UNIT ( * ) PLANE_ANGLE_UNIT ( ) SI_UNIT ( $, .RADIAN. ) );
#1871 = ORIENTED_EDGE ( 'NONE', *, *, #396, .F. ) ;
#1872 = LINE ( 'NONE', #497, #3170 ) ;
#1873 = AXIS2_PLACEMENT_3D ( 'NONE', #211, #1577, #4465 ) ;
#1874 = SURFACE_STYLE_USAGE ( .BOTH. , #4017 ) ;
#1875 = FILL_AREA_STYLE_COLOUR ( '', #361 ) ;
#1876 = COLOUR_RGB ( '',0.2862745098039215508, 0.2862745098039215508, 0.2862745098039215508 ) ;
#1877 = COLOUR_RGB ( '',0.2862745098039215508, 0.2862745098039215508, 0.2862745098039215508 ) ;
#1878 = SURFACE_SIDE_STYLE ('',( #2928 ) ) ;
#1879 = CARTESIAN_POINT ( 'NONE',  ( -2.044952048055268090, -1.219952048055269245, 1.186749999999999972 ) ) ;
#1880 = LINE ( 'NONE', #141, #678 ) ;
#1881 = VECTOR ( 'NONE', #2878, 1000.000000000000000 ) ;
#1882 = EDGE_CURVE ( 'NONE', #603, #558, #1723, .T. ) ;
#1883 = CARTESIAN_POINT ( 'NONE',  ( -2.050049603465653902, 1.254885260326703555, -1.111385853898029463 ) ) ;
#1884 = LINE ( 'NONE', #4049, #2551 ) ;
#1885 = EDGE_CURVE ( 'NONE', #2603, #1709, #1473, .T. ) ;
#1886 = VECTOR ( 'NONE', #4068, 1000.000000000000000 ) ;
#1887 = CARTESIAN_POINT ( 'NONE',  ( -2.187499999999999112, 1.362500000000000488, -0.08749999999999999445 ) ) ;
#1888 = VERTEX_POINT ( 'NONE', #4437 ) ;
#1889 = PRESENTATION_LAYER_ASSIGNMENT (  '', '', ( #3921 ) ) ;
#1890 = EDGE_CURVE ( 'NONE', #1143, #2314, #2714, .T. ) ;
#1891 = ORIENTED_EDGE ( 'NONE', *, *, #2716, .F. ) ;
#1892 = DIRECTION ( 'NONE',  ( 7.267828407699465351E-15, 1.000000000000000000, 0.000000000000000000 ) ) ;
#1893 = ORIENTED_EDGE ( 'NONE', *, *, #2152, .F. ) ;
#1894 = CARTESIAN_POINT ( 'NONE',  ( -1.479999999999999982, 1.000000000000000000, -1.313249999999999806 ) ) ;
#1895 = FACE_OUTER_BOUND ( 'NONE', #4105, .T. ) ;
#1896 = CARTESIAN_POINT ( 'NONE',  ( -1.464999999999999636, -1.225049603465654613, -1.138249999999999984 ) ) ;
#1897 = DIRECTION ( 'NONE',  ( -1.000000000000000000, -0.000000000000000000, -0.000000000000000000 ) ) ;
#1898 = LINE ( 'NONE', #3665, #153 ) ;
#1899 = VECTOR ( 'NONE', #4455, 1000.000000000000000 ) ;
#1900 =( NAMED_UNIT ( * ) PLANE_ANGLE_UNIT ( ) SI_UNIT ( $, .RADIAN. ) );
#1901 =( NAMED_UNIT ( * ) SI_UNIT ( $, .STERADIAN. ) SOLID_ANGLE_UNIT ( ) );
#1902 = PRESENTATION_LAYER_ASSIGNMENT (  '', '', ( #801 ) ) ;
#1903 = FILL_AREA_STYLE ('',( #507 ) ) ;
#1904 =( GEOMETRIC_REPRESENTATION_CONTEXT ( 3 ) GLOBAL_UNCERTAINTY_ASSIGNED_CONTEXT ( ( #3630 ) ) GLOBAL_UNIT_ASSIGNED_CONTEXT ( ( #2893, #2912, #2211 ) ) REPRESENTATION_CONTEXT ( 'NONE', 'WORKASPACE' ) );
#1905 = ORIENTED_EDGE ( 'NONE', *, *, #292, .T. ) ;
#1906 = CARTESIAN_POINT ( 'NONE',  ( -1.607452048055268090, -1.219952048055269245, 1.176749999999999741 ) ) ;
#1907 = ADVANCED_FACE ( 'NONE', ( #4139 ), #2682, .T. ) ;
#1908 = ORIENTED_EDGE ( 'NONE', *, *, #315, .T. ) ;
#1909 = ORIENTED_EDGE ( 'NONE', *, *, #2368, .F. ) ;
#1910 = SURFACE_SIDE_STYLE ('',( #4421 ) ) ;
#1911 = FILL_AREA_STYLE ('',( #3429 ) ) ;
#1912 = ORIENTED_EDGE ( 'NONE', *, *, #4101, .T. ) ;
#1913 = SHAPE_DEFINITION_REPRESENTATION ( #3937, #2078 ) ;
#1914 = LINE ( 'NONE', #1939, #2772 ) ;
#1915 = SURFACE_SIDE_STYLE ('',( #1170 ) ) ;
#1916 = EDGE_CURVE ( 'NONE', #3473, #443, #531, .T. ) ;
#1917 = DIRECTION ( 'NONE',  ( 1.000000000000000000, 0.000000000000000000, 0.000000000000000000 ) ) ;
#1918 = DIRECTION ( 'NONE',  ( 0.000000000000000000, -0.9945218953682732899, 0.1045284632676538594 ) ) ;
#1919 = ORIENTED_EDGE ( 'NONE', *, *, #4101, .F. ) ;
#1920 = FILL_AREA_STYLE ('',( #4176 ) ) ;
#1921 = DIRECTION ( 'NONE',  ( 0.1039620511844979306, -0.1039620511844979306, -0.9891328443778538704 ) ) ;
#1922 = COLOUR_RGB ( '',0.8039215686274510109, 0.8039215686274510109, 0.8039215686274510109 ) ;
#1923 = CIRCLE ( 'NONE', #1247, 0.03000000000000007869 ) ;
#1924 = FACE_OUTER_BOUND ( 'NONE', #1489, .T. ) ;
#1925 =( NAMED_UNIT ( * ) PLANE_ANGLE_UNIT ( ) SI_UNIT ( $, .RADIAN. ) );
#1926 = UNCERTAINTY_MEASURE_WITH_UNIT (LENGTH_MEASURE( 1.000000000000000082E-05 ), #4091, 'distance_accuracy_value', 'NONE');
#1927 =( GEOMETRIC_REPRESENTATION_CONTEXT ( 3 ) GLOBAL_UNCERTAINTY_ASSIGNED_CONTEXT ( ( #2747 ) ) GLOBAL_UNIT_ASSIGNED_CONTEXT ( ( #2922, #3625, #2879 ) ) REPRESENTATION_CONTEXT ( 'NONE', 'WORKASPACE' ) );
#1928 = AXIS2_PLACEMENT_3D ( 'NONE', #3628, #343, #4365 ) ;
#1929 = DIRECTION ( 'NONE',  ( 0.000000000000000000, 0.000000000000000000, -1.000000000000000000 ) ) ;
#1930 = ORIENTED_EDGE ( 'NONE', *, *, #1839, .F. ) ;
#1931 = CARTESIAN_POINT ( 'NONE',  ( 2.044952048055271199, 1.219952048055270355, 1.156749999999999723 ) ) ;
#1932 = FILL_AREA_STYLE_COLOUR ( '', #816 ) ;
#1933 = STYLED_ITEM ( 'NONE', ( #1970 ), #1369 ) ;
#1934 =( NAMED_UNIT ( * ) PLANE_ANGLE_UNIT ( ) SI_UNIT ( $, .RADIAN. ) );
#1935 = ORIENTED_EDGE ( 'NONE', *, *, #74, .T. ) ;
#1936 = EDGE_CURVE ( 'NONE', #2800, #2164, #4501, .T. ) ;
#1937 =( NAMED_UNIT ( * ) PLANE_ANGLE_UNIT ( ) SI_UNIT ( $, .RADIAN. ) );
#1938 = ORIENTED_EDGE ( 'NONE', *, *, #672, .T. ) ;
#1939 = CARTESIAN_POINT ( 'NONE',  ( 2.187500000000001332, 1.000000000000000000, -0.08749999999999999445 ) ) ;
#1940 = FILL_AREA_STYLE ('',( #1875 ) ) ;
#1941 = VECTOR ( 'NONE', #3111, 1000.000000000000000 ) ;
#1942 = DIRECTION ( 'NONE',  ( -0.000000000000000000, -1.000000000000000000, -0.000000000000000000 ) ) ;
#1943 = EDGE_CURVE ( 'NONE', #131, #624, #591, .T. ) ;
#1944 = LINE ( 'NONE', #2631, #4435 ) ;
#1945 = PLANE ( 'NONE',  #3320 ) ;
#1946 = DIRECTION ( 'NONE',  ( -0.000000000000000000, 0.000000000000000000, 1.000000000000000000 ) ) ;
#1947 =( LENGTH_UNIT ( ) NAMED_UNIT ( * ) SI_UNIT ( .MILLI., .METRE. ) );
#1948 = PRESENTATION_LAYER_ASSIGNMENT (  '', '', ( #1066 ) ) ;
#1949 = DIRECTION ( 'NONE',  ( 0.000000000000000000, 0.1045284632676532766, 0.9945218953682734009 ) ) ;
#1950 = STYLED_ITEM ( 'NONE', ( #1617 ), #4398 ) ;
#1951 = FACE_OUTER_BOUND ( 'NONE', #4441, .T. ) ;
#1952 = PRESENTATION_LAYER_ASSIGNMENT (  '', '', ( #3980 ) ) ;
#1953 = ORIENTED_EDGE ( 'NONE', *, *, #4223, .F. ) ;
#1954 =( NAMED_UNIT ( * ) SI_UNIT ( $, .STERADIAN. ) SOLID_ANGLE_UNIT ( ) );
#1955 = CARTESIAN_POINT ( 'NONE',  ( 1.404999999999999583, -1.213871214864964188, -1.214605263157894743 ) ) ;
#1956 = ORIENTED_EDGE ( 'NONE', *, *, #3813, .T. ) ;
#1957 =( NAMED_UNIT ( * ) SI_UNIT ( $, .STERADIAN. ) SOLID_ANGLE_UNIT ( ) );
#1958 = FILL_AREA_STYLE_COLOUR ( '', #2002 ) ;
#1959 = VERTEX_POINT ( 'NONE', #3693 ) ;
#1960 = CARTESIAN_POINT ( 'NONE',  ( -2.187404244550521959, 1.350085373081353790, 0.08840981203789735621 ) ) ;
#1961 = LINE ( 'NONE', #4170, #1214 ) ;
#1962 = PRESENTATION_LAYER_ASSIGNMENT (  '', '', ( #3113 ) ) ;
#1963 = FILL_AREA_STYLE ('',( #566 ) ) ;
#1964 = DIRECTION ( 'NONE',  ( 0.000000000000000000, 0.000000000000000000, -1.000000000000000000 ) ) ;
#1965 = ORIENTED_EDGE ( 'NONE', *, *, #491, .T. ) ;
#1966 =( NAMED_UNIT ( * ) PLANE_ANGLE_UNIT ( ) SI_UNIT ( $, .RADIAN. ) );
#1967 = CARTESIAN_POINT ( 'NONE',  ( -2.157986810143135870, -1.332986810143137024, -0.08129607749968745245 ) ) ;
#1968 = CARTESIAN_POINT ( 'NONE',  ( 2.425000000000000266, 1.000000000000000000, -1.013250000000000206 ) ) ;
#1969 = ADVANCED_FACE ( 'NONE', ( #1924 ), #1575, .T. ) ;
#1970 = PRESENTATION_STYLE_ASSIGNMENT (( #2347 ) ) ;
#1971 = DIRECTION ( 'NONE',  ( 0.000000000000000000, 0.9945218953682735119, -0.1045284632676525272 ) ) ;
#1972 = SURFACE_STYLE_FILL_AREA ( #2398 ) ;
#1973 = UNCERTAINTY_MEASURE_WITH_UNIT (LENGTH_MEASURE( 1.000000000000000082E-05 ), #1585, 'distance_accuracy_value', 'NONE');
#1974 = EDGE_CURVE ( 'NONE', #2577, #1462, #3972, .T. ) ;
#1975 = STYLED_ITEM ( 'NONE', ( #138 ), #2250 ) ;
#1976 =( NAMED_UNIT ( * ) PLANE_ANGLE_UNIT ( ) SI_UNIT ( $, .RADIAN. ) );
#1977 = EDGE_LOOP ( 'NONE', ( #464, #1759, #2580, #2300 ) ) ;
#1978 = DIRECTION ( 'NONE',  ( 0.000000000000000000, 0.000000000000000000, 1.000000000000000000 ) ) ;
#1979 = CIRCLE ( 'NONE', #295, 0.03000000000000007869 ) ;
#1980 = CYLINDRICAL_SURFACE ( 'NONE', #4273, 0.03000000000000018277 ) ;
#1981 = UNCERTAINTY_MEASURE_WITH_UNIT (LENGTH_MEASURE( 1.000000000000000082E-05 ), #2143, 'distance_accuracy_value', 'NONE');
#1982 =( GEOMETRIC_REPRESENTATION_CONTEXT ( 3 ) GLOBAL_UNCERTAINTY_ASSIGNED_CONTEXT ( ( #2837 ) ) GLOBAL_UNIT_ASSIGNED_CONTEXT ( ( #3214, #1057, #4309 ) ) REPRESENTATION_CONTEXT ( 'NONE', 'WORKASPACE' ) );
#1983 = LINE ( 'NONE', #1030, #191 ) ;
#1984 = ORIENTED_EDGE ( 'NONE', *, *, #75, .F. ) ;
#1985 = DIRECTION ( 'NONE',  ( 0.000000000000000000, 0.000000000000000000, 1.000000000000000000 ) ) ;
#1986 = ORIENTED_EDGE ( 'NONE', *, *, #3133, .F. ) ;
#1987 = SURFACE_SIDE_STYLE ('',( #3779 ) ) ;
#1988 = DIRECTION ( 'NONE',  ( 0.000000000000000000, -0.1045284632676536929, -0.9945218953682732899 ) ) ;
#1989 = CARTESIAN_POINT ( 'NONE',  ( 2.050049603465656123, 1.225049603465655501, -1.138249999999999984 ) ) ;
#1990 =( NAMED_UNIT ( * ) PLANE_ANGLE_UNIT ( ) SI_UNIT ( $, .RADIAN. ) );
#1991 = ORIENTED_EDGE ( 'NONE', *, *, #534, .T. ) ;
#1992 =( NAMED_UNIT ( * ) SI_UNIT ( $, .STERADIAN. ) SOLID_ANGLE_UNIT ( ) );
#1993 =( NAMED_UNIT ( * ) SI_UNIT ( $, .STERADIAN. ) SOLID_ANGLE_UNIT ( ) );
#1994 = VECTOR ( 'NONE', #2764, 1000.000000000000000 ) ;
#1995 = EDGE_CURVE ( 'NONE', #2340, #3783, #3860, .T. ) ;
#1996 = CARTESIAN_POINT ( 'NONE',  ( -2.157664343138950613, -1.362499999999999600, -0.08749999999999999445 ) ) ;
#1997 = SURFACE_SIDE_STYLE ('',( #4480 ) ) ;
#1998 = AXIS2_PLACEMENT_3D ( 'NONE', #3126, #934, #892 ) ;
#1999 = CARTESIAN_POINT ( 'NONE',  ( 2.600000000000000089, 1.000000000000000000, -0.1624999999999998113 ) ) ;
#2000 = EDGE_CURVE ( 'NONE', #3824, #1280, #3880, .T. ) ;
#2001 = EDGE_LOOP ( 'NONE', ( #2438, #47, #3884, #1505 ) ) ;
#2002 = COLOUR_RGB ( '',0.2862745098039215508, 0.2862745098039215508, 0.2862745098039215508 ) ;
#2003 = AXIS2_PLACEMENT_3D ( 'NONE', #2998, #1520, #4023 ) ;
#2004 = STYLED_ITEM ( 'NONE', ( #2701 ), #3666 ) ;
#2005 =( LENGTH_UNIT ( ) NAMED_UNIT ( * ) SI_UNIT ( .MILLI., .METRE. ) );
#2006 = COLOUR_RGB ( '',0.2862745098039215508, 0.2862745098039215508, 0.2862745098039215508 ) ;
#2007 = CIRCLE ( 'NONE', #389, 0.2500000000000002220 ) ;
#2008 = VERTEX_POINT ( 'NONE', #4270 ) ;
#2009 = ORIENTED_EDGE ( 'NONE', *, *, #3723, .F. ) ;
#2010 = ORIENTED_EDGE ( 'NONE', *, *, #2826, .F. ) ;
#2011 = FILL_AREA_STYLE_COLOUR ( '', #1569 ) ;
#2012 = DIRECTION ( 'NONE',  ( 1.000000000000000000, 0.000000000000000000, 0.000000000000000000 ) ) ;
#2013 = MECHANICAL_DESIGN_GEOMETRIC_PRESENTATION_REPRESENTATION (  '', ( #4042 ), #3003 ) ;
#2014 = AXIS2_PLACEMENT_3D ( 'NONE', #1264, #139, #840 ) ;
#2015 =( LENGTH_UNIT ( ) NAMED_UNIT ( * ) SI_UNIT ( .MILLI., .METRE. ) );
#2016 =( NAMED_UNIT ( * ) SI_UNIT ( $, .STERADIAN. ) SOLID_ANGLE_UNIT ( ) );
#2017 = ORIENTED_EDGE ( 'NONE', *, *, #4588, .T. ) ;
#2018 = CARTESIAN_POINT ( 'NONE',  ( -1.607452048055268090, -1.219952048055269245, 1.176749999999999741 ) ) ;
#2019 =( NAMED_UNIT ( * ) PLANE_ANGLE_UNIT ( ) SI_UNIT ( $, .RADIAN. ) );
#2020 = FACE_OUTER_BOUND ( 'NONE', #2268, .T. ) ;
#2021 = CARTESIAN_POINT ( 'NONE',  ( 2.350000000000000533, -1.000000000000000000, 0.08750000000000000833 ) ) ;
#2022 = VECTOR ( 'NONE', #228, 1000.000000000000000 ) ;
#2023 = CIRCLE ( 'NONE', #52, 0.02999999999999996073 ) ;
#2024 = CARTESIAN_POINT ( 'NONE',  ( -2.187499999999999112, -1.362499999999999600, 0.08749999999999999445 ) ) ;
#2025 =( NAMED_UNIT ( * ) PLANE_ANGLE_UNIT ( ) SI_UNIT ( $, .RADIAN. ) );
#2026 = UNCERTAINTY_MEASURE_WITH_UNIT (LENGTH_MEASURE( 1.000000000000000082E-05 ), #3290, 'distance_accuracy_value', 'NONE');
#2027 = ADVANCED_FACE ( 'NONE', ( #2125 ), #1003, .T. ) ;
#2028 = EDGE_LOOP ( 'NONE', ( #3771, #2017, #3108, #1219 ) ) ;
#2029 = MECHANICAL_DESIGN_GEOMETRIC_PRESENTATION_REPRESENTATION (  '', ( #1066 ), #559 ) ;
#2030 = AXIS2_PLACEMENT_3D ( 'NONE', #2814, #2098, #3141 ) ;
#2031 = SURFACE_STYLE_FILL_AREA ( #2376 ) ;
#2032 = CARTESIAN_POINT ( 'NONE',  ( 2.157986810143138534, -1.332986810143137024, -0.08129607749968742469 ) ) ;
#2033 = EDGE_CURVE ( 'NONE', #4415, #2314, #1416, .T. ) ;
#2034 = COLOUR_RGB ( '',0.8039215686274510109, 0.8039215686274510109, 0.8039215686274510109 ) ;
#2035 = ORIENTED_EDGE ( 'NONE', *, *, #3496, .T. ) ;
#2036 = AXIS2_PLACEMENT_3D ( 'NONE', #1754, #3223, #15 ) ;
#2037 = SURFACE_STYLE_FILL_AREA ( #629 ) ;
#2038 = ORIENTED_EDGE ( 'NONE', *, *, #3540, .T. ) ;
#2039 = CARTESIAN_POINT ( 'NONE',  ( 1.479999999999999538, -1.000000000000000000, -1.313250000000000250 ) ) ;
#2040 = SURFACE_STYLE_USAGE ( .BOTH. , #3829 ) ;
#2041 = FILL_AREA_STYLE ('',( #3199 ) ) ;
#2042 = EDGE_CURVE ( 'NONE', #1346, #2416, #1313, .T. ) ;
#2043 = DIRECTION ( 'NONE',  ( -0.000000000000000000, -1.000000000000000000, -0.000000000000000000 ) ) ;
#2044 = STYLED_ITEM ( 'NONE', ( #3114 ), #3165 ) ;
#2045 = FACE_OUTER_BOUND ( 'NONE', #1702, .T. ) ;
#2046 = EDGE_LOOP ( 'NONE', ( #1208, #938, #1150, #4533 ) ) ;
#2047 = DIRECTION ( 'NONE',  ( 0.000000000000000000, 0.000000000000000000, -1.000000000000000000 ) ) ;
#2048 = CARTESIAN_POINT ( 'NONE',  ( 2.157664343138952834, -1.362499999999999600, -0.08749999999999999445 ) ) ;
#2049 = CARTESIAN_POINT ( 'NONE',  ( -2.050049603465653902, 1.225049603465655501, -1.108249999999999957 ) ) ;
#2050 = FILL_AREA_STYLE ('',( #3100 ) ) ;
#2051 =( LENGTH_UNIT ( ) NAMED_UNIT ( * ) SI_UNIT ( .MILLI., .METRE. ) );
#2052 = FILL_AREA_STYLE_COLOUR ( '', #325 ) ;
#2053 =( NAMED_UNIT ( * ) PLANE_ANGLE_UNIT ( ) SI_UNIT ( $, .RADIAN. ) );
#2054 = ORIENTED_EDGE ( 'NONE', *, *, #207, .F. ) ;
#2055 =( LENGTH_UNIT ( ) NAMED_UNIT ( * ) SI_UNIT ( .MILLI., .METRE. ) );
#2056 = DIRECTION ( 'NONE',  ( 0.000000000000000000, 0.000000000000000000, -1.000000000000000000 ) ) ;
#2057 = PRESENTATION_LAYER_ASSIGNMENT (  '', '', ( #3051 ) ) ;
#2058 = ORIENTED_EDGE ( 'NONE', *, *, #2221, .T. ) ;
#2059 = DIRECTION ( 'NONE',  ( 0.000000000000000000, 0.000000000000000000, 1.000000000000000000 ) ) ;
#2060 = ORIENTED_EDGE ( 'NONE', *, *, #2139, .F. ) ;
#2061 = CARTESIAN_POINT ( 'NONE',  ( 2.157664343138952834, -1.362499999999999600, 0.08749999999999999445 ) ) ;
#2062 = ADVANCED_FACE ( 'NONE', ( #3164 ), #3208, .T. ) ;
#2063 = LINE ( 'NONE', #1707, #242 ) ;
#2064 = DIRECTION ( 'NONE',  ( -0.000000000000000000, 1.000000000000000000, -0.000000000000000000 ) ) ;
#2065 = COLOUR_RGB ( '',0.2862745098039215508, 0.2862745098039215508, 0.2862745098039215508 ) ;
#2066 = CARTESIAN_POINT ( 'NONE',  ( 1.433328814899649029, 1.250277334767677662, -1.155227337044513636 ) ) ;
#2067 = ORIENTED_EDGE ( 'NONE', *, *, #4486, .F. ) ;
#2068 = MECHANICAL_DESIGN_GEOMETRIC_PRESENTATION_REPRESENTATION (  '', ( #2752 ), #2378 ) ;
#2069 = MECHANICAL_DESIGN_GEOMETRIC_PRESENTATION_REPRESENTATION (  '', ( #1531 ), #1722 ) ;
#2070 = SURFACE_STYLE_USAGE ( .BOTH. , #4207 ) ;
#2071 = CARTESIAN_POINT ( 'NONE',  ( -1.464999999999999636, -1.254885260326702667, -1.111385853898029463 ) ) ;
#2072 = CARTESIAN_POINT ( 'NONE',  ( -2.349999999999999645, 1.000000000000000000, -1.313249999999999584 ) ) ;
#2073 = CARTESIAN_POINT ( 'NONE',  ( 1.404999999999999583, 1.213871214864965298, -1.244605263157894770 ) ) ;
#2074 = FILL_AREA_STYLE ('',( #661 ) ) ;
#2075 = PRODUCT_RELATED_PRODUCT_CATEGORY ( 'part', '', ( #3418 ) ) ;
#2076 = CARTESIAN_POINT ( 'NONE',  ( -2.050049603465653902, -1.362499999999999600, -1.108249999999999957 ) ) ;
#2077 = UNCERTAINTY_MEASURE_WITH_UNIT (LENGTH_MEASURE( 1.000000000000000082E-05 ), #2015, 'distance_accuracy_value', 'NONE');
#2078 = ADVANCED_BREP_SHAPE_REPRESENTATION ( 'SS19', ( #1312, #2270, #728, #4367, #193 ), #1278 ) ;
#2079 = ORIENTED_EDGE ( 'NONE', *, *, #3033, .T. ) ;
#2080 = MECHANICAL_DESIGN_GEOMETRIC_PRESENTATION_REPRESENTATION (  '', ( #1037 ), #1623 ) ;
#2081 = CIRCLE ( 'NONE', #1043, 0.1249999999999992645 ) ;
#2082 = SURFACE_SIDE_STYLE ('',( #3866 ) ) ;
#2083 = ORIENTED_EDGE ( 'NONE', *, *, #1450, .T. ) ;
#2084 = MECHANICAL_DESIGN_GEOMETRIC_PRESENTATION_REPRESENTATION (  '', ( #314 ), #1927 ) ;
#2085 = MECHANICAL_DESIGN_GEOMETRIC_PRESENTATION_REPRESENTATION (  '', ( #2559 ), #2924 ) ;
#2086 = CARTESIAN_POINT ( 'NONE',  ( -2.110701337264750954, 1.315536994125800385, 0.5343231537529354869 ) ) ;
#2087 = LINE ( 'NONE', #3175, #98 ) ;
#2088 = PRESENTATION_LAYER_ASSIGNMENT (  '', '', ( #4425 ) ) ;
#2089 = COLOUR_RGB ( '',0.9607843137254902244, 0.9607843137254902244, 0.9607843137254902244 ) ;
#2090 = EDGE_CURVE ( 'NONE', #1353, #1143, #2460, .T. ) ;
#2091 = CARTESIAN_POINT ( 'NONE',  ( -2.187822467004184368, -1.332986810143137024, -0.08443193139771706934 ) ) ;
#2092 = VERTEX_POINT ( 'NONE', #651 ) ;
#2093 = MECHANICAL_DESIGN_GEOMETRIC_PRESENTATION_REPRESENTATION (  '', ( #1933 ), #1413 ) ;
#2094 = CARTESIAN_POINT ( 'NONE',  ( 2.044952048055270755, -1.219952048055269245, 1.156749999999999723 ) ) ;
#2095 = DIRECTION ( 'NONE',  ( -0.000000000000000000, -1.000000000000000000, -0.000000000000000000 ) ) ;
#2096 = VECTOR ( 'NONE', #809, 1000.000000000000000 ) ;
#2097 = ADVANCED_FACE ( 'NONE', ( #4256 ), #1032, .F. ) ;
#2098 = DIRECTION ( 'NONE',  ( 0.000000000000000000, 0.9945218953682734009, 0.1045284632676537068 ) ) ;
#2099 =( NAMED_UNIT ( * ) PLANE_ANGLE_UNIT ( ) SI_UNIT ( $, .RADIAN. ) );
#2100 = STYLED_ITEM ( 'NONE', ( #4411 ), #1811 ) ;
#2101 = SPHERICAL_SURFACE ( 'NONE', #2866, 0.02999999999999999889 ) ;
#2102 = EDGE_CURVE ( 'NONE', #762, #1147, #4314, .T. ) ;
#2103 =( GEOMETRIC_REPRESENTATION_CONTEXT ( 3 ) GLOBAL_UNCERTAINTY_ASSIGNED_CONTEXT ( ( #3582 ) ) GLOBAL_UNIT_ASSIGNED_CONTEXT ( ( #1384, #346, #4216 ) ) REPRESENTATION_CONTEXT ( 'NONE', 'WORKASPACE' ) );
#2104 = FACE_OUTER_BOUND ( 'NONE', #1298, .T. ) ;
#2105 = VERTEX_POINT ( 'NONE', #698 ) ;
#2106 = LINE ( 'NONE', #3191, #2610 ) ;
#2107 = STYLED_ITEM ( 'NONE', ( #39 ), #3991 ) ;
#2108 = LINE ( 'NONE', #2841, #2317 ) ;
#2109 = STYLED_ITEM ( 'NONE', ( #3916 ), #41 ) ;
#2110 = ORIENTED_EDGE ( 'NONE', *, *, #1885, .F. ) ;
#2111 = PRESENTATION_LAYER_ASSIGNMENT (  '', '', ( #4061 ) ) ;
#2112 = VERTEX_POINT ( 'NONE', #1733 ) ;
#2113 = LINE ( 'NONE', #2086, #3091 ) ;
#2114 = DIRECTION ( 'NONE',  ( -1.000000000000000000, -7.228014483236677820E-15, 0.000000000000000000 ) ) ;
#2115 = PLANE ( 'NONE',  #1782 ) ;
#2116 = MECHANICAL_DESIGN_GEOMETRIC_PRESENTATION_REPRESENTATION (  '', ( #3543 ), #2583 ) ;
#2117 = SURFACE_SIDE_STYLE ('',( #1039 ) ) ;
#2118 = VERTEX_POINT ( 'NONE', #401 ) ;
#2119 = FILL_AREA_STYLE_COLOUR ( '', #2034 ) ;
#2120 = CARTESIAN_POINT ( 'NONE',  ( 2.425000000000000266, 1.000000000000000000, -1.013250000000000206 ) ) ;
#2121 = DIRECTION ( 'NONE',  ( 0.000000000000000000, 0.9945218953682735119, -0.1045284632676525272 ) ) ;
#2122 = MECHANICAL_DESIGN_GEOMETRIC_PRESENTATION_REPRESENTATION (  '', ( #1504 ), #2282 ) ;
#2123 = CARTESIAN_POINT ( 'NONE',  ( -1.434999999999999609, 1.222437467483061591, -1.150676406871192770 ) ) ;
#2124 = DIRECTION ( 'NONE',  ( -0.000000000000000000, -1.000000000000000000, -0.000000000000000000 ) ) ;
#2125 = FACE_OUTER_BOUND ( 'NONE', #1465, .T. ) ;
#2126 = EDGE_CURVE ( 'NONE', #133, #1610, #991, .T. ) ;
#2127 =( NAMED_UNIT ( * ) SI_UNIT ( $, .STERADIAN. ) SOLID_ANGLE_UNIT ( ) );
#2128 = UNCERTAINTY_MEASURE_WITH_UNIT (LENGTH_MEASURE( 1.000000000000000082E-05 ), #1622, 'distance_accuracy_value', 'NONE');
#2129 = STYLED_ITEM ( 'NONE', ( #478 ), #3027 ) ;
#2130 = PRESENTATION_STYLE_ASSIGNMENT (( #1139 ) ) ;
#2131 = EDGE_CURVE ( 'NONE', #4558, #4197, #4285, .T. ) ;
#2132 = FACE_OUTER_BOUND ( 'NONE', #481, .T. ) ;
#2133 = SURFACE_STYLE_FILL_AREA ( #35 ) ;
#2134 = FILL_AREA_STYLE_COLOUR ( '', #262 ) ;
#2135 = EDGE_LOOP ( 'NONE', ( #1822, #2058, #2992, #1124 ) ) ;
#2136 = ORIENTED_EDGE ( 'NONE', *, *, #3366, .F. ) ;
#2137 = DIRECTION ( 'NONE',  ( 0.000000000000000000, 0.000000000000000000, -1.000000000000000000 ) ) ;
#2138 = CARTESIAN_POINT ( 'NONE',  ( 2.044952048055270755, 1.219952048055270133, 1.156749999999999723 ) ) ;
#2139 = EDGE_CURVE ( 'NONE', #2507, #2779, #2441, .T. ) ;
#2140 = VECTOR ( 'NONE', #1565, 1000.000000000000000 ) ;
#2141 = FACE_OUTER_BOUND ( 'NONE', #2839, .T. ) ;
#2142 = ORIENTED_EDGE ( 'NONE', *, *, #715, .T. ) ;
#2143 =( LENGTH_UNIT ( ) NAMED_UNIT ( * ) SI_UNIT ( .MILLI., .METRE. ) );
#2144 = CARTESIAN_POINT ( 'NONE',  ( -2.425000000000000266, 1.000000000000000000, -1.013249999999999540 ) ) ;
#2145 =( LENGTH_UNIT ( ) NAMED_UNIT ( * ) SI_UNIT ( .MILLI., .METRE. ) );
#2146 = DIRECTION ( 'NONE',  ( -1.000000000000000000, 0.000000000000000000, -0.000000000000000000 ) ) ;
#2147 = MECHANICAL_DESIGN_GEOMETRIC_PRESENTATION_REPRESENTATION (  '', ( #3127 ), #1904 ) ;
#2148 = CARTESIAN_POINT ( 'NONE',  ( -1.434999999999999609, -1.222437467483060702, -1.150676406871192770 ) ) ;
#2149 = DIRECTION ( 'NONE',  ( 0.000000000000000000, 0.000000000000000000, -1.000000000000000000 ) ) ;
#2150 = LINE ( 'NONE', #3580, #487 ) ;
#2151 = DIRECTION ( 'NONE',  ( 0.000000000000000000, 1.000000000000000000, 0.000000000000000000 ) ) ;
#2152 = EDGE_CURVE ( 'NONE', #4558, #690, #1421, .T. ) ;
#2153 =( NAMED_UNIT ( * ) PLANE_ANGLE_UNIT ( ) SI_UNIT ( $, .RADIAN. ) );
#2154 = CARTESIAN_POINT ( 'NONE',  ( 2.425000000000000266, -1.000000000000000000, -0.2124999999999992728 ) ) ;
#2155 = CARTESIAN_POINT ( 'NONE',  ( 2.300000000000000711, 1.000000000000000000, -0.08750000000000000833 ) ) ;
#2156 = EDGE_CURVE ( 'NONE', #4597, #3679, #3307, .T. ) ;
#2157 = EDGE_LOOP ( 'NONE', ( #674, #2911, #1843 ) ) ;
#2158 =( NAMED_UNIT ( * ) PLANE_ANGLE_UNIT ( ) SI_UNIT ( $, .RADIAN. ) );
#2159 = CARTESIAN_POINT ( 'NONE',  ( -1.607452048055268090, -1.219952048055269245, 1.176749999999999741 ) ) ;
#2160 = AXIS2_PLACEMENT_3D ( 'NONE', #2392, #1598, #1668 ) ;
#2161 =( LENGTH_UNIT ( ) NAMED_UNIT ( * ) SI_UNIT ( .MILLI., .METRE. ) );
#2162 = AXIS2_PLACEMENT_3D ( 'NONE', #4600, #1755, #2531 ) ;
#2163 = PLANE ( 'NONE',  #4010 ) ;
#2164 = VERTEX_POINT ( 'NONE', #3919 ) ;
#2165 = CARTESIAN_POINT ( 'NONE',  ( 1.464999999999999636, 1.254885260326703555, -1.111385853898029463 ) ) ;
#2166 =( NAMED_UNIT ( * ) SI_UNIT ( $, .STERADIAN. ) SOLID_ANGLE_UNIT ( ) );
#2167 = DIRECTION ( 'NONE',  ( -0.000000000000000000, -0.000000000000000000, 1.000000000000000000 ) ) ;
#2168 = AXIS2_PLACEMENT_3D ( 'NONE', #1091, #2193, #3251 ) ;
#2169 = VECTOR ( 'NONE', #1481, 1000.000000000000000 ) ;
#2170 = STYLED_ITEM ( 'NONE', ( #908 ), #1312 ) ;
#2171 = CARTESIAN_POINT ( 'NONE',  ( 1.434999999999999609, 1.222437467483061591, -1.150676406871192770 ) ) ;
#2172 = CARTESIAN_POINT ( 'NONE',  ( 2.158370372468506826, 1.303534715607457706, 0.3646498927503959431 ) ) ;
#2173 = DIRECTION ( 'NONE',  ( 0.000000000000000000, 1.000000000000000000, -0.000000000000000000 ) ) ;
#2174 = UNCERTAINTY_MEASURE_WITH_UNIT (LENGTH_MEASURE( 1.000000000000000082E-05 ), #1607, 'distance_accuracy_value', 'NONE');
#2175 = PRESENTATION_LAYER_ASSIGNMENT (  '', '', ( #3230 ) ) ;
#2176 =( GEOMETRIC_REPRESENTATION_CONTEXT ( 3 ) GLOBAL_UNCERTAINTY_ASSIGNED_CONTEXT ( ( #686 ) ) GLOBAL_UNIT_ASSIGNED_CONTEXT ( ( #702, #363, #1255 ) ) REPRESENTATION_CONTEXT ( 'NONE', 'WORKASPACE' ) );
#2177 = MECHANICAL_DESIGN_GEOMETRIC_PRESENTATION_REPRESENTATION (  '', ( #2932 ), #3074 ) ;
#2178 = FILL_AREA_STYLE ('',( #4310 ) ) ;
#2179 = EDGE_CURVE ( 'NONE', #4220, #926, #4069, .T. ) ;
#2180 = PRESENTATION_LAYER_ASSIGNMENT (  '', '', ( #3087 ) ) ;
#2181 = VERTEX_POINT ( 'NONE', #2159 ) ;
#2182 = EDGE_LOOP ( 'NONE', ( #788, #1362, #2771, #2309 ) ) ;
#2183 = SURFACE_SIDE_STYLE ('',( #3311 ) ) ;
#2184 =( GEOMETRIC_REPRESENTATION_CONTEXT ( 3 ) GLOBAL_UNCERTAINTY_ASSIGNED_CONTEXT ( ( #3774 ) ) GLOBAL_UNIT_ASSIGNED_CONTEXT ( ( #3740, #3007, #1954 ) ) REPRESENTATION_CONTEXT ( 'NONE', 'WORKASPACE' ) );
#2185 = CARTESIAN_POINT ( 'NONE',  ( -1.404999999999999583, 1.248579006210763120, -1.171385853898029517 ) ) ;
#2186 = ADVANCED_FACE ( 'NONE', ( #2807 ), #3082, .T. ) ;
#2187 = COLOUR_RGB ( '',0.9607843137254902244, 0.9607843137254902244, 0.9607843137254902244 ) ;
#2188 = CLOSED_SHELL ( 'NONE', ( #2250, #1503, #307, #542, #1206, #454 ) ) ;
#2189 = ORIENTED_EDGE ( 'NONE', *, *, #1890, .F. ) ;
#2190 = FACE_OUTER_BOUND ( 'NONE', #1810, .T. ) ;
#2191 = EDGE_LOOP ( 'NONE', ( #1561, #198, #1228, #4334 ) ) ;
#2192 = PLANE ( 'NONE',  #1579 ) ;
#2193 = DIRECTION ( 'NONE',  ( 0.000000000000000000, 0.9945218953682734009, -0.1045284632676537068 ) ) ;
#2194 = AXIS2_PLACEMENT_3D ( 'NONE', #2762, #3118, #1220 ) ;
#2195 = VECTOR ( 'NONE', #4004, 1000.000000000000000 ) ;
#2196 = EDGE_CURVE ( 'NONE', #1353, #1462, #1281, .T. ) ;
#2197 = SURFACE_STYLE_FILL_AREA ( #1106 ) ;
#2198 = FACE_OUTER_BOUND ( 'NONE', #1322, .T. ) ;
#2199 = DIRECTION ( 'NONE',  ( 0.000000000000000000, 1.000000000000000000, 0.000000000000000000 ) ) ;
#2200 =( NAMED_UNIT ( * ) SI_UNIT ( $, .STERADIAN. ) SOLID_ANGLE_UNIT ( ) );
#2201 =( NAMED_UNIT ( * ) PLANE_ANGLE_UNIT ( ) SI_UNIT ( $, .RADIAN. ) );
#2202 =( NAMED_UNIT ( * ) PLANE_ANGLE_UNIT ( ) SI_UNIT ( $, .RADIAN. ) );
#2203 = VECTOR ( 'NONE', #1538, 1000.000000000000000 ) ;
#2204 = CARTESIAN_POINT ( 'NONE',  ( 0.000000000000000000, -1.219952048055269245, 1.156749999999999723 ) ) ;
#2205 = DIRECTION ( 'NONE',  ( -1.000000000000000000, 0.000000000000000000, -0.000000000000000000 ) ) ;
#2206 = AXIS2_PLACEMENT_3D ( 'NONE', #4459, #3733, #1173 ) ;
#2207 = CARTESIAN_POINT ( 'NONE',  ( -2.187499999999999112, 1.332664343138952434, -0.08749999999999999445 ) ) ;
#2208 = ORIENTED_EDGE ( 'NONE', *, *, #509, .T. ) ;
#2209 = ORIENTED_EDGE ( 'NONE', *, *, #2770, .F. ) ;
#2210 = DIRECTION ( 'NONE',  ( 0.000000000000000000, 1.000000000000000000, 0.000000000000000000 ) ) ;
#2211 =( NAMED_UNIT ( * ) SI_UNIT ( $, .STERADIAN. ) SOLID_ANGLE_UNIT ( ) );
#2212 = DIRECTION ( 'NONE',  ( 1.000000000000000000, 0.000000000000000000, -4.939143230211658715E-15 ) ) ;
#2213 = ORIENTED_EDGE ( 'NONE', *, *, #3447, .T. ) ;
#2214 = ADVANCED_FACE ( 'NONE', ( #3352 ), #1211, .F. ) ;
#2215 = PRESENTATION_STYLE_ASSIGNMENT (( #4034 ) ) ;
#2216 = SURFACE_SIDE_STYLE ('',( #3986 ) ) ;
#2217 = ORIENTED_EDGE ( 'NONE', *, *, #122, .T. ) ;
#2218 = DIRECTION ( 'NONE',  ( 1.000000000000000000, 0.000000000000000000, 0.000000000000000000 ) ) ;
#2219 = DIRECTION ( 'NONE',  ( -1.000000000000000000, 0.000000000000000000, 0.000000000000000000 ) ) ;
#2220 = DIRECTION ( 'NONE',  ( 1.000000000000000000, -0.000000000000000000, -0.000000000000000000 ) ) ;
#2221 = EDGE_CURVE ( 'NONE', #3777, #4420, #527, .T. ) ;
#2222 = SURFACE_STYLE_FILL_AREA ( #2520 ) ;
#2223 = CARTESIAN_POINT ( 'NONE',  ( 2.299999999999999822, 1.000000000000000000, -1.013250000000000206 ) ) ;
#2224 = UNCERTAINTY_MEASURE_WITH_UNIT (LENGTH_MEASURE( 1.000000000000000082E-05 ), #2055, 'distance_accuracy_value', 'NONE');
#2225 = MECHANICAL_DESIGN_GEOMETRIC_PRESENTATION_REPRESENTATION (  '', ( #371 ), #221 ) ;
#2226 = FILL_AREA_STYLE ('',( #1157 ) ) ;
#2227 = DIRECTION ( 'NONE',  ( -0.000000000000000000, 1.000000000000000000, 0.000000000000000000 ) ) ;
#2228 = ORIENTED_EDGE ( 'NONE', *, *, #3764, .F. ) ;
#2229 = VERTEX_POINT ( 'NONE', #1999 ) ;
#2230 =( LENGTH_UNIT ( ) NAMED_UNIT ( * ) SI_UNIT ( .MILLI., .METRE. ) );
#2231 = ORIENTED_EDGE ( 'NONE', *, *, #2000, .T. ) ;
#2232 = CARTESIAN_POINT ( 'NONE',  ( 1.446675119002776011, 1.252061721435839603, -1.138250031956307140 ) ) ;
#2233 = FACE_OUTER_BOUND ( 'NONE', #3490, .T. ) ;
#2234 = ORIENTED_EDGE ( 'NONE', *, *, #18, .F. ) ;
#2235 = CYLINDRICAL_SURFACE ( 'NONE', #3882, 0.03000000000000007869 ) ;
#2236 =( NAMED_UNIT ( * ) PLANE_ANGLE_UNIT ( ) SI_UNIT ( $, .RADIAN. ) );
#2237 = STYLED_ITEM ( 'NONE', ( #1846 ), #3328 ) ;
#2238 = LINE ( 'NONE', #3604, #3227 ) ;
#2239 = STYLED_ITEM ( 'NONE', ( #1618 ), #798 ) ;
#2240 = ADVANCED_FACE ( 'NONE', ( #1295 ), #4119, .T. ) ;
#2241 = COLOUR_RGB ( '',0.8039215686274510109, 0.8039215686274510109, 0.8039215686274510109 ) ;
#2242 = VECTOR ( 'NONE', #3131, 999.9999999999998863 ) ;
#2243 = FACE_OUTER_BOUND ( 'NONE', #286, .T. ) ;
#2244 = FILL_AREA_STYLE ('',( #2274 ) ) ;
#2245 = EDGE_CURVE ( 'NONE', #2256, #1428, #4527, .T. ) ;
#2246 = AXIS2_PLACEMENT_3D ( 'NONE', #1797, #1055, #3610 ) ;
#2247 = CIRCLE ( 'NONE', #24, 0.03000000000000007869 ) ;
#2248 =( NAMED_UNIT ( * ) SI_UNIT ( $, .STERADIAN. ) SOLID_ANGLE_UNIT ( ) );
#2249 = SURFACE_STYLE_FILL_AREA ( #1158 ) ;
#2250 = ADVANCED_FACE ( 'NONE', ( #2833 ), #4266, .T. ) ;
#2251 = CIRCLE ( 'NONE', #1714, 0.03000000000000007869 ) ;
#2252 = ORIENTED_EDGE ( 'NONE', *, *, #3950, .T. ) ;
#2253 =( NAMED_UNIT ( * ) SI_UNIT ( $, .STERADIAN. ) SOLID_ANGLE_UNIT ( ) );
#2254 = DIRECTION ( 'NONE',  ( 4.939143230211658715E-15, -0.000000000000000000, 1.000000000000000000 ) ) ;
#2255 = VECTOR ( 'NONE', #1095, 999.9999999999998863 ) ;
#2256 = VERTEX_POINT ( 'NONE', #2605 ) ;
#2257 = FILL_AREA_STYLE ('',( #832 ) ) ;
#2258 = DIRECTION ( 'NONE',  ( 0.000000000000000000, 0.000000000000000000, -1.000000000000000000 ) ) ;
#2259 = FACE_OUTER_BOUND ( 'NONE', #4403, .T. ) ;
#2260 = ORIENTED_EDGE ( 'NONE', *, *, #2887, .T. ) ;
#2261 = CARTESIAN_POINT ( 'NONE',  ( 1.479999999999999538, -1.000000000000000000, -1.138249999999999984 ) ) ;
#2262 =( NAMED_UNIT ( * ) SI_UNIT ( $, .STERADIAN. ) SOLID_ANGLE_UNIT ( ) );
#2263 =( NAMED_UNIT ( * ) SI_UNIT ( $, .STERADIAN. ) SOLID_ANGLE_UNIT ( ) );
#2264 =( GEOMETRIC_REPRESENTATION_CONTEXT ( 3 ) GLOBAL_UNCERTAINTY_ASSIGNED_CONTEXT ( ( #2985 ) ) GLOBAL_UNIT_ASSIGNED_CONTEXT ( ( #2459, #1301, #2757 ) ) REPRESENTATION_CONTEXT ( 'NONE', 'WORKASPACE' ) );
#2265 = CARTESIAN_POINT ( 'NONE',  ( 1.434999999999999609, -1.218743349349714178, -1.168250000000000011 ) ) ;
#2266 = PRESENTATION_LAYER_ASSIGNMENT (  '', '', ( #1425 ) ) ;
#2267 = CARTESIAN_POINT ( 'NONE',  ( -2.044952048055268534, 1.219952048055270133, 1.156749999999999723 ) ) ;
#2268 = EDGE_LOOP ( 'NONE', ( #3658, #1953, #4337, #1558 ) ) ;
#2269 = MECHANICAL_DESIGN_GEOMETRIC_PRESENTATION_REPRESENTATION (  '', ( #1576 ), #2797 ) ;
#2270 = MANIFOLD_SOLID_BREP ( 'Boss-Extrude4[2]', #3465 ) ;
#2271 = STYLED_ITEM ( 'NONE', ( #316 ), #227 ) ;
#2272 = PRESENTATION_STYLE_ASSIGNMENT (( #799 ) ) ;
#2273 = CARTESIAN_POINT ( 'NONE',  ( -2.158370372468504161, 1.303534715607458150, -0.3646498927503959986 ) ) ;
#2274 = FILL_AREA_STYLE_COLOUR ( '', #2481 ) ;
#2275 = CIRCLE ( 'NONE', #636, 0.03000000000000007869 ) ;
#2276 = SURFACE_STYLE_USAGE ( .BOTH. , #4410 ) ;
#2277 = ADVANCED_FACE ( 'NONE', ( #2198 ), #3606, .T. ) ;
#2278 = CARTESIAN_POINT ( 'NONE',  ( -1.607452048055268090, 1.219952048055269911, 1.176749999999999741 ) ) ;
#2279 = PLANE ( 'NONE',  #45 ) ;
#2280 = UNCERTAINTY_MEASURE_WITH_UNIT (LENGTH_MEASURE( 1.000000000000000082E-05 ), #3644, 'distance_accuracy_value', 'NONE');
#2281 =( BOUNDED_SURFACE ( )  B_SPLINE_SURFACE ( 3, 2, ( 
 ( #4362, #1129, #339 ),
 ( #1740, #4605, #2830 ),
 ( #1381, #1763, #3556 ),
 ( #3204, #2859, #4295 ) ),
 .UNSPECIFIED., .F., .F., .F. ) 
 B_SPLINE_SURFACE_WITH_KNOTS ( ( 4, 4 ),
 ( 3, 3 ),
 ( 4.712388980384689674, 6.283185307179586232 ),
 ( 0.000000000000000000, 1.000000000000000000 ),
 .UNSPECIFIED. ) 
 GEOMETRIC_REPRESENTATION_ITEM ( )  RATIONAL_B_SPLINE_SURFACE ( (
 ( 1.000000000000000000, 0.7071067811865475727, 1.000000000000000000),
 ( 1.000000000000000000, 0.7268735113059111574, 1.000000000000000000),
 ( 1.000000000000000000, 0.7436208661149377175, 1.000000000000000000),
 ( 1.000000000000000000, 0.7431448254773939111, 1.000000000000000000) ) ) 
 REPRESENTATION_ITEM ( '' )  SURFACE ( )  );
#2282 =( GEOMETRIC_REPRESENTATION_CONTEXT ( 3 ) GLOBAL_UNCERTAINTY_ASSIGNED_CONTEXT ( ( #4305 ) ) GLOBAL_UNIT_ASSIGNED_CONTEXT ( ( #670, #381, #3523 ) ) REPRESENTATION_CONTEXT ( 'NONE', 'WORKASPACE' ) );
#2283 = SURFACE_STYLE_FILL_AREA ( #2960 ) ;
#2284 = EDGE_CURVE ( 'NONE', #4483, #583, #2407, .T. ) ;
#2285 = ORIENTED_EDGE ( 'NONE', *, *, #2126, .T. ) ;
#2286 = PRESENTATION_LAYER_ASSIGNMENT (  '', '', ( #3479 ) ) ;
#2287 = CARTESIAN_POINT ( 'NONE',  ( 2.050049603465656123, -1.225049603465654835, -1.108249999999999957 ) ) ;
#2288 = EDGE_LOOP ( 'NONE', ( #3130, #4467, #4401, #3845 ) ) ;
#2289 = DIRECTION ( 'NONE',  ( 0.000000000000000000, 1.000000000000000000, 0.000000000000000000 ) ) ;
#2290 = VERTEX_POINT ( 'NONE', #3803 ) ;
#2291 = LINE ( 'NONE', #3701, #4386 ) ;
#2292 = SURFACE_STYLE_FILL_AREA ( #1593 ) ;
#2293 =( NAMED_UNIT ( * ) PLANE_ANGLE_UNIT ( ) SI_UNIT ( $, .RADIAN. ) );
#2294 = DIRECTION ( 'NONE',  ( -0.000000000000000000, -1.000000000000000000, -0.000000000000000000 ) ) ;
#2295 = DIRECTION ( 'NONE',  ( 0.000000000000000000, 0.000000000000000000, -1.000000000000000000 ) ) ;
#2296 = COLOUR_RGB ( '',0.8039215686274510109, 0.8039215686274510109, 0.8039215686274510109 ) ;
#2297 =( NAMED_UNIT ( * ) PLANE_ANGLE_UNIT ( ) SI_UNIT ( $, .RADIAN. ) );
#2298 = EDGE_CURVE ( 'NONE', #3035, #2785, #4151, .T. ) ;
#2299 = VECTOR ( 'NONE', #1750, 1000.000000000000000 ) ;
#2300 = ORIENTED_EDGE ( 'NONE', *, *, #3695, .T. ) ;
#2301 =( LENGTH_UNIT ( ) NAMED_UNIT ( * ) SI_UNIT ( .MILLI., .METRE. ) );
#2302 = PRESENTATION_STYLE_ASSIGNMENT (( #3106 ) ) ;
#2303 = EDGE_CURVE ( 'NONE', #3400, #133, #2312, .T. ) ;
#2304 = FILL_AREA_STYLE ('',( #2670 ) ) ;
#2305 = VERTEX_POINT ( 'NONE', #3362 ) ;
#2306 = ORIENTED_EDGE ( 'NONE', *, *, #148, .F. ) ;
#2307 =( NAMED_UNIT ( * ) PLANE_ANGLE_UNIT ( ) SI_UNIT ( $, .RADIAN. ) );
#2308 = CARTESIAN_POINT ( 'NONE',  ( -1.446675119002776233, 1.252061721435839381, -1.138250031956307140 ) ) ;
#2309 = ORIENTED_EDGE ( 'NONE', *, *, #623, .T. ) ;
#2310 = DIRECTION ( 'NONE',  ( -0.9945218953682734009, 0.000000000000000000, 0.1045284632676537068 ) ) ;
#2311 = DIRECTION ( 'NONE',  ( 0.000000000000000000, -1.000000000000000000, -0.000000000000000000 ) ) ;
#2312 = LINE ( 'NONE', #4429, #2748 ) ;
#2313 = SURFACE_STYLE_USAGE ( .BOTH. , #879 ) ;
#2314 = VERTEX_POINT ( 'NONE', #1989 ) ;
#2315 = FILL_AREA_STYLE_COLOUR ( '', #2187 ) ;
#2316 = DIRECTION ( 'NONE',  ( 0.9945218953682734009, 0.000000000000000000, 0.1045284632676531100 ) ) ;
#2317 = VECTOR ( 'NONE', #4281, 1000.000000000000000 ) ;
#2318 = STYLED_ITEM ( 'NONE', ( #1008 ), #1202 ) ;
#2319 = FILL_AREA_STYLE ('',( #4093 ) ) ;
#2320 = DIRECTION ( 'NONE',  ( -0.000000000000000000, -0.000000000000000000, 1.000000000000000000 ) ) ;
#2321 = FILL_AREA_STYLE_COLOUR ( '', #4053 ) ;
#2322 = UNCERTAINTY_MEASURE_WITH_UNIT (LENGTH_MEASURE( 1.000000000000000082E-05 ), #1244, 'distance_accuracy_value', 'NONE');
#2323 = MECHANICAL_DESIGN_GEOMETRIC_PRESENTATION_REPRESENTATION (  '', ( #2170 ), #617 ) ;
#2324 = AXIS2_PLACEMENT_3D ( 'NONE', #608, #3872, #994 ) ;
#2325 = ORIENTED_EDGE ( 'NONE', *, *, #2547, .F. ) ;
#2326 = EDGE_CURVE ( 'NONE', #3110, #1847, #3726, .T. ) ;
#2327 = SURFACE_STYLE_USAGE ( .BOTH. , #3037 ) ;
#2328 = UNCERTAINTY_MEASURE_WITH_UNIT (LENGTH_MEASURE( 1.000000000000000082E-05 ), #318, 'distance_accuracy_value', 'NONE');
#2329 = STYLED_ITEM ( 'NONE', ( #3316 ), #1542 ) ;
#2330 = CARTESIAN_POINT ( 'NONE',  ( 2.425000000000000266, 1.000000000000000000, -1.013250000000000206 ) ) ;
#2331 = VERTEX_POINT ( 'NONE', #3410 ) ;
#2332 = LINE ( 'NONE', #495, #2096 ) ;
#2333 = SURFACE_STYLE_USAGE ( .BOTH. , #4104 ) ;
#2334 = ORIENTED_EDGE ( 'NONE', *, *, #2708, .T. ) ;
#2335 = VECTOR ( 'NONE', #1024, 1000.000000000000000 ) ;
#2336 = EDGE_CURVE ( 'NONE', #151, #3758, #2674, .T. ) ;
#2337 = DIRECTION ( 'NONE',  ( 0.1045284632676537068, 0.000000000000000000, 0.9945218953682734009 ) ) ;
#2338 = CARTESIAN_POINT ( 'NONE',  ( -2.074787704916317033, 1.246964169384205290, 1.159885853898029451 ) ) ;
#2339 = FACE_OUTER_BOUND ( 'NONE', #4450, .T. ) ;
#2340 = VERTEX_POINT ( 'NONE', #1217 ) ;
#2341 = ADVANCED_FACE ( 'NONE', ( #1238 ), #222, .T. ) ;
#2342 = PRESENTATION_STYLE_ASSIGNMENT (( #945 ) ) ;
#2343 = SURFACE_STYLE_FILL_AREA ( #181 ) ;
#2344 = VECTOR ( 'NONE', #3349, 1000.000000000000000 ) ;
#2345 =( NAMED_UNIT ( * ) SI_UNIT ( $, .STERADIAN. ) SOLID_ANGLE_UNIT ( ) );
#2346 = VECTOR ( 'NONE', #1109, 1000.000000000000114 ) ;
#2347 = SURFACE_STYLE_USAGE ( .BOTH. , #3509 ) ;
#2348 = CARTESIAN_POINT ( 'NONE',  ( 2.187500000000001332, -1.332499999999999574, 0.08749999999999999445 ) ) ;
#2349 = AXIS2_PLACEMENT_3D ( 'NONE', #2625, #1812, #3292 ) ;
#2350 = DIRECTION ( 'NONE',  ( 0.000000000000000000, 1.000000000000000000, 0.000000000000000000 ) ) ;
#2351 =( NAMED_UNIT ( * ) SI_UNIT ( $, .STERADIAN. ) SOLID_ANGLE_UNIT ( ) );
#2352 = ORIENTED_EDGE ( 'NONE', *, *, #3447, .F. ) ;
#2353 = CARTESIAN_POINT ( 'NONE',  ( -1.479999999999999982, -1.000000000000000000, -1.313249999999999806 ) ) ;
#2354 = LINE ( 'NONE', #916, #982 ) ;
#2355 = CARTESIAN_POINT ( 'NONE',  ( 2.050049603465656123, -1.362499999999999600, -1.138249999999999984 ) ) ;
#2356 =( GEOMETRIC_REPRESENTATION_CONTEXT ( 3 ) GLOBAL_UNCERTAINTY_ASSIGNED_CONTEXT ( ( #4000 ) ) GLOBAL_UNIT_ASSIGNED_CONTEXT ( ( #1358, #3132, #4514 ) ) REPRESENTATION_CONTEXT ( 'NONE', 'WORKASPACE' ) );
#2357 = ORIENTED_EDGE ( 'NONE', *, *, #2488, .F. ) ;
#2358 =( LENGTH_UNIT ( ) NAMED_UNIT ( * ) SI_UNIT ( .MILLI., .METRE. ) );
#2359 = ORIENTED_EDGE ( 'NONE', *, *, #2875, .F. ) ;
#2360 = PRESENTATION_LAYER_ASSIGNMENT (  '', '', ( #4524 ) ) ;
#2361 = DIRECTION ( 'NONE',  ( 0.000000000000000000, 0.000000000000000000, 1.000000000000000000 ) ) ;
#2362 = EDGE_CURVE ( 'NONE', #603, #3229, #584, .T. ) ;
#2363 = COLOUR_RGB ( '',0.2862745098039215508, 0.2862745098039215508, 0.2862745098039215508 ) ;
#2364 = DIRECTION ( 'NONE',  ( 0.9945218953682734009, 0.000000000000000000, 0.1045284632676537068 ) ) ;
#2365 = SURFACE_STYLE_USAGE ( .BOTH. , #1615 ) ;
#2366 = ORIENTED_EDGE ( 'NONE', *, *, #709, .F. ) ;
#2367 = CARTESIAN_POINT ( 'NONE',  ( -2.044952048055268090, -1.219952048055269245, 1.176749999999999741 ) ) ;
#2368 = EDGE_CURVE ( 'NONE', #4449, #2092, #2385, .T. ) ;
#2369 = DIRECTION ( 'NONE',  ( 0.000000000000000000, -0.000000000000000000, 1.000000000000000000 ) ) ;
#2370 = DIRECTION ( 'NONE',  ( -0.000000000000000000, -1.000000000000000000, -0.000000000000000000 ) ) ;
#2371 = UNCERTAINTY_MEASURE_WITH_UNIT (LENGTH_MEASURE( 1.000000000000000082E-05 ), #974, 'distance_accuracy_value', 'NONE');
#2372 = PRESENTATION_STYLE_ASSIGNMENT (( #1 ) ) ;
#2373 = ORIENTED_EDGE ( 'NONE', *, *, #1075, .F. ) ;
#2374 = PRESENTATION_STYLE_ASSIGNMENT (( #933 ) ) ;
#2375 =( GEOMETRIC_REPRESENTATION_CONTEXT ( 3 ) GLOBAL_UNCERTAINTY_ASSIGNED_CONTEXT ( ( #4438 ) ) GLOBAL_UNIT_ASSIGNED_CONTEXT ( ( #3201, #332, #3177 ) ) REPRESENTATION_CONTEXT ( 'NONE', 'WORKASPACE' ) );
#2376 = FILL_AREA_STYLE ('',( #3773 ) ) ;
#2377 = FACE_OUTER_BOUND ( 'NONE', #4146, .T. ) ;
#2378 =( GEOMETRIC_REPRESENTATION_CONTEXT ( 3 ) GLOBAL_UNCERTAINTY_ASSIGNED_CONTEXT ( ( #2224 ) ) GLOBAL_UNIT_ASSIGNED_CONTEXT ( ( #2055, #1348, #666 ) ) REPRESENTATION_CONTEXT ( 'NONE', 'WORKASPACE' ) );
#2379 = DIRECTION ( 'NONE',  ( 0.000000000000000000, 0.000000000000000000, -1.000000000000000000 ) ) ;
#2380 = EDGE_LOOP ( 'NONE', ( #4062, #648, #1297, #3827, #2718, #398, #3220, #4528, #3057, #2306, #179, #1580 ) ) ;
#2381 = ORIENTED_EDGE ( 'NONE', *, *, #2716, .T. ) ;
#2382 = DIRECTION ( 'NONE',  ( -1.000000000000000000, 4.956352788505164254E-16, 0.000000000000000000 ) ) ;
#2383 = CARTESIAN_POINT ( 'NONE',  ( 1.464999999999999636, -1.254885260326702667, -1.111385853898029463 ) ) ;
#2384 = CARTESIAN_POINT ( 'NONE',  ( -1.434999999999999609, -1.240883336193899567, -1.214605263157894743 ) ) ;
#2385 = LINE ( 'NONE', #1638, #1456 ) ;
#2386 = FACE_OUTER_BOUND ( 'NONE', #2191, .T. ) ;
#2387 = VERTEX_POINT ( 'NONE', #155 ) ;
#2388 = LINE ( 'NONE', #612, #4211 ) ;
#2389 = FACE_OUTER_BOUND ( 'NONE', #299, .T. ) ;
#2390 = DIRECTION ( 'NONE',  ( -0.000000000000000000, -1.000000000000000000, -0.000000000000000000 ) ) ;
#2391 = EDGE_CURVE ( 'NONE', #4597, #133, #1979, .T. ) ;
#2392 = CARTESIAN_POINT ( 'NONE',  ( 0.000000000000000000, 0.000000000000000000, 1.186749999999999972 ) ) ;
#2393 =( NAMED_UNIT ( * ) PLANE_ANGLE_UNIT ( ) SI_UNIT ( $, .RADIAN. ) );
#2394 =( NAMED_UNIT ( * ) PLANE_ANGLE_UNIT ( ) SI_UNIT ( $, .RADIAN. ) );
#2395 = VECTOR ( 'NONE', #4210, 1000.000000000000000 ) ;
#2396 = SURFACE_STYLE_USAGE ( .BOTH. , #2768 ) ;
#2397 = EDGE_CURVE ( 'NONE', #79, #926, #3109, .T. ) ;
#2398 = FILL_AREA_STYLE ('',( #2746 ) ) ;
#2399 = STYLED_ITEM ( 'NONE', ( #129 ), #3332 ) ;
#2400 = MECHANICAL_DESIGN_GEOMETRIC_PRESENTATION_REPRESENTATION (  '', ( #4555 ), #671 ) ;
#2401 = EDGE_LOOP ( 'NONE', ( #2217, #1699, #3116, #1541 ) ) ;
#2402 = PRESENTATION_LAYER_ASSIGNMENT (  '', '', ( #31 ) ) ;
#2403 = CARTESIAN_POINT ( 'NONE',  ( -2.187500000000001332, -1.000000000000000000, 0.08750000000000053568 ) ) ;
#2404 = PRESENTATION_LAYER_ASSIGNMENT (  '', '', ( #4418 ) ) ;
#2405 = PRESENTATION_LAYER_ASSIGNMENT (  '', '', ( #756 ) ) ;
#2406 = STYLED_ITEM ( 'NONE', ( #2860 ), #595 ) ;
#2407 =( BOUNDED_CURVE ( )  B_SPLINE_CURVE ( 3, ( #547, #524, #175, #4473 ),
 .UNSPECIFIED., .F., .F. ) 
 B_SPLINE_CURVE_WITH_KNOTS ( ( 4, 4 ),
 ( 2.361665139862965557, 3.921520167316613570 ),
 .UNSPECIFIED. ) 
 CURVE ( )  GEOMETRIC_REPRESENTATION_ITEM ( )  RATIONAL_B_SPLINE_CURVE ( ( 1.000000000000000000, 0.8073096761657796439, 0.8073096761657796439, 1.000000000000000000 ) ) 
 REPRESENTATION_ITEM ( '' )  );
#2408 = EDGE_LOOP ( 'NONE', ( #3593, #2038, #3981, #2260, #1491, #86 ) ) ;
#2409 = EDGE_LOOP ( 'NONE', ( #1392, #3542, #502, #3711, #3797, #3334 ) ) ;
#2410 = DIRECTION ( 'NONE',  ( -0.1039620511844979306, 0.1039620511844979306, 0.9891328443778538704 ) ) ;
#2411 = ORIENTED_EDGE ( 'NONE', *, *, #3081, .T. ) ;
#2412 =( LENGTH_UNIT ( ) NAMED_UNIT ( * ) SI_UNIT ( .MILLI., .METRE. ) );
#2413 = FILL_AREA_STYLE ('',( #4553 ) ) ;
#2414 = MECHANICAL_DESIGN_GEOMETRIC_PRESENTATION_REPRESENTATION (  '', ( #4287 ), #475 ) ;
#2415 = PLANE ( 'NONE',  #2925 ) ;
#2416 = VERTEX_POINT ( 'NONE', #4576 ) ;
#2417 = SURFACE_STYLE_USAGE ( .BOTH. , #971 ) ;
#2418 = CYLINDRICAL_SURFACE ( 'NONE', #2958, 0.03000000000000007869 ) ;
#2419 = DIRECTION ( 'NONE',  ( 0.000000000000000000, 1.000000000000000000, 0.000000000000000000 ) ) ;
#2420 = CARTESIAN_POINT ( 'NONE',  ( -1.434999999999999609, -1.362499999999999600, -1.244605263157895436 ) ) ;
#2421 = AXIS2_PLACEMENT_3D ( 'NONE', #2076, #2151, #3538 ) ;
#2422 = DIRECTION ( 'NONE',  ( 0.000000000000000000, 0.000000000000000000, -1.000000000000000000 ) ) ;
#2423 =( LENGTH_UNIT ( ) NAMED_UNIT ( * ) SI_UNIT ( .MILLI., .METRE. ) );
#2424 = SURFACE_STYLE_FILL_AREA ( #4328 ) ;
#2425 = MECHANICAL_DESIGN_GEOMETRIC_PRESENTATION_REPRESENTATION (  '', ( #2107 ), #3611 ) ;
#2426 =( GEOMETRIC_REPRESENTATION_CONTEXT ( 3 ) GLOBAL_UNCERTAINTY_ASSIGNED_CONTEXT ( ( #910 ) ) GLOBAL_UNIT_ASSIGNED_CONTEXT ( ( #3746, #1934, #1583 ) ) REPRESENTATION_CONTEXT ( 'NONE', 'WORKASPACE' ) );
#2427 = EDGE_CURVE ( 'NONE', #2290, #1459, #1523, .T. ) ;
#2428 = ORIENTED_EDGE ( 'NONE', *, *, #4074, .F. ) ;
#2429 = STYLED_ITEM ( 'NONE', ( #2374 ), #4258 ) ;
#2430 = PRESENTATION_STYLE_ASSIGNMENT (( #2525 ) ) ;
#2431 = DIRECTION ( 'NONE',  ( 0.1039620511844979445, -0.1039620511844979445, 0.9891328443778539814 ) ) ;
#2432 = CIRCLE ( 'NONE', #271, 0.1249999999999998890 ) ;
#2433 = EDGE_CURVE ( 'NONE', #1280, #194, #2805, .T. ) ;
#2434 = FILL_AREA_STYLE ('',( #1730 ) ) ;
#2435 = ORIENTED_EDGE ( 'NONE', *, *, #3461, .F. ) ;
#2436 = PRESENTATION_LAYER_ASSIGNMENT (  '', '', ( #2725 ) ) ;
#2437 = CARTESIAN_POINT ( 'NONE',  ( -2.157499999999998863, -1.362499999999999600, 0.08749999999999999445 ) ) ;
#2438 = ORIENTED_EDGE ( 'NONE', *, *, #1564, .T. ) ;
#2439 = CARTESIAN_POINT ( 'NONE',  ( -2.187499999999999112, 1.332500000000000462, 0.08749999999999999445 ) ) ;
#2440 = CARTESIAN_POINT ( 'NONE',  ( -2.157499999999998863, 1.332500000000000462, 0.08749999999999999445 ) ) ;
#2441 = LINE ( 'NONE', #3570, #2937 ) ;
#2442 = LINE ( 'NONE', #1683, #4072 ) ;
#2443 = VECTOR ( 'NONE', #402, 1000.000000000000000 ) ;
#2444 = LINE ( 'NONE', #333, #1480 ) ;
#2445 = ORIENTED_EDGE ( 'NONE', *, *, #75, .T. ) ;
#2446 = DIRECTION ( 'NONE',  ( 0.000000000000000000, -0.9945218953682735119, 0.1045284632676525272 ) ) ;
#2447 = CARTESIAN_POINT ( 'NONE',  ( -2.425000000000000266, -1.000000000000000000, -1.013249999999999540 ) ) ;
#2448 = FACE_OUTER_BOUND ( 'NONE', #4419, .T. ) ;
#2449 = LINE ( 'NONE', #3506, #3661 ) ;
#2450 =( GEOMETRIC_REPRESENTATION_CONTEXT ( 3 ) GLOBAL_UNCERTAINTY_ASSIGNED_CONTEXT ( ( #93 ) ) GLOBAL_UNIT_ASSIGNED_CONTEXT ( ( #22, #387, #1831 ) ) REPRESENTATION_CONTEXT ( 'NONE', 'WORKASPACE' ) );
#2451 = SURFACE_STYLE_FILL_AREA ( #2792 ) ;
#2452 = LINE ( 'NONE', #639, #465 ) ;
#2453 = DIRECTION ( 'NONE',  ( 0.000000000000000000, 0.1045284632676537068, -0.9945218953682734009 ) ) ;
#2454 = CARTESIAN_POINT ( 'NONE',  ( -2.299999999999999822, -1.000000000000000000, -1.138249999999999318 ) ) ;
#2455 = EDGE_LOOP ( 'NONE', ( #2642, #126, #4466, #3202 ) ) ;
#2456 = CARTESIAN_POINT ( 'NONE',  ( 1.434999999999999831, -1.218743349349714178, -1.168250000000000011 ) ) ;
#2457 = VECTOR ( 'NONE', #1048, 1000.000000000000000 ) ;
#2458 = VERTEX_POINT ( 'NONE', #3826 ) ;
#2459 =( LENGTH_UNIT ( ) NAMED_UNIT ( * ) SI_UNIT ( .MILLI., .METRE. ) );
#2460 = LINE ( 'NONE', #3244, #773 ) ;
#2461 = DIRECTION ( 'NONE',  ( -0.000000000000000000, -1.000000000000000000, -0.000000000000000000 ) ) ;
#2462 = DIRECTION ( 'NONE',  ( 0.000000000000000000, 0.000000000000000000, -1.000000000000000000 ) ) ;
#2463 = SURFACE_STYLE_USAGE ( .BOTH. , #1427 ) ;
#2464 = ORIENTED_EDGE ( 'NONE', *, *, #2196, .F. ) ;
#2465 = CARTESIAN_POINT ( 'NONE',  ( 1.434999999999999609, -1.362499999999999600, -1.138249999999999984 ) ) ;
#2466 = CARTESIAN_POINT ( 'NONE',  ( -1.404999999999999583, -1.248579006210762232, -1.171385853898029517 ) ) ;
#2467 = EDGE_CURVE ( 'NONE', #4512, #3553, #4158, .T. ) ;
#2468 = FILL_AREA_STYLE_COLOUR ( '', #1631 ) ;
#2469 = SURFACE_STYLE_USAGE ( .BOTH. , #752 ) ;
#2470 = DIRECTION ( 'NONE',  ( -1.000000000000000000, 0.000000000000000000, 0.000000000000000000 ) ) ;
#2471 = UNCERTAINTY_MEASURE_WITH_UNIT (LENGTH_MEASURE( 1.000000000000000082E-05 ), #3396, 'distance_accuracy_value', 'NONE');
#2472 = CARTESIAN_POINT ( 'NONE',  ( -1.464999999999999414, 1.252061724794590880, -1.138249999999999984 ) ) ;
#2473 = VERTEX_POINT ( 'NONE', #2437 ) ;
#2474 = PRESENTATION_LAYER_ASSIGNMENT (  '', '', ( #2237 ) ) ;
#2475 = CARTESIAN_POINT ( 'NONE',  ( -1.607452048055268090, 1.219952048055269911, 1.176749999999999741 ) ) ;
#2476 = PRESENTATION_LAYER_ASSIGNMENT (  '', '', ( #4489 ) ) ;
#2477 = PRESENTATION_LAYER_ASSIGNMENT (  '', '', ( #4492 ) ) ;
#2478 =( LENGTH_UNIT ( ) NAMED_UNIT ( * ) SI_UNIT ( .MILLI., .METRE. ) );
#2479 = ORIENTED_EDGE ( 'NONE', *, *, #212, .T. ) ;
#2480 = PRESENTATION_LAYER_ASSIGNMENT (  '', '', ( #4493 ) ) ;
#2481 = COLOUR_RGB ( '',0.2862745098039215508, 0.2862745098039215508, 0.2862745098039215508 ) ;
#2482 = CARTESIAN_POINT ( 'NONE',  ( -1.607452048055268090, 1.219952048055269911, 1.176749999999999741 ) ) ;
#2483 = CARTESIAN_POINT ( 'NONE',  ( 1.464999999999999636, -1.362499999999999600, -1.168250000000000011 ) ) ;
#2484 = DIRECTION ( 'NONE',  ( -0.000000000000000000, -1.000000000000000000, -0.000000000000000000 ) ) ;
#2485 = CARTESIAN_POINT ( 'NONE',  ( -1.479999999999999982, 1.000000000000000000, -1.313249999999999806 ) ) ;
#2486 =( GEOMETRIC_REPRESENTATION_CONTEXT ( 3 ) GLOBAL_UNCERTAINTY_ASSIGNED_CONTEXT ( ( #2471 ) ) GLOBAL_UNIT_ASSIGNED_CONTEXT ( ( #3396, #4184, #3765 ) ) REPRESENTATION_CONTEXT ( 'NONE', 'WORKASPACE' ) );
#2487 = PRESENTATION_LAYER_ASSIGNMENT (  '', '', ( #4499 ) ) ;
#2488 = EDGE_CURVE ( 'NONE', #4220, #1527, #1680, .T. ) ;
#2489 = CARTESIAN_POINT ( 'NONE',  ( -1.479999999999999982, -1.000000000000000000, -1.313249999999999806 ) ) ;
#2490 = CARTESIAN_POINT ( 'NONE',  ( 1.464999999999999636, -1.225049603465654613, -1.138249999999999984 ) ) ;
#2491 = ORIENTED_EDGE ( 'NONE', *, *, #3598, .T. ) ;
#2492 = SURFACE_SIDE_STYLE ('',( #656 ) ) ;
#2493 = DIRECTION ( 'NONE',  ( -0.000000000000000000, -1.000000000000000000, -0.000000000000000000 ) ) ;
#2494 = EDGE_CURVE ( 'NONE', #1459, #3084, #302, .T. ) ;
#2495 = CARTESIAN_POINT ( 'NONE',  ( 2.050049603465656123, 1.225049603465655501, -1.108249999999999957 ) ) ;
#2496 = VECTOR ( 'NONE', #2544, 1000.000000000000000 ) ;
#2497 = FILL_AREA_STYLE_COLOUR ( '', #1047 ) ;
#2498 = FACE_OUTER_BOUND ( 'NONE', #722, .T. ) ;
#2499 = MECHANICAL_DESIGN_GEOMETRIC_PRESENTATION_REPRESENTATION (  '', ( #4579 ), #3742 ) ;
#2500 =( NAMED_UNIT ( * ) SI_UNIT ( $, .STERADIAN. ) SOLID_ANGLE_UNIT ( ) );
#2501 = ORIENTED_EDGE ( 'NONE', *, *, #3422, .F. ) ;
#2502 = CARTESIAN_POINT ( 'NONE',  ( -2.157986810143135870, -1.332986810143137024, 0.08129607749968742469 ) ) ;
#2503 = AXIS2_PLACEMENT_3D ( 'NONE', #400, #379, #1778 ) ;
#2504 = LINE ( 'NONE', #718, #2843 ) ;
#2505 = COLOUR_RGB ( '',0.8039215686274510109, 0.8039215686274510109, 0.8039215686274510109 ) ;
#2506 = CARTESIAN_POINT ( 'NONE',  ( 1.432317204379275122, -1.254885256351445211, -1.111385891720079622 ) ) ;
#2507 = VERTEX_POINT ( 'NONE', #2778 ) ;
#2508 = AXIS2_PLACEMENT_3D ( 'NONE', #1119, #144, #2593 ) ;
#2509 = CARTESIAN_POINT ( 'NONE',  ( 2.157986810143138534, 1.362822467004185967, 0.08443193139771702771 ) ) ;
#2510 = DIRECTION ( 'NONE',  ( -1.000000000000000000, 0.000000000000000000, -0.000000000000000000 ) ) ;
#2511 = STYLED_ITEM ( 'NONE', ( #20 ), #4482 ) ;
#2512 = DIRECTION ( 'NONE',  ( 0.000000000000000000, 1.000000000000000000, 0.000000000000000000 ) ) ;
#2513 = SURFACE_STYLE_FILL_AREA ( #1069 ) ;
#2514 = ORIENTED_EDGE ( 'NONE', *, *, #2391, .F. ) ;
#2515 = FACE_OUTER_BOUND ( 'NONE', #245, .T. ) ;
#2516 = DIRECTION ( 'NONE',  ( -1.000000000000000000, 0.000000000000000000, 0.000000000000000000 ) ) ;
#2517 = CARTESIAN_POINT ( 'NONE',  ( -2.050049603465653902, 1.225049603465655501, -1.108249999999999957 ) ) ;
#2518 = EDGE_CURVE ( 'NONE', #2726, #3867, #3153, .T. ) ;
#2519 = CIRCLE ( 'NONE', #1146, 0.1249999999999998890 ) ;
#2520 = FILL_AREA_STYLE ('',( #4300 ) ) ;
#2521 = SURFACE_STYLE_FILL_AREA ( #1023 ) ;
#2522 = COLOUR_RGB ( '',0.8039215686274510109, 0.8039215686274510109, 0.8039215686274510109 ) ;
#2523 = UNCERTAINTY_MEASURE_WITH_UNIT (LENGTH_MEASURE( 1.000000000000000082E-05 ), #4348, 'distance_accuracy_value', 'NONE');
#2524 = ADVANCED_FACE ( 'NONE', ( #263 ), #4290, .T. ) ;
#2525 = SURFACE_STYLE_USAGE ( .BOTH. , #456 ) ;
#2526 = CARTESIAN_POINT ( 'NONE',  ( -1.479999999999999982, 1.000000000000000000, -1.138249999999999540 ) ) ;
#2527 = EDGE_LOOP ( 'NONE', ( #989, #4036, #1938, #4396 ) ) ;
#2528 = ORIENTED_EDGE ( 'NONE', *, *, #1118, .F. ) ;
#2529 = LINE ( 'NONE', #1443, #2653 ) ;
#2530 = PRESENTATION_STYLE_ASSIGNMENT (( #1086 ) ) ;
#2531 = DIRECTION ( 'NONE',  ( -0.1045284632676537068, 0.000000000000000000, 0.9945218953682734009 ) ) ;
#2532 = COLOUR_RGB ( '',0.2862745098039215508, 0.2862745098039215508, 0.2862745098039215508 ) ;
#2533 =( NAMED_UNIT ( * ) PLANE_ANGLE_UNIT ( ) SI_UNIT ( $, .RADIAN. ) );
#2534 = VERTEX_POINT ( 'NONE', #4167 ) ;
#2535 = PRESENTATION_STYLE_ASSIGNMENT (( #1516 ) ) ;
#2536 = DIRECTION ( 'NONE',  ( 0.000000000000000000, 0.000000000000000000, -1.000000000000000000 ) ) ;
#2537 = CARTESIAN_POINT ( 'NONE',  ( 2.044952048055270755, -1.249787704916317299, 1.159885853898029451 ) ) ;
#2538 = COLOUR_RGB ( '',0.2862745098039215508, 0.2862745098039215508, 0.2862745098039215508 ) ;
#2539 = SURFACE_STYLE_USAGE ( .BOTH. , #1792 ) ;
#2540 = LINE ( 'NONE', #2172, #1072 ) ;
#2541 = SURFACE_STYLE_USAGE ( .BOTH. , #3209 ) ;
#2542 = CARTESIAN_POINT ( 'NONE',  ( -1.464999999999999636, -1.225049603465654613, -1.108249999999999957 ) ) ;
#2543 = EDGE_CURVE ( 'NONE', #2387, #103, #1377, .T. ) ;
#2544 = DIRECTION ( 'NONE',  ( 1.486905836551544385E-14, 0.000000000000000000, -1.000000000000000000 ) ) ;
#2545 = SURFACE_SIDE_STYLE ('',( #3545 ) ) ;
#2546 = VERTEX_POINT ( 'NONE', #4260 ) ;
#2547 = EDGE_CURVE ( 'NONE', #1506, #1709, #1332, .T. ) ;
#2548 = ORIENTED_EDGE ( 'NONE', *, *, #1094, .F. ) ;
#2549 = DIRECTION ( 'NONE',  ( 1.000000000000000000, 0.000000000000000000, 0.000000000000000000 ) ) ;
#2550 = AXIS2_PLACEMENT_3D ( 'NONE', #4458, #3761, #3784 ) ;
#2551 = VECTOR ( 'NONE', #3004, 1000.000000000000114 ) ;
#2552 =( GEOMETRIC_REPRESENTATION_CONTEXT ( 3 ) GLOBAL_UNCERTAINTY_ASSIGNED_CONTEXT ( ( #1649 ) ) GLOBAL_UNIT_ASSIGNED_CONTEXT ( ( #836, #770, #2166 ) ) REPRESENTATION_CONTEXT ( 'NONE', 'WORKASPACE' ) );
#2553 = DIRECTION ( 'NONE',  ( 0.000000000000000000, 0.000000000000000000, -1.000000000000000000 ) ) ;
#2554 = ORIENTED_EDGE ( 'NONE', *, *, #534, .F. ) ;
#2555 = CARTESIAN_POINT ( 'NONE',  ( -2.299999999999999822, 1.000000000000000000, -1.013249999999999540 ) ) ;
#2556 = SURFACE_STYLE_FILL_AREA ( #4339 ) ;
#2557 =( NAMED_UNIT ( * ) SI_UNIT ( $, .STERADIAN. ) SOLID_ANGLE_UNIT ( ) );
#2558 = SURFACE_STYLE_USAGE ( .BOTH. , #771 ) ;
#2559 = STYLED_ITEM ( 'NONE', ( #1110 ), #412 ) ;
#2560 = FILL_AREA_STYLE ('',( #4341 ) ) ;
#2561 = COLOUR_RGB ( '',0.2862745098039215508, 0.2862745098039215508, 0.2862745098039215508 ) ;
#2562 = LINE ( 'NONE', #3686, #2346 ) ;
#2563 = UNCERTAINTY_MEASURE_WITH_UNIT (LENGTH_MEASURE( 1.000000000000000082E-05 ), #3185, 'distance_accuracy_value', 'NONE');
#2564 = SURFACE_STYLE_FILL_AREA ( #780 ) ;
#2565 = DIRECTION ( 'NONE',  ( 0.000000000000000000, 0.000000000000000000, 1.000000000000000000 ) ) ;
#2566 = LINE ( 'NONE', #441, #3286 ) ;
#2567 = MECHANICAL_DESIGN_GEOMETRIC_PRESENTATION_REPRESENTATION (  '', ( #977 ), #2791 ) ;
#2568 = VECTOR ( 'NONE', #1225, 1000.000000000000000 ) ;
#2569 = ADVANCED_FACE ( 'NONE', ( #1361 ), #2588, .T. ) ;
#2570 =( NAMED_UNIT ( * ) SI_UNIT ( $, .STERADIAN. ) SOLID_ANGLE_UNIT ( ) );
#2571 = ORIENTED_EDGE ( 'NONE', *, *, #3983, .T. ) ;
#2572 = DIRECTION ( 'NONE',  ( -1.000000000000000000, 0.000000000000000000, 0.000000000000000000 ) ) ;
#2573 = ORIENTED_EDGE ( 'NONE', *, *, #2743, .F. ) ;
#2574 =( NAMED_UNIT ( * ) SI_UNIT ( $, .STERADIAN. ) SOLID_ANGLE_UNIT ( ) );
#2575 = UNCERTAINTY_MEASURE_WITH_UNIT (LENGTH_MEASURE( 1.000000000000000082E-05 ), #777, 'distance_accuracy_value', 'NONE');
#2576 = EDGE_CURVE ( 'NONE', #1353, #2577, #3195, .T. ) ;
#2577 = VERTEX_POINT ( 'NONE', #3962 ) ;
#2578 = CARTESIAN_POINT ( 'NONE',  ( 1.448658615958702711, 1.225049599490402930, -1.138250000000000206 ) ) ;
#2579 = DIRECTION ( 'NONE',  ( 1.000000000000000000, 0.000000000000000000, 0.000000000000000000 ) ) ;
#2580 = ORIENTED_EDGE ( 'NONE', *, *, #4541, .F. ) ;
#2581 = CARTESIAN_POINT ( 'NONE',  ( 1.404999999999999805, -1.252273124344109201, -1.136238667640415034 ) ) ;
#2582 = CARTESIAN_POINT ( 'NONE',  ( -2.187499999999999112, 1.225049603465655501, -1.108249999999999957 ) ) ;
#2583 =( GEOMETRIC_REPRESENTATION_CONTEXT ( 3 ) GLOBAL_UNCERTAINTY_ASSIGNED_CONTEXT ( ( #1981 ) ) GLOBAL_UNIT_ASSIGNED_CONTEXT ( ( #2143, #2811, #1738 ) ) REPRESENTATION_CONTEXT ( 'NONE', 'WORKASPACE' ) );
#2584 =( LENGTH_UNIT ( ) NAMED_UNIT ( * ) SI_UNIT ( .MILLI., .METRE. ) );
#2585 = DIRECTION ( 'NONE',  ( 1.000000000000000000, 0.000000000000000000, 0.000000000000000000 ) ) ;
#2586 = PLANE ( 'NONE',  #1814 ) ;
#2587 = DIRECTION ( 'NONE',  ( -0.000000000000000000, -1.000000000000000000, -0.000000000000000000 ) ) ;
#2588 =( BOUNDED_SURFACE ( )  B_SPLINE_SURFACE ( 3, 2, ( 
 ( #3502, #4556, #4205 ),
 ( #3852, #2066, #150 ),
 ( #3680, #2232, #2578 ),
 ( #3620, #1826, #2967 ) ),
 .UNSPECIFIED., .F., .F., .F. ) 
 B_SPLINE_SURFACE_WITH_KNOTS ( ( 4, 4 ),
 ( 3, 3 ),
 ( 1.570796326794896558, 3.141592653589793116 ),
 ( 0.000000000000000000, 1.000000000000000000 ),
 .UNSPECIFIED. ) 
 GEOMETRIC_REPRESENTATION_ITEM ( )  RATIONAL_B_SPLINE_SURFACE ( (
 ( 1.000000000000000000, 0.7071067811865475727, 1.000000000000000000),
 ( 1.000000000000000000, 0.7268735113059111574, 1.000000000000000000),
 ( 1.000000000000000000, 0.7436208661149377175, 1.000000000000000000),
 ( 1.000000000000000000, 0.7431448254773939111, 1.000000000000000000) ) ) 
 REPRESENTATION_ITEM ( '' )  SURFACE ( )  );
#2589 = DIRECTION ( 'NONE',  ( -1.000000000000000000, 0.000000000000000000, 0.000000000000000000 ) ) ;
#2590 = AXIS2_PLACEMENT_3D ( 'NONE', #1395, #3263, #2510 ) ;
#2591 = DIRECTION ( 'NONE',  ( 7.555332464090655969E-16, -0.1045284632676525410, -0.9945218953682736229 ) ) ;
#2592 = PRESENTATION_LAYER_ASSIGNMENT (  '', '', ( #3256 ) ) ;
#2593 = DIRECTION ( 'NONE',  ( 0.000000000000000000, 0.000000000000000000, -1.000000000000000000 ) ) ;
#2594 = VERTEX_POINT ( 'NONE', #3335 ) ;
#2595 = VERTEX_POINT ( 'NONE', #4402 ) ;
#2596 = DIRECTION ( 'NONE',  ( 0.000000000000000000, 0.000000000000000000, -1.000000000000000000 ) ) ;
#2597 = EDGE_CURVE ( 'NONE', #3783, #1847, #2876, .T. ) ;
#2598 = PLANE ( 'NONE',  #1551 ) ;
#2599 = CARTESIAN_POINT ( 'NONE',  ( -2.187499999999999112, 1.000000000000000000, -0.08749999999999999445 ) ) ;
#2600 = ORIENTED_EDGE ( 'NONE', *, *, #1094, .T. ) ;
#2601 = DIRECTION ( 'NONE',  ( 1.000000000000000000, 7.228014483236677820E-15, 7.228014483236677820E-15 ) ) ;
#2602 = SURFACE_SIDE_STYLE ('',( #1149 ) ) ;
#2603 = VERTEX_POINT ( 'NONE', #4318 ) ;
#2604 = ADVANCED_FACE ( 'NONE', ( #2623 ), #2163, .F. ) ;
#2605 = CARTESIAN_POINT ( 'NONE',  ( -1.607452048055268090, 1.219952048055269911, 1.176749999999999741 ) ) ;
#2606 = ORIENTED_EDGE ( 'NONE', *, *, #170, .F. ) ;
#2607 = MECHANICAL_DESIGN_GEOMETRIC_PRESENTATION_REPRESENTATION (  '', ( #3341 ), #77 ) ;
#2608 = DIRECTION ( 'NONE',  ( 0.000000000000000000, 0.000000000000000000, 1.000000000000000000 ) ) ;
#2609 = SURFACE_STYLE_USAGE ( .BOTH. , #159 ) ;
#2610 = VECTOR ( 'NONE', #374, 1000.000000000000000 ) ;
#2611 = DIRECTION ( 'NONE',  ( 0.9945218953682734009, 0.000000000000000000, 0.1045284632676531100 ) ) ;
#2612 =( LENGTH_UNIT ( ) NAMED_UNIT ( * ) SI_UNIT ( .MILLI., .METRE. ) );
#2613 = SURFACE_SIDE_STYLE ('',( #2249 ) ) ;
#2614 = UNCERTAINTY_MEASURE_WITH_UNIT (LENGTH_MEASURE( 1.000000000000000082E-05 ), #3197, 'distance_accuracy_value', 'NONE');
#2615 = CARTESIAN_POINT ( 'NONE',  ( -2.175085373081351747, 1.362404244550524002, -0.08840981203789706477 ) ) ;
#2616 = ORIENTED_EDGE ( 'NONE', *, *, #812, .T. ) ;
#2617 = ORIENTED_EDGE ( 'NONE', *, *, #4202, .T. ) ;
#2618 = LINE ( 'NONE', #4056, #187 ) ;
#2619 = SURFACE_STYLE_USAGE ( .BOTH. , #1210 ) ;
#2620 = CARTESIAN_POINT ( 'NONE',  ( -1.404999999999999583, -1.362499999999999600, -1.214605263157894743 ) ) ;
#2621 = EDGE_LOOP ( 'NONE', ( #3375, #62, #3504, #3531 ) ) ;
#2622 =( GEOMETRIC_REPRESENTATION_CONTEXT ( 3 ) GLOBAL_UNCERTAINTY_ASSIGNED_CONTEXT ( ( #4569 ) ) GLOBAL_UNIT_ASSIGNED_CONTEXT ( ( #3876, #3577, #368 ) ) REPRESENTATION_CONTEXT ( 'NONE', 'WORKASPACE' ) );
#2623 = FACE_OUTER_BOUND ( 'NONE', #1659, .T. ) ;
#2624 = EDGE_LOOP ( 'NONE', ( #533, #1905, #4206, #237 ) ) ;
#2625 = CARTESIAN_POINT ( 'NONE',  ( 2.350000000000000089, 1.000000000000000000, -0.1624999999999997835 ) ) ;
#2626 = CARTESIAN_POINT ( 'NONE',  ( 1.479999999999999538, 1.000000000000000000, -1.313250000000000250 ) ) ;
#2627 = VECTOR ( 'NONE', #3451, 1000.000000000000000 ) ;
#2628 =( NAMED_UNIT ( * ) PLANE_ANGLE_UNIT ( ) SI_UNIT ( $, .RADIAN. ) );
#2629 = PRESENTATION_LAYER_ASSIGNMENT (  '', '', ( #1037 ) ) ;
#2630 = EDGE_CURVE ( 'NONE', #3035, #2416, #2821, .T. ) ;
#2631 = CARTESIAN_POINT ( 'NONE',  ( -2.079885260326701957, -1.362499999999999600, -1.111385853898029463 ) ) ;
#2632 = MECHANICAL_DESIGN_GEOMETRIC_PRESENTATION_REPRESENTATION (  '', ( #31 ), #1789 ) ;
#2633 = DIRECTION ( 'NONE',  ( 0.000000000000000000, 0.000000000000000000, -1.000000000000000000 ) ) ;
#2634 = AXIS2_PLACEMENT_3D ( 'NONE', #3970, #2585, #2149 ) ;
#2635 = PRESENTATION_LAYER_ASSIGNMENT (  '', '', ( #2004 ) ) ;
#2636 = FILL_AREA_STYLE ('',( #883 ) ) ;
#2637 = FACE_OUTER_BOUND ( 'NONE', #3353, .T. ) ;
#2638 = VECTOR ( 'NONE', #1518, 1000.000000000000000 ) ;
#2639 = PRESENTATION_LAYER_ASSIGNMENT (  '', '', ( #3735 ) ) ;
#2640 = PLANE ( 'NONE',  #3731 ) ;
#2641 = AXIS2_PLACEMENT_3D ( 'NONE', #202, #567, #1918 ) ;
#2642 = ORIENTED_EDGE ( 'NONE', *, *, #1882, .T. ) ;
#2643 = DIRECTION ( 'NONE',  ( -0.9945218953682734009, 0.000000000000000000, -0.1045284632676531100 ) ) ;
#2644 = DIRECTION ( 'NONE',  ( -2.502005013428102857E-16, 0.000000000000000000, -1.000000000000000000 ) ) ;
#2645 =( NAMED_UNIT ( * ) SI_UNIT ( $, .STERADIAN. ) SOLID_ANGLE_UNIT ( ) );
#2646 = VECTOR ( 'NONE', #2320, 1000.000000000000000 ) ;
#2647 = COLOUR_RGB ( '',0.2862745098039215508, 0.2862745098039215508, 0.2862745098039215508 ) ;
#2648 = ORIENTED_EDGE ( 'NONE', *, *, #1606, .F. ) ;
#2649 = FILL_AREA_STYLE ('',( #3355 ) ) ;
#2650 = VERTEX_POINT ( 'NONE', #4013 ) ;
#2651 = CARTESIAN_POINT ( 'NONE',  ( -1.464999999999999636, 1.225049603465655501, -1.108249999999999957 ) ) ;
#2652 = LINE ( 'NONE', #2626, #2203 ) ;
#2653 = VECTOR ( 'NONE', #2549, 1000.000000000000000 ) ;
#2654 = CLOSED_SHELL ( 'NONE', ( #1811, #252, #3165, #1303, #3027, #2341, #227, #978, #1145, #975, #2947, #350, #3276, #3247, #3507, #177, #4398, #1246, #3387, #2277, #1369, #4258, #3895, #4428, #4150, #48, #2524, #359, #2882, #2062, #2097, #931, #4130, #3188, #1806, #3791, #2569, #3670, #2240, #1224, #377, #1721, #947, #595, #2795, #4047, #1542, #3715, #1969, #1426, #2186, #3358, #1471, #2799, #1597, #3018, #3929, #2690, #2027, #2965, #3117, #1251, #3690, #1195, #3332, #3991, #3562, #3840, #1529, #1202, #793 ) ) ;
#2655 = CARTESIAN_POINT ( 'NONE',  ( -2.044952048055268090, 1.219952048055270133, 1.176749999999999741 ) ) ;
#2656 = ORIENTED_EDGE ( 'NONE', *, *, #1783, .T. ) ;
#2657 = AXIS2_PLACEMENT_3D ( 'NONE', #1670, #3534, #1929 ) ;
#2658 = FILL_AREA_STYLE ('',( #204 ) ) ;
#2659 = PRESENTATION_STYLE_ASSIGNMENT (( #1200 ) ) ;
#2660 = ADVANCED_FACE ( 'NONE', ( #1511 ), #1165, .T. ) ;
#2661 = CARTESIAN_POINT ( 'NONE',  ( 2.157986810143138534, -1.362822467004185079, -0.08443193139771702771 ) ) ;
#2662 = LINE ( 'NONE', #4463, #2646 ) ;
#2663 = ADVANCED_FACE ( 'NONE', ( #1190 ), #1845, .F. ) ;
#2664 = PRESENTATION_STYLE_ASSIGNMENT (( #3346 ) ) ;
#2665 = UNCERTAINTY_MEASURE_WITH_UNIT (LENGTH_MEASURE( 1.000000000000000082E-05 ), #438, 'distance_accuracy_value', 'NONE');
#2666 = CARTESIAN_POINT ( 'NONE',  ( 2.349999999999999645, 1.000000000000000000, -1.313250000000000250 ) ) ;
#2667 = ORIENTED_EDGE ( 'NONE', *, *, #1943, .T. ) ;
#2668 = CARTESIAN_POINT ( 'NONE',  ( 2.187500000000001332, 1.000000000000000000, -0.08749999999999999445 ) ) ;
#2669 = STYLED_ITEM ( 'NONE', ( #4323 ), #2965 ) ;
#2670 = FILL_AREA_STYLE_COLOUR ( '', #1138 ) ;
#2671 = EDGE_LOOP ( 'NONE', ( #1633, #1930, #511, #2142 ) ) ;
#2672 = ORIENTED_EDGE ( 'NONE', *, *, #3351, .F. ) ;
#2673 = FACE_OUTER_BOUND ( 'NONE', #2408, .T. ) ;
#2674 = LINE ( 'NONE', #1614, #1899 ) ;
#2675 = DIRECTION ( 'NONE',  ( 0.000000000000000000, 0.000000000000000000, 1.000000000000000000 ) ) ;
#2676 = ORIENTED_EDGE ( 'NONE', *, *, #1774, .T. ) ;
#2677 = DIRECTION ( 'NONE',  ( -1.000000000000000000, -0.000000000000000000, 0.000000000000000000 ) ) ;
#2678 = CARTESIAN_POINT ( 'NONE',  ( 2.187500000000001332, 1.000000000000000000, 0.08749999999999999445 ) ) ;
#2679 = PRESENTATION_STYLE_ASSIGNMENT (( #906 ) ) ;
#2680 = MECHANICAL_DESIGN_GEOMETRIC_PRESENTATION_REPRESENTATION (  '', ( #3932 ), #936 ) ;
#2681 = EDGE_CURVE ( 'NONE', #3180, #2594, #4544, .T. ) ;
#2682 = CYLINDRICAL_SURFACE ( 'NONE', #1125, 0.2500000000000002220 ) ;
#2683 = STYLED_ITEM ( 'NONE', ( #1068 ), #2569 ) ;
#2684 = EDGE_CURVE ( 'NONE', #281, #2164, #586, .T. ) ;
#2685 = AXIS2_PLACEMENT_3D ( 'NONE', #1035, #4190, #3869 ) ;
#2686 = ORIENTED_EDGE ( 'NONE', *, *, #1859, .T. ) ;
#2687 =( NAMED_UNIT ( * ) PLANE_ANGLE_UNIT ( ) SI_UNIT ( $, .RADIAN. ) );
#2688 =( LENGTH_UNIT ( ) NAMED_UNIT ( * ) SI_UNIT ( .MILLI., .METRE. ) );
#2689 = CARTESIAN_POINT ( 'NONE',  ( -2.300000000000000711, -1.000000000000000000, -0.2124999999999986899 ) ) ;
#2690 = ADVANCED_FACE ( 'NONE', ( #996 ), #631, .T. ) ;
#2691 = FACE_OUTER_BOUND ( 'NONE', #1296, .T. ) ;
#2692 = ORIENTED_EDGE ( 'NONE', *, *, #2732, .F. ) ;
#2693 = SURFACE_STYLE_FILL_AREA ( #1911 ) ;
#2694 = ORIENTED_EDGE ( 'NONE', *, *, #4223, .T. ) ;
#2695 = PRESENTATION_STYLE_ASSIGNMENT (( #1589 ) ) ;
#2696 = CARTESIAN_POINT ( 'NONE',  ( -2.299999999999999822, -1.000000000000000000, -1.013249999999999540 ) ) ;
#2697 = SURFACE_STYLE_FILL_AREA ( #2658 ) ;
#2698 =( NAMED_UNIT ( * ) PLANE_ANGLE_UNIT ( ) SI_UNIT ( $, .RADIAN. ) );
#2699 = MECHANICAL_DESIGN_GEOMETRIC_PRESENTATION_REPRESENTATION (  '', ( #3143 ), #239 ) ;
#2700 = CARTESIAN_POINT ( 'NONE',  ( -2.187499999999999112, -1.332664343138951324, -0.08749999999999999445 ) ) ;
#2701 = PRESENTATION_STYLE_ASSIGNMENT (( #976 ) ) ;
#2702 = UNCERTAINTY_MEASURE_WITH_UNIT (LENGTH_MEASURE( 1.000000000000000082E-05 ), #3992, 'distance_accuracy_value', 'NONE');
#2703 = COLOUR_RGB ( '',0.9607843137254902244, 0.9607843137254902244, 0.9607843137254902244 ) ;
#2704 = AXIS2_PLACEMENT_3D ( 'NONE', #334, #4291, #1736 ) ;
#2705 = ORIENTED_EDGE ( 'NONE', *, *, #91, .T. ) ;
#2706 = DIRECTION ( 'NONE',  ( 0.1039620511844979445, 0.1039620511844979445, -0.9891328443778539814 ) ) ;
#2707 =( NAMED_UNIT ( * ) SI_UNIT ( $, .STERADIAN. ) SOLID_ANGLE_UNIT ( ) );
#2708 = EDGE_CURVE ( 'NONE', #1959, #4220, #981, .T. ) ;
#2709 = AXIS2_PLACEMENT_3D ( 'NONE', #1611, #2572, #1834 ) ;
#2710 = CARTESIAN_POINT ( 'NONE',  ( -2.187499999999999112, 1.254885260326703555, -1.111385853898029463 ) ) ;
#2711 = EDGE_LOOP ( 'NONE', ( #2464, #3449, #1567, #3456 ) ) ;
#2712 = DIRECTION ( 'NONE',  ( 0.000000000000000000, 1.000000000000000000, 0.000000000000000000 ) ) ;
#2713 = EDGE_LOOP ( 'NONE', ( #4234, #2136, #2189, #3086 ) ) ;
#2714 = CIRCLE ( 'NONE', #1800, 0.03000000000000007869 ) ;
#2715 = CARTESIAN_POINT ( 'NONE',  ( -1.404999999999999583, -1.243706871726012464, -1.217741117055924249 ) ) ;
#2716 = EDGE_CURVE ( 'NONE', #603, #4395, #4018, .T. ) ;
#2717 = PRESENTATION_LAYER_ASSIGNMENT (  '', '', ( #118 ) ) ;
#2718 = ORIENTED_EDGE ( 'NONE', *, *, #2681, .F. ) ;
#2719 =( NAMED_UNIT ( * ) SI_UNIT ( $, .STERADIAN. ) SOLID_ANGLE_UNIT ( ) );
#2720 =( NAMED_UNIT ( * ) PLANE_ANGLE_UNIT ( ) SI_UNIT ( $, .RADIAN. ) );
#2721 =( NAMED_UNIT ( * ) PLANE_ANGLE_UNIT ( ) SI_UNIT ( $, .RADIAN. ) );
#2722 =( GEOMETRIC_REPRESENTATION_CONTEXT ( 3 ) GLOBAL_UNCERTAINTY_ASSIGNED_CONTEXT ( ( #1507 ) ) GLOBAL_UNIT_ASSIGNED_CONTEXT ( ( #969, #3023, #1992 ) ) REPRESENTATION_CONTEXT ( 'NONE', 'WORKASPACE' ) );
#2723 = SURFACE_STYLE_FILL_AREA ( #4523 ) ;
#2724 =( NAMED_UNIT ( * ) SI_UNIT ( $, .STERADIAN. ) SOLID_ANGLE_UNIT ( ) );
#2725 = STYLED_ITEM ( 'NONE', ( #607 ), #2186 ) ;
#2726 = VERTEX_POINT ( 'NONE', #1566 ) ;
#2727 = FILL_AREA_STYLE ('',( #1274 ) ) ;
#2728 = SURFACE_STYLE_FILL_AREA ( #3402 ) ;
#2729 = CARTESIAN_POINT ( 'NONE',  ( -2.110701337264750954, -1.315536994125799497, -0.5343231537529354869 ) ) ;
#2730 = AXIS2_PLACEMENT_3D ( 'NONE', #1613, #1988, #266 ) ;
#2731 = FILL_AREA_STYLE_COLOUR ( '', #1134 ) ;
#2732 = EDGE_CURVE ( 'NONE', #1327, #4512, #352, .T. ) ;
#2733 = ORIENTED_EDGE ( 'NONE', *, *, #2765, .T. ) ;
#2734 = CIRCLE ( 'NONE', #4319, 0.02999999999999996073 ) ;
#2735 = DIRECTION ( 'NONE',  ( 0.000000000000000000, -0.9945218953682735119, -0.1045284632676525272 ) ) ;
#2736 = PRESENTATION_LAYER_ASSIGNMENT (  '', '', ( #2129 ) ) ;
#2737 = EDGE_CURVE ( 'NONE', #3824, #3229, #3206, .T. ) ;
#2738 = CARTESIAN_POINT ( 'NONE',  ( -2.157986810143135870, 1.332986810143137912, 0.08129607749968745245 ) ) ;
#2739 = EDGE_LOOP ( 'NONE', ( #4536, #4551, #2079, #644 ) ) ;
#2740 = SURFACE_STYLE_FILL_AREA ( #3413 ) ;
#2741 = SURFACE_SIDE_STYLE ('',( #676 ) ) ;
#2742 = SURFACE_STYLE_USAGE ( .BOTH. , #3809 ) ;
#2743 = EDGE_CURVE ( 'NONE', #1678, #624, #2106, .T. ) ;
#2744 = PRESENTATION_STYLE_ASSIGNMENT (( #4239 ) ) ;
#2745 = CARTESIAN_POINT ( 'NONE',  ( -1.404999999999999583, 1.213871214864965298, -1.214605263157894743 ) ) ;
#2746 = FILL_AREA_STYLE_COLOUR ( '', #683 ) ;
#2747 = UNCERTAINTY_MEASURE_WITH_UNIT (LENGTH_MEASURE( 1.000000000000000082E-05 ), #2922, 'distance_accuracy_value', 'NONE');
#2748 = VECTOR ( 'NONE', #3755, 1000.000000000000000 ) ;
#2749 = DIRECTION ( 'NONE',  ( 0.000000000000000000, 0.000000000000000000, -1.000000000000000000 ) ) ;
#2750 = ORIENTED_EDGE ( 'NONE', *, *, #3226, .F. ) ;
#2751 = DIRECTION ( 'NONE',  ( 0.9945218953682734009, 0.000000000000000000, -0.1045284632676531100 ) ) ;
#2752 = STYLED_ITEM ( 'NONE', ( #2430 ), #2799 ) ;
#2753 = VERTEX_POINT ( 'NONE', #4194 ) ;
#2754 = ORIENTED_EDGE ( 'NONE', *, *, #3226, .T. ) ;
#2755 = DIRECTION ( 'NONE',  ( -1.000000000000000000, 0.000000000000000000, 0.000000000000000000 ) ) ;
#2756 = ORIENTED_EDGE ( 'NONE', *, *, #2887, .F. ) ;
#2757 =( NAMED_UNIT ( * ) SI_UNIT ( $, .STERADIAN. ) SOLID_ANGLE_UNIT ( ) );
#2758 = CARTESIAN_POINT ( 'NONE',  ( -2.187499999999999112, -1.362499999999999600, 0.08749999999999999445 ) ) ;
#2759 = FILL_AREA_STYLE ('',( #3435 ) ) ;
#2760 = ORIENTED_EDGE ( 'NONE', *, *, #1455, .F. ) ;
#2761 = DIRECTION ( 'NONE',  ( 0.000000000000000000, 0.000000000000000000, 1.000000000000000000 ) ) ;
#2762 = CARTESIAN_POINT ( 'NONE',  ( -2.350000000000000089, 1.000000000000000000, -0.1624999999999992006 ) ) ;
#2763 = DIRECTION ( 'NONE',  ( -0.000000000000000000, -1.000000000000000000, -0.000000000000000000 ) ) ;
#2764 = DIRECTION ( 'NONE',  ( 0.000000000000000000, 0.000000000000000000, -1.000000000000000000 ) ) ;
#2765 = EDGE_CURVE ( 'NONE', #4597, #1428, #980, .T. ) ;
#2766 = SURFACE_STYLE_USAGE ( .BOTH. , #1311 ) ;
#2767 = LINE ( 'NONE', #1002, #760 ) ;
#2768 = SURFACE_SIDE_STYLE ('',( #714 ) ) ;
#2769 = LINE ( 'NONE', #1294, #4031 ) ;
#2770 = EDGE_CURVE ( 'NONE', #3242, #2594, #4221, .T. ) ;
#2771 = ORIENTED_EDGE ( 'NONE', *, *, #951, .T. ) ;
#2772 = VECTOR ( 'NONE', #4149, 1000.000000000000000 ) ;
#2773 =( NAMED_UNIT ( * ) SI_UNIT ( $, .STERADIAN. ) SOLID_ANGLE_UNIT ( ) );
#2774 = CIRCLE ( 'NONE', #468, 0.1249999999999998890 ) ;
#2775 = AXIS2_PLACEMENT_3D ( 'NONE', #4114, #616, #4182 ) ;
#2776 = ORIENTED_EDGE ( 'NONE', *, *, #923, .F. ) ;
#2777 = EDGE_LOOP ( 'NONE', ( #1084, #1675, #3061, #2676 ) ) ;
#2778 = CARTESIAN_POINT ( 'NONE',  ( 2.425000000000000266, 1.000000000000000000, -0.2124999999999992728 ) ) ;
#2779 = VERTEX_POINT ( 'NONE', #2154 ) ;
#2780 = SURFACE_SIDE_STYLE ('',( #963 ) ) ;
#2781 = MECHANICAL_DESIGN_GEOMETRIC_PRESENTATION_REPRESENTATION (  '', ( #3602 ), #546 ) ;
#2782 = PRODUCT_DEFINITION ( 'UNKNOWN', '', #3913, #4445 ) ;
#2783 = FILL_AREA_STYLE ('',( #4173 ) ) ;
#2784 = CARTESIAN_POINT ( 'NONE',  ( -1.607452048055268090, 1.219952048055269911, 1.186749999999999972 ) ) ;
#2785 = VERTEX_POINT ( 'NONE', #1772 ) ;
#2786 = CARTESIAN_POINT ( 'NONE',  ( -2.187499999999999112, 1.362500000000000488, -0.08749999999999999445 ) ) ;
#2787 = LINE ( 'NONE', #3485, #1324 ) ;
#2788 = FILL_AREA_STYLE ('',( #1619 ) ) ;
#2789 = DIRECTION ( 'NONE',  ( 0.000000000000000000, 0.000000000000000000, 1.000000000000000000 ) ) ;
#2790 =( BOUNDED_CURVE ( )  B_SPLINE_CURVE ( 3, ( #2207, #76, #2615, #2982 ),
 .UNSPECIFIED., .F., .F. ) 
 B_SPLINE_CURVE_WITH_KNOTS ( ( 4, 4 ),
 ( 5.503257793452775104, 7.063112820906419564 ),
 .UNSPECIFIED. ) 
 CURVE ( )  GEOMETRIC_REPRESENTATION_ITEM ( )  RATIONAL_B_SPLINE_CURVE ( ( 1.000000000000000000, 0.8073096761657805320, 0.8073096761657805320, 1.000000000000000000 ) ) 
 REPRESENTATION_ITEM ( '' )  );
#2791 =( GEOMETRIC_REPRESENTATION_CONTEXT ( 3 ) GLOBAL_UNCERTAINTY_ASSIGNED_CONTEXT ( ( #2174 ) ) GLOBAL_UNIT_ASSIGNED_CONTEXT ( ( #1607, #3058, #2707 ) ) REPRESENTATION_CONTEXT ( 'NONE', 'WORKASPACE' ) );
#2792 = FILL_AREA_STYLE ('',( #1291 ) ) ;
#2793 = COLOUR_RGB ( '',0.2862745098039215508, 0.2862745098039215508, 0.2862745098039215508 ) ;
#2794 = DIRECTION ( 'NONE',  ( -0.000000000000000000, 1.000000000000000000, -0.000000000000000000 ) ) ;
#2795 = ADVANCED_FACE ( 'NONE', ( #4249 ), #4279, .T. ) ;
#2796 = UNCERTAINTY_MEASURE_WITH_UNIT (LENGTH_MEASURE( 1.000000000000000082E-05 ), #3975, 'distance_accuracy_value', 'NONE');
#2797 =( GEOMETRIC_REPRESENTATION_CONTEXT ( 3 ) GLOBAL_UNCERTAINTY_ASSIGNED_CONTEXT ( ( #2575 ) ) GLOBAL_UNIT_ASSIGNED_CONTEXT ( ( #777, #158, #2200 ) ) REPRESENTATION_CONTEXT ( 'NONE', 'WORKASPACE' ) );
#2798 = SURFACE_SIDE_STYLE ('',( #1634 ) ) ;
#2799 = ADVANCED_FACE ( 'NONE', ( #2132 ), #3563, .T. ) ;
#2800 = VERTEX_POINT ( 'NONE', #1879 ) ;
#2801 = STYLED_ITEM ( 'NONE', ( #152 ), #4571 ) ;
#2802 = FACE_OUTER_BOUND ( 'NONE', #2028, .T. ) ;
#2803 = ORIENTED_EDGE ( 'NONE', *, *, #1044, .T. ) ;
#2804 = AXIS2_PLACEMENT_3D ( 'NONE', #2287, #3698, #516 ) ;
#2805 = LINE ( 'NONE', #649, #941 ) ;
#2806 = LINE ( 'NONE', #1865, #1424 ) ;
#2807 = FACE_OUTER_BOUND ( 'NONE', #3521, .T. ) ;
#2808 = CARTESIAN_POINT ( 'NONE',  ( 2.044952048055270755, 1.246964169384205290, 1.186749999999999972 ) ) ;
#2809 = CARTESIAN_POINT ( 'NONE',  ( 2.299999999999999822, 1.000000000000000000, -1.138249999999999984 ) ) ;
#2810 = ORIENTED_EDGE ( 'NONE', *, *, #1564, .F. ) ;
#2811 =( NAMED_UNIT ( * ) PLANE_ANGLE_UNIT ( ) SI_UNIT ( $, .RADIAN. ) );
#2812 = CARTESIAN_POINT ( 'NONE',  ( 2.349999999999999645, 1.000000000000000000, -1.063250000000000250 ) ) ;
#2813 = MECHANICAL_DESIGN_GEOMETRIC_PRESENTATION_REPRESENTATION (  '', ( #3113 ), #209 ) ;
#2814 = CARTESIAN_POINT ( 'NONE',  ( 2.187500000000001332, 1.362500000000000488, 0.08749999999999999445 ) ) ;
#2815 =( NAMED_UNIT ( * ) PLANE_ANGLE_UNIT ( ) SI_UNIT ( $, .RADIAN. ) );
#2816 = CARTESIAN_POINT ( 'NONE',  ( -1.434999999999999609, 1.248579006210763120, -1.171385853898029517 ) ) ;
#2817 = ORIENTED_EDGE ( 'NONE', *, *, #3870, .F. ) ;
#2818 = PLANE ( 'NONE',  #3881 ) ;
#2819 = EDGE_CURVE ( 'NONE', #3242, #2340, #205, .T. ) ;
#2820 = FILL_AREA_STYLE ('',( #2134 ) ) ;
#2821 = CIRCLE ( 'NONE', #1762, 0.03000000000000007869 ) ;
#2822 = VERTEX_POINT ( 'NONE', #2954 ) ;
#2823 = CARTESIAN_POINT ( 'NONE',  ( 2.187500000000001332, -1.362499999999999600, 0.08749999999999999445 ) ) ;
#2824 = CARTESIAN_POINT ( 'NONE',  ( 2.600000000000000089, 1.000000000000000000, -0.1624999999999998113 ) ) ;
#2825 = AXIS2_PLACEMENT_3D ( 'NONE', #4601, #2512, #382 ) ;
#2826 = EDGE_CURVE ( 'NONE', #4603, #195, #1898, .T. ) ;
#2827 = EDGE_LOOP ( 'NONE', ( #1183, #895, #3825, #1612 ) ) ;
#2828 = DIRECTION ( 'NONE',  ( 0.9945218953682734009, 0.000000000000000000, -0.1045284632676531100 ) ) ;
#2829 = LINE ( 'NONE', #1046, #1700 ) ;
#2830 = CARTESIAN_POINT ( 'NONE',  ( -1.434999999999999831, -1.222178446823690035, -1.151908615348427478 ) ) ;
#2831 = CARTESIAN_POINT ( 'NONE',  ( -2.187499999999999112, -1.332664343138951324, 0.08749999999999999445 ) ) ;
#2832 = EDGE_CURVE ( 'NONE', #2753, #1888, #3025, .T. ) ;
#2833 = FACE_OUTER_BOUND ( 'NONE', #2671, .T. ) ;
#2834 = DIRECTION ( 'NONE',  ( -0.1039620511844979306, 0.1039620511844979306, -0.9891328443778538704 ) ) ;
#2835 = DIRECTION ( 'NONE',  ( 0.000000000000000000, -0.9945218953682734009, -0.1045284632676537068 ) ) ;
#2836 = SURFACE_STYLE_USAGE ( .BOTH. , #1367 ) ;
#2837 = UNCERTAINTY_MEASURE_WITH_UNIT (LENGTH_MEASURE( 1.000000000000000082E-05 ), #3214, 'distance_accuracy_value', 'NONE');
#2838 = SURFACE_STYLE_FILL_AREA ( #3212 ) ;
#2839 = EDGE_LOOP ( 'NONE', ( #3934, #2939, #585, #261 ) ) ;
#2840 = PRESENTATION_STYLE_ASSIGNMENT (( #3172 ) ) ;
#2841 = CARTESIAN_POINT ( 'NONE',  ( -2.187499999999999112, 1.000000000000000000, -0.08749999999999999445 ) ) ;
#2842 = PRESENTATION_LAYER_ASSIGNMENT (  '', '', ( #2239 ) ) ;
#2843 = VECTOR ( 'NONE', #3612, 1000.000000000000000 ) ;
#2844 =( NAMED_UNIT ( * ) SI_UNIT ( $, .STERADIAN. ) SOLID_ANGLE_UNIT ( ) );
#2845 = VERTEX_POINT ( 'NONE', #3393 ) ;
#2846 = STYLED_ITEM ( 'NONE', ( #473 ), #1145 ) ;
#2847 = COLOUR_RGB ( '',0.2862745098039215508, 0.2862745098039215508, 0.2862745098039215508 ) ;
#2848 = EDGE_LOOP ( 'NONE', ( #3190, #2228, #1391, #2359 ) ) ;
#2849 = DIRECTION ( 'NONE',  ( 0.000000000000000000, 1.000000000000000000, 0.000000000000000000 ) ) ;
#2850 = EDGE_CURVE ( 'NONE', #873, #2305, #4113, .T. ) ;
#2851 = PLANE ( 'NONE',  #2590 ) ;
#2852 = PRESENTATION_LAYER_ASSIGNMENT (  '', '', ( #4038 ) ) ;
#2853 = AXIS2_PLACEMENT_3D ( 'NONE', #2812, #3205, #2789 ) ;
#2854 = SURFACE_STYLE_USAGE ( .BOTH. , #4320 ) ;
#2855 = EDGE_LOOP ( 'NONE', ( #4530, #2776, #2067, #650 ) ) ;
#2856 = EDGE_CURVE ( 'NONE', #2118, #1280, #3404, .T. ) ;
#2857 = CARTESIAN_POINT ( 'NONE',  ( -2.300000000000000711, 1.000000000000000000, -0.08749999999999943934 ) ) ;
#2858 = CARTESIAN_POINT ( 'NONE',  ( -1.434999999999999609, 1.225049603465655279, -1.138249999999999984 ) ) ;
#2859 = CARTESIAN_POINT ( 'NONE',  ( -1.464999999999999414, -1.252061724794589992, -1.138249999999999984 ) ) ;
#2860 = PRESENTATION_STYLE_ASSIGNMENT (( #4265 ) ) ;
#2861 = DIRECTION ( 'NONE',  ( 1.000000000000000000, 0.000000000000000000, 0.000000000000000000 ) ) ;
#2862 = LINE ( 'NONE', #2926, #1796 ) ;
#2863 = CARTESIAN_POINT ( 'NONE',  ( -2.044952048055268090, 1.219952048055270133, 1.156749999999999723 ) ) ;
#2864 = MECHANICAL_DESIGN_GEOMETRIC_PRESENTATION_REPRESENTATION (  '', ( #3087 ), #694 ) ;
#2865 = CARTESIAN_POINT ( 'NONE',  ( 2.044952048055271199, 1.219952048055270133, 1.156749999999999723 ) ) ;
#2866 = AXIS2_PLACEMENT_3D ( 'NONE', #2865, #1026, #1697 ) ;
#2867 = CARTESIAN_POINT ( 'NONE',  ( -1.404999999999999583, 1.248579006210763120, -1.171385853898029517 ) ) ;
#2868 = SURFACE_STYLE_USAGE ( .BOTH. , #375 ) ;
#2869 =( GEOMETRIC_REPRESENTATION_CONTEXT ( 3 ) GLOBAL_UNCERTAINTY_ASSIGNED_CONTEXT ( ( #1227 ) ) GLOBAL_UNIT_ASSIGNED_CONTEXT ( ( #2478, #397, #3888 ) ) REPRESENTATION_CONTEXT ( 'NONE', 'WORKASPACE' ) );
#2870 = ORIENTED_EDGE ( 'NONE', *, *, #3351, .T. ) ;
#2871 = AXIS2_PLACEMENT_3D ( 'NONE', #2901, #3579, #1408 ) ;
#2872 = SURFACE_STYLE_FILL_AREA ( #1420 ) ;
#2873 = FILL_AREA_STYLE ('',( #1394 ) ) ;
#2874 = VECTOR ( 'NONE', #2677, 1000.000000000000000 ) ;
#2875 = EDGE_CURVE ( 'NONE', #424, #4415, #905, .T. ) ;
#2876 = LINE ( 'NONE', #4356, #3271 ) ;
#2877 = VERTEX_POINT ( 'NONE', #2678 ) ;
#2878 = DIRECTION ( 'NONE',  ( -1.000000000000000000, -0.000000000000000000, -0.000000000000000000 ) ) ;
#2879 =( NAMED_UNIT ( * ) SI_UNIT ( $, .STERADIAN. ) SOLID_ANGLE_UNIT ( ) );
#2880 = FILL_AREA_STYLE ('',( #3990 ) ) ;
#2881 = DIRECTION ( 'NONE',  ( -0.000000000000000000, -0.000000000000000000, 1.000000000000000000 ) ) ;
#2882 = ADVANCED_FACE ( 'NONE', ( #2243 ), #182, .T. ) ;
#2883 = FILL_AREA_STYLE ('',( #2952 ) ) ;
#2884 = CARTESIAN_POINT ( 'NONE',  ( -1.464999999999999636, -1.225049603465654613, -1.138249999999999984 ) ) ;
#2885 = CARTESIAN_POINT ( 'NONE',  ( 2.187500000000001332, 1.332664343138952434, -0.08749999999999999445 ) ) ;
#2886 = UNCERTAINTY_MEASURE_WITH_UNIT (LENGTH_MEASURE( 1.000000000000000082E-05 ), #2145, 'distance_accuracy_value', 'NONE');
#2887 = EDGE_CURVE ( 'NONE', #2473, #3956, #4408, .T. ) ;
#2888 = FACE_OUTER_BOUND ( 'NONE', #4247, .T. ) ;
#2889 = CARTESIAN_POINT ( 'NONE',  ( -2.187500000000001332, 1.000000000000000000, 0.08750000000000053568 ) ) ;
#2890 = PRESENTATION_STYLE_ASSIGNMENT (( #3193 ) ) ;
#2891 = DIRECTION ( 'NONE',  ( -1.000000000000000000, -0.000000000000000000, -0.000000000000000000 ) ) ;
#2892 = SURFACE_SIDE_STYLE ('',( #2872 ) ) ;
#2893 =( LENGTH_UNIT ( ) NAMED_UNIT ( * ) SI_UNIT ( .MILLI., .METRE. ) );
#2894 = SURFACE_STYLE_USAGE ( .BOTH. , #1065 ) ;
#2895 = PRESENTATION_STYLE_ASSIGNMENT (( #2854 ) ) ;
#2896 = ORIENTED_EDGE ( 'NONE', *, *, #680, .T. ) ;
#2897 = CARTESIAN_POINT ( 'NONE',  ( -1.434999999999999609, -1.225049603465654613, -1.138249999999999984 ) ) ;
#2898 = AXIS2_PLACEMENT_3D ( 'NONE', #4550, #2755, #2059 ) ;
#2899 = FILL_AREA_STYLE_COLOUR ( '', #3000 ) ;
#2900 = VECTOR ( 'NONE', #119, 1000.000000000000000 ) ;
#2901 = CARTESIAN_POINT ( 'NONE',  ( -2.187499999999999112, 1.362500000000000488, 0.08749999999999999445 ) ) ;
#2902 = CARTESIAN_POINT ( 'NONE',  ( -2.425000000000000266, 1.000000000000000000, -0.2124999999999986899 ) ) ;
#2903 = ADVANCED_FACE ( 'NONE', ( #4022 ), #815, .T. ) ;
#2904 =( NAMED_UNIT ( * ) PLANE_ANGLE_UNIT ( ) SI_UNIT ( $, .RADIAN. ) );
#2905 = CARTESIAN_POINT ( 'NONE',  ( -2.044952048055268534, 1.219952048055270133, 1.156749999999999723 ) ) ;
#2906 = SURFACE_SIDE_STYLE ('',( #2564 ) ) ;
#2907 = ADVANCED_FACE ( 'NONE', ( #2448 ), #3440, .F. ) ;
#2908 = CARTESIAN_POINT ( 'NONE',  ( -2.044952048055268090, 1.219952048055270133, 1.176749999999999741 ) ) ;
#2909 = CARTESIAN_POINT ( 'NONE',  ( 2.187404244550523735, 1.350085373081353568, -0.08840981203790125587 ) ) ;
#2910 = ORIENTED_EDGE ( 'NONE', *, *, #3052, .T. ) ;
#2911 = ORIENTED_EDGE ( 'NONE', *, *, #1890, .T. ) ;
#2912 =( NAMED_UNIT ( * ) PLANE_ANGLE_UNIT ( ) SI_UNIT ( $, .RADIAN. ) );
#2913 = VECTOR ( 'NONE', #1756, 1000.000000000000000 ) ;
#2914 =( LENGTH_UNIT ( ) NAMED_UNIT ( * ) SI_UNIT ( .MILLI., .METRE. ) );
#2915 = COLOUR_RGB ( '',0.2862745098039215508, 0.2862745098039215508, 0.2862745098039215508 ) ;
#2916 = AXIS2_PLACEMENT_3D ( 'NONE', #3432, #3721, #4453 ) ;
#2917 = ORIENTED_EDGE ( 'NONE', *, *, #2326, .T. ) ;
#2918 = FILL_AREA_STYLE ('',( #768 ) ) ;
#2919 = CARTESIAN_POINT ( 'NONE',  ( -1.607452048055268090, 1.219952048055269911, 1.176749999999999741 ) ) ;
#2920 = EDGE_LOOP ( 'NONE', ( #7, #1984, #1801, #1893 ) ) ;
#2921 = LINE ( 'NONE', #794, #4215 ) ;
#2922 =( LENGTH_UNIT ( ) NAMED_UNIT ( * ) SI_UNIT ( .MILLI., .METRE. ) );
#2923 = SURFACE_STYLE_USAGE ( .BOTH. , #1494 ) ;
#2924 =( GEOMETRIC_REPRESENTATION_CONTEXT ( 3 ) GLOBAL_UNCERTAINTY_ASSIGNED_CONTEXT ( ( #508 ) ) GLOBAL_UNIT_ASSIGNED_CONTEXT ( ( #4434, #2201, #3275 ) ) REPRESENTATION_CONTEXT ( 'NONE', 'WORKASPACE' ) );
#2925 = AXIS2_PLACEMENT_3D ( 'NONE', #3922, #2579, #3248 ) ;
#2926 = CARTESIAN_POINT ( 'NONE',  ( -2.187499999999999112, -1.362499999999999600, 0.08749999999999999445 ) ) ;
#2927 =( NAMED_UNIT ( * ) SI_UNIT ( $, .STERADIAN. ) SOLID_ANGLE_UNIT ( ) );
#2928 = SURFACE_STYLE_FILL_AREA ( #482 ) ;
#2929 = CARTESIAN_POINT ( 'NONE',  ( 1.447426406871192617, -1.225049603465654835, -1.138249999999999984 ) ) ;
#2930 = UNCERTAINTY_MEASURE_WITH_UNIT (LENGTH_MEASURE( 1.000000000000000082E-05 ), #4019, 'distance_accuracy_value', 'NONE');
#2931 = PRESENTATION_LAYER_ASSIGNMENT (  '', '', ( #321 ) ) ;
#2932 = STYLED_ITEM ( 'NONE', ( #2664 ), #3562 ) ;
#2933 = EDGE_CURVE ( 'NONE', #1327, #904, #2734, .T. ) ;
#2934 = STYLED_ITEM ( 'NONE', ( #1341 ), #2062 ) ;
#2935 = LINE ( 'NONE', #4370, #4120 ) ;
#2936 = LINE ( 'NONE', #4003, #1113 ) ;
#2937 = VECTOR ( 'NONE', #1087, 1000.000000000000000 ) ;
#2938 = PLANE ( 'NONE',  #3391 ) ;
#2939 = ORIENTED_EDGE ( 'NONE', *, *, #1916, .F. ) ;
#2940 = ORIENTED_EDGE ( 'NONE', *, *, #2995, .T. ) ;
#2941 = FILL_AREA_STYLE ('',( #63 ) ) ;
#2942 =( GEOMETRIC_REPRESENTATION_CONTEXT ( 3 ) GLOBAL_UNCERTAINTY_ASSIGNED_CONTEXT ( ( #1557 ) ) GLOBAL_UNIT_ASSIGNED_CONTEXT ( ( #2230, #2158, #1063 ) ) REPRESENTATION_CONTEXT ( 'NONE', 'WORKASPACE' ) );
#2943 = AXIS2_PLACEMENT_3D ( 'NONE', #2330, #215, #2379 ) ;
#2944 = FACE_OUTER_BOUND ( 'NONE', #3889, .T. ) ;
#2945 = MECHANICAL_DESIGN_GEOMETRIC_PRESENTATION_REPRESENTATION (  '', ( #3837 ), #634 ) ;
#2946 = PRESENTATION_LAYER_ASSIGNMENT (  '', '', ( #4584 ) ) ;
#2947 = ADVANCED_FACE ( 'NONE', ( #588 ), #3068, .T. ) ;
#2948 = EDGE_LOOP ( 'NONE', ( #2686, #1323, #1212, #1656 ) ) ;
#2949 = DIRECTION ( 'NONE',  ( 1.000000000000000000, 0.000000000000000000, -0.000000000000000000 ) ) ;
#2950 = ORIENTED_EDGE ( 'NONE', *, *, #865, .T. ) ;
#2951 = CARTESIAN_POINT ( 'NONE',  ( -2.074787704916317033, -1.219952048055269467, 1.159885853898029451 ) ) ;
#2952 = FILL_AREA_STYLE_COLOUR ( '', #440 ) ;
#2953 = PRESENTATION_STYLE_ASSIGNMENT (( #1498 ) ) ;
#2954 = CARTESIAN_POINT ( 'NONE',  ( 2.425000000000000266, -1.000000000000000000, -1.013250000000000206 ) ) ;
#2955 = FILL_AREA_STYLE ('',( #4345 ) ) ;
#2956 = AXIS2_PLACEMENT_3D ( 'NONE', #4132, #922, #2361 ) ;
#2957 = DIRECTION ( 'NONE',  ( 0.000000000000000000, 0.000000000000000000, 1.000000000000000000 ) ) ;
#2958 = AXIS2_PLACEMENT_3D ( 'NONE', #4340, #3231, #2536 ) ;
#2959 = FACE_OUTER_BOUND ( 'NONE', #2855, .T. ) ;
#2960 = FILL_AREA_STYLE ('',( #4026 ) ) ;
#2961 = VERTEX_POINT ( 'NONE', #615 ) ;
#2962 = EDGE_LOOP ( 'NONE', ( #2950, #1584, #3128, #943 ) ) ;
#2963 = FILL_AREA_STYLE_COLOUR ( '', #4204 ) ;
#2964 = PRESENTATION_STYLE_ASSIGNMENT (( #1556 ) ) ;
#2965 = ADVANCED_FACE ( 'NONE', ( #2020 ), #2418, .F. ) ;
#2966 = ORIENTED_EDGE ( 'NONE', *, *, #1685, .T. ) ;
#2967 = CARTESIAN_POINT ( 'NONE',  ( 1.464999999999999636, 1.225049603465655501, -1.138250000000000206 ) ) ;
#2968 = SURFACE_STYLE_USAGE ( .BOTH. , #1910 ) ;
#2969 = ORIENTED_EDGE ( 'NONE', *, *, #1006, .F. ) ;
#2970 = DIRECTION ( 'NONE',  ( -1.000000000000000000, 0.000000000000000000, -0.000000000000000000 ) ) ;
#2971 = CARTESIAN_POINT ( 'NONE',  ( -2.187499999999999112, -1.332499999999999574, 0.08749999999999999445 ) ) ;
#2972 = EDGE_CURVE ( 'NONE', #2112, #2961, #3942, .T. ) ;
#2973 = FILL_AREA_STYLE ('',( #4039 ) ) ;
#2974 = PRESENTATION_LAYER_ASSIGNMENT (  '', '', ( #1975 ) ) ;
#2975 = COLOUR_RGB ( '',0.8039215686274510109, 0.8039215686274510109, 0.8039215686274510109 ) ;
#2976 = CARTESIAN_POINT ( 'NONE',  ( -2.187500000000001332, 1.000000000000000000, 0.08750000000000053568 ) ) ;
#2977 = DIRECTION ( 'NONE',  ( 0.000000000000000000, 0.000000000000000000, -1.000000000000000000 ) ) ;
#2978 = SURFACE_STYLE_FILL_AREA ( #2319 ) ;
#2979 = SURFACE_STYLE_USAGE ( .BOTH. , #4392 ) ;
#2980 = SURFACE_SIDE_STYLE ('',( #97 ) ) ;
#2981 = UNCERTAINTY_MEASURE_WITH_UNIT (LENGTH_MEASURE( 1.000000000000000082E-05 ), #1502, 'distance_accuracy_value', 'NONE');
#2982 = CARTESIAN_POINT ( 'NONE',  ( -2.157664343138950613, 1.362500000000000488, -0.08749999999999999445 ) ) ;
#2983 = EDGE_LOOP ( 'NONE', ( #4321, #1167, #2514 ) ) ;
#2984 = DIRECTION ( 'NONE',  ( 0.1039620511844979445, -0.1039620511844979445, -0.9891328443778539814 ) ) ;
#2985 = UNCERTAINTY_MEASURE_WITH_UNIT (LENGTH_MEASURE( 1.000000000000000082E-05 ), #2459, 'distance_accuracy_value', 'NONE');
#2986 = VERTEX_POINT ( 'NONE', #747 ) ;
#2987 = ORIENTED_EDGE ( 'NONE', *, *, #2494, .T. ) ;
#2988 = AXIS2_PLACEMENT_3D ( 'NONE', #2517, #3926, #3138 ) ;
#2989 = EDGE_CURVE ( 'NONE', #4395, #190, #795, .T. ) ;
#2990 = DIRECTION ( 'NONE',  ( 0.000000000000000000, 0.000000000000000000, -1.000000000000000000 ) ) ;
#2991 = FILL_AREA_STYLE_COLOUR ( '', #688 ) ;
#2992 = ORIENTED_EDGE ( 'NONE', *, *, #1010, .F. ) ;
#2993 = CARTESIAN_POINT ( 'NONE',  ( -2.157664343138950613, -1.362499999999999600, 0.08749999999999999445 ) ) ;
#2994 = CARTESIAN_POINT ( 'NONE',  ( -1.404999999999999583, 1.213871214864965298, -1.214605263157894743 ) ) ;
#2995 = EDGE_CURVE ( 'NONE', #3636, #2416, #50, .T. ) ;
#2996 = CARTESIAN_POINT ( 'NONE',  ( 2.187404244550523735, 1.350085373081353568, 0.08840981203789943788 ) ) ;
#2997 = DIRECTION ( 'NONE',  ( 0.000000000000000000, 1.000000000000000000, 0.000000000000000000 ) ) ;
#2998 = CARTESIAN_POINT ( 'NONE',  ( 2.157500000000001084, 1.332500000000000462, 0.08749999999999999445 ) ) ;
#2999 = COLOUR_RGB ( '',0.8039215686274510109, 0.8039215686274510109, 0.8039215686274510109 ) ;
#3000 = COLOUR_RGB ( '',0.8039215686274510109, 0.8039215686274510109, 0.8039215686274510109 ) ;
#3001 = CARTESIAN_POINT ( 'NONE',  ( 2.044952048055271199, -1.219952048055269245, 1.156749999999999723 ) ) ;
#3002 = CARTESIAN_POINT ( 'NONE',  ( 2.071964169384206134, -1.219952048055269245, 1.186749999999999972 ) ) ;
#3003 =( GEOMETRIC_REPRESENTATION_CONTEXT ( 3 ) GLOBAL_UNCERTAINTY_ASSIGNED_CONTEXT ( ( #2026 ) ) GLOBAL_UNIT_ASSIGNED_CONTEXT ( ( #3290, #1849, #1785 ) ) REPRESENTATION_CONTEXT ( 'NONE', 'WORKASPACE' ) );
#3004 = DIRECTION ( 'NONE',  ( -0.1039620511844979306, -0.1039620511844979306, -0.9891328443778538704 ) ) ;
#3005 = STYLED_ITEM ( 'NONE', ( #4382 ), #1529 ) ;
#3006 = ORIENTED_EDGE ( 'NONE', *, *, #345, .T. ) ;
#3007 =( NAMED_UNIT ( * ) PLANE_ANGLE_UNIT ( ) SI_UNIT ( $, .RADIAN. ) );
#3008 = PRESENTATION_LAYER_ASSIGNMENT (  '', '', ( #3673 ) ) ;
#3009 = FILL_AREA_STYLE ('',( #1932 ) ) ;
#3010 = MECHANICAL_DESIGN_GEOMETRIC_PRESENTATION_REPRESENTATION (  '', ( #2934 ), #984 ) ;
#3011 = APPLICATION_CONTEXT ( 'automotive_design' ) ;
#3012 = AXIS2_PLACEMENT_3D ( 'NONE', #2542, #234, #891 ) ;
#3013 = ORIENTED_EDGE ( 'NONE', *, *, #3851, .T. ) ;
#3014 = VERTEX_POINT ( 'NONE', #3272 ) ;
#3015 = LINE ( 'NONE', #1724, #4030 ) ;
#3016 = ORIENTED_EDGE ( 'NONE', *, *, #1450, .F. ) ;
#3017 = STYLED_ITEM ( 'NONE', ( #3243 ), #4047 ) ;
#3018 = ADVANCED_FACE ( 'NONE', ( #89 ), #2281, .T. ) ;
#3019 = CARTESIAN_POINT ( 'NONE',  ( -2.187499999999999112, 1.000000000000000000, -0.08749999999999999445 ) ) ;
#3020 = FILL_AREA_STYLE_COLOUR ( '', #834 ) ;
#3021 = STYLED_ITEM ( 'NONE', ( #3342 ), #4325 ) ;
#3022 = STYLED_ITEM ( 'NONE', ( #4332 ), #96 ) ;
#3023 =( NAMED_UNIT ( * ) PLANE_ANGLE_UNIT ( ) SI_UNIT ( $, .RADIAN. ) );
#3024 = SURFACE_SIDE_STYLE ('',( #2697 ) ) ;
#3025 = LINE ( 'NONE', #843, #737 ) ;
#3026 = FILL_AREA_STYLE ('',( #3394 ) ) ;
#3027 = ADVANCED_FACE ( 'NONE', ( #2673 ), #4454, .T. ) ;
#3028 = PRESENTATION_LAYER_ASSIGNMENT (  '', '', ( #2511 ) ) ;
#3029 =( GEOMETRIC_REPRESENTATION_CONTEXT ( 3 ) GLOBAL_UNCERTAINTY_ASSIGNED_CONTEXT ( ( #822 ) ) GLOBAL_UNIT_ASSIGNED_CONTEXT ( ( #3040, #4448, #1609 ) ) REPRESENTATION_CONTEXT ( 'NONE', 'WORKASPACE' ) );
#3030 = FILL_AREA_STYLE ('',( #1747 ) ) ;
#3031 = PRESENTATION_STYLE_ASSIGNMENT (( #229 ) ) ;
#3032 = UNCERTAINTY_MEASURE_WITH_UNIT (LENGTH_MEASURE( 1.000000000000000082E-05 ), #373, 'distance_accuracy_value', 'NONE');
#3033 = EDGE_CURVE ( 'NONE', #190, #1635, #1215, .T. ) ;
#3034 = PRESENTATION_LAYER_ASSIGNMENT (  '', '', ( #4222 ) ) ;
#3035 = VERTEX_POINT ( 'NONE', #2951 ) ;
#3036 = DIRECTION ( 'NONE',  ( 0.000000000000000000, 1.000000000000000000, 0.000000000000000000 ) ) ;
#3037 = SURFACE_SIDE_STYLE ('',( #2031 ) ) ;
#3038 =( NAMED_UNIT ( * ) SI_UNIT ( $, .STERADIAN. ) SOLID_ANGLE_UNIT ( ) );
#3039 = AXIS2_PLACEMENT_3D ( 'NONE', #999, #2390, #1336 ) ;
#3040 =( LENGTH_UNIT ( ) NAMED_UNIT ( * ) SI_UNIT ( .MILLI., .METRE. ) );
#3041 = ORIENTED_EDGE ( 'NONE', *, *, #2397, .T. ) ;
#3042 = SPHERICAL_SURFACE ( 'NONE', #1123, 0.02999999999999999889 ) ;
#3043 = CARTESIAN_POINT ( 'NONE',  ( -1.405000037203934182, 1.252014106501291968, -1.138703057797132878 ) ) ;
#3044 = VERTEX_POINT ( 'NONE', #1896 ) ;
#3045 = LINE ( 'NONE', #4472, #3957 ) ;
#3046 = CARTESIAN_POINT ( 'NONE',  ( 1.404999999999999583, -1.240883336193899567, -1.244605263157894770 ) ) ;
#3047 = DIRECTION ( 'NONE',  ( 1.000000000000000000, 0.000000000000000000, 0.000000000000000000 ) ) ;
#3048 =( NAMED_UNIT ( * ) SI_UNIT ( $, .STERADIAN. ) SOLID_ANGLE_UNIT ( ) );
#3049 = PLANE ( 'NONE',  #4417 ) ;
#3050 = DIRECTION ( 'NONE',  ( 1.000000000000000000, -0.000000000000000000, -0.000000000000000000 ) ) ;
#3051 = STYLED_ITEM ( 'NONE', ( #3296 ), #2270 ) ;
#3052 = EDGE_CURVE ( 'NONE', #4395, #558, #354, .T. ) ;
#3053 = CARTESIAN_POINT ( 'NONE',  ( -2.349999999999999645, 1.000000000000000000, -1.063249999999999584 ) ) ;
#3054 = VECTOR ( 'NONE', #3846, 999.9999999999998863 ) ;
#3055 = SURFACE_STYLE_FILL_AREA ( #3737 ) ;
#3056 = EDGE_CURVE ( 'NONE', #4134, #3923, #2652, .T. ) ;
#3057 = ORIENTED_EDGE ( 'NONE', *, *, #1435, .F. ) ;
#3058 =( NAMED_UNIT ( * ) PLANE_ANGLE_UNIT ( ) SI_UNIT ( $, .RADIAN. ) );
#3059 =( NAMED_UNIT ( * ) PLANE_ANGLE_UNIT ( ) SI_UNIT ( $, .RADIAN. ) );
#3060 = EDGE_LOOP ( 'NONE', ( #4497, #4383, #2694, #1731 ) ) ;
#3061 = ORIENTED_EDGE ( 'NONE', *, *, #74, .F. ) ;
#3062 = CARTESIAN_POINT ( 'NONE',  ( -2.187499999999999112, 1.362500000000000488, 0.08749999999999999445 ) ) ;
#3063 = ORIENTED_EDGE ( 'NONE', *, *, #1389, .T. ) ;
#3064 = DIRECTION ( 'NONE',  ( -1.000000000000000000, -0.000000000000000000, -0.000000000000000000 ) ) ;
#3065 = FILL_AREA_STYLE_COLOUR ( '', #1744 ) ;
#3066 = CARTESIAN_POINT ( 'NONE',  ( 2.187500000000001332, -1.362499999999999600, 0.08749999999999999445 ) ) ;
#3067 = ORIENTED_EDGE ( 'NONE', *, *, #122, .F. ) ;
#3068 = PLANE ( 'NONE',  #1746 ) ;
#3069 =( GEOMETRIC_REPRESENTATION_CONTEXT ( 3 ) GLOBAL_UNCERTAINTY_ASSIGNED_CONTEXT ( ( #1454 ) ) GLOBAL_UNIT_ASSIGNED_CONTEXT ( ( #3586, #3864, #10 ) ) REPRESENTATION_CONTEXT ( 'NONE', 'WORKASPACE' ) );
#3070 = FILL_AREA_STYLE_COLOUR ( '', #479 ) ;
#3071 = SURFACE_SIDE_STYLE ('',( #1972 ) ) ;
#3072 = UNCERTAINTY_MEASURE_WITH_UNIT (LENGTH_MEASURE( 1.000000000000000082E-05 ), #3179, 'distance_accuracy_value', 'NONE');
#3073 = CIRCLE ( 'NONE', #893, 0.2499999999999997780 ) ;
#3074 =( GEOMETRIC_REPRESENTATION_CONTEXT ( 3 ) GLOBAL_UNCERTAINTY_ASSIGNED_CONTEXT ( ( #2523 ) ) GLOBAL_UNIT_ASSIGNED_CONTEXT ( ( #4348, #2297, #802 ) ) REPRESENTATION_CONTEXT ( 'NONE', 'WORKASPACE' ) );
#3075 = EDGE_CURVE ( 'NONE', #880, #3699, #1081, .T. ) ;
#3076 = SURFACE_STYLE_FILL_AREA ( #1624 ) ;
#3077 = ORIENTED_EDGE ( 'NONE', *, *, #1342, .T. ) ;
#3078 = FACE_OUTER_BOUND ( 'NONE', #471, .T. ) ;
#3079 = SURFACE_SIDE_STYLE ('',( #4507 ) ) ;
#3080 = VECTOR ( 'NONE', #1171, 1000.000000000000000 ) ;
#3081 = EDGE_CURVE ( 'NONE', #1316, #3622, #4424, .T. ) ;
#3082 = CYLINDRICAL_SURFACE ( 'NONE', #782, 0.03000000000000007869 ) ;
#3083 = VERTEX_POINT ( 'NONE', #201 ) ;
#3084 = VERTEX_POINT ( 'NONE', #545 ) ;
#3085 = CARTESIAN_POINT ( 'NONE',  ( -1.479999999999999982, -1.000000000000000000, -1.138249999999999540 ) ) ;
#3086 = ORIENTED_EDGE ( 'NONE', *, *, #2090, .F. ) ;
#3087 = STYLED_ITEM ( 'NONE', ( #3345 ), #1969 ) ;
#3088 = DIRECTION ( 'NONE',  ( -0.000000000000000000, -0.000000000000000000, 1.000000000000000000 ) ) ;
#3089 =( NAMED_UNIT ( * ) PLANE_ANGLE_UNIT ( ) SI_UNIT ( $, .RADIAN. ) );
#3090 = EDGE_CURVE ( 'NONE', #1610, #151, #1517, .T. ) ;
#3091 = VECTOR ( 'NONE', #3549, 1000.000000000000114 ) ;
#3092 = DIRECTION ( 'NONE',  ( -0.000000000000000000, -1.000000000000000000, -0.000000000000000000 ) ) ;
#3093 = ORIENTED_EDGE ( 'NONE', *, *, #1283, .T. ) ;
#3094 = CARTESIAN_POINT ( 'NONE',  ( 1.434999999999999609, -1.222437467483060702, -1.150676406871192770 ) ) ;
#3095 =( NAMED_UNIT ( * ) PLANE_ANGLE_UNIT ( ) SI_UNIT ( $, .RADIAN. ) );
#3096 =( NAMED_UNIT ( * ) SI_UNIT ( $, .STERADIAN. ) SOLID_ANGLE_UNIT ( ) );
#3097 = FACE_OUTER_BOUND ( 'NONE', #2182, .T. ) ;
#3098 = VECTOR ( 'NONE', #1437, 1000.000000000000000 ) ;
#3099 = MECHANICAL_DESIGN_GEOMETRIC_PRESENTATION_REPRESENTATION (  '', ( #3980 ), #707 ) ;
#3100 = FILL_AREA_STYLE_COLOUR ( '', #1877 ) ;
#3101 = CARTESIAN_POINT ( 'NONE',  ( -2.044952048055268090, 1.219952048055270133, 1.186749999999999972 ) ) ;
#3102 = FILL_AREA_STYLE ('',( #3766 ) ) ;
#3103 = AXIS2_PLACEMENT_3D ( 'NONE', #336, #3554, #2828 ) ;
#3104 = SURFACE_SIDE_STYLE ('',( #3076 ) ) ;
#3105 = ORIENTED_EDGE ( 'NONE', *, *, #25, .T. ) ;
#3106 = SURFACE_STYLE_USAGE ( .BOTH. , #4144 ) ;
#3107 = SURFACE_STYLE_FILL_AREA ( #935 ) ;
#3108 = ORIENTED_EDGE ( 'NONE', *, *, #2179, .F. ) ;
#3109 = LINE ( 'NONE', #4532, #3054 ) ;
#3110 = VERTEX_POINT ( 'NONE', #1590 ) ;
#3111 = DIRECTION ( 'NONE',  ( -0.000000000000000000, -1.000000000000000000, -0.000000000000000000 ) ) ;
#3112 = EDGE_CURVE ( 'NONE', #2877, #2534, #2291, .T. ) ;
#3113 = STYLED_ITEM ( 'NONE', ( #1154 ), #2882 ) ;
#3114 = PRESENTATION_STYLE_ASSIGNMENT (( #4230 ) ) ;
#3115 = PRESENTATION_STYLE_ASSIGNMENT (( #3158 ) ) ;
#3116 = ORIENTED_EDGE ( 'NONE', *, *, #3112, .F. ) ;
#3117 = ADVANCED_FACE ( 'NONE', ( #3294 ), #111, .T. ) ;
#3118 = DIRECTION ( 'NONE',  ( -0.000000000000000000, 1.000000000000000000, 0.000000000000000000 ) ) ;
#3119 = LINE ( 'NONE', #4478, #1994 ) ;
#3120 = DIRECTION ( 'NONE',  ( 0.000000000000000000, 0.000000000000000000, -1.000000000000000000 ) ) ;
#3121 = FILL_AREA_STYLE ('',( #3814 ) ) ;
#3122 = UNCERTAINTY_MEASURE_WITH_UNIT (LENGTH_MEASURE( 1.000000000000000082E-05 ), #554, 'distance_accuracy_value', 'NONE');
#3123 = ORIENTED_EDGE ( 'NONE', *, *, #2362, .T. ) ;
#3124 =( GEOMETRIC_REPRESENTATION_CONTEXT ( 3 ) GLOBAL_UNCERTAINTY_ASSIGNED_CONTEXT ( ( #3258 ) ) GLOBAL_UNIT_ASSIGNED_CONTEXT ( ( #2358, #4083, #4469 ) ) REPRESENTATION_CONTEXT ( 'NONE', 'WORKASPACE' ) );
#3125 = CARTESIAN_POINT ( 'NONE',  ( 2.187822467004187033, 1.332986810143137912, -0.08443193139771706934 ) ) ;
#3126 = CARTESIAN_POINT ( 'NONE',  ( -2.050049603465653902, 1.225049603465655501, -1.108249999999999957 ) ) ;
#3127 = STYLED_ITEM ( 'NONE', ( #2530 ), #2663 ) ;
#3128 = ORIENTED_EDGE ( 'NONE', *, *, #345, .F. ) ;
#3129 = ORIENTED_EDGE ( 'NONE', *, *, #653, .T. ) ;
#3130 = ORIENTED_EDGE ( 'NONE', *, *, #4464, .T. ) ;
#3131 = DIRECTION ( 'NONE',  ( 0.000000000000000000, 0.1045284632676537068, 0.9945218953682734009 ) ) ;
#3132 =( NAMED_UNIT ( * ) PLANE_ANGLE_UNIT ( ) SI_UNIT ( $, .RADIAN. ) );
#3133 = EDGE_CURVE ( 'NONE', #979, #79, #1961, .T. ) ;
#3134 = SURFACE_STYLE_FILL_AREA ( #4581 ) ;
#3135 = LINE ( 'NONE', #3853, #107 ) ;
#3136 = ORIENTED_EDGE ( 'NONE', *, *, #2298, .T. ) ;
#3137 = LINE ( 'NONE', #4561, #1398 ) ;
#3138 = DIRECTION ( 'NONE',  ( 0.000000000000000000, 0.9945218953682735119, -0.1045284632676525272 ) ) ;
#3139 = EDGE_CURVE ( 'NONE', #558, #4603, #940, .T. ) ;
#3140 = PRESENTATION_LAYER_ASSIGNMENT (  '', '', ( #3716 ) ) ;
#3141 = DIRECTION ( 'NONE',  ( 0.000000000000000000, -0.1045284632676537068, 0.9945218953682734009 ) ) ;
#3142 = CARTESIAN_POINT ( 'NONE',  ( -1.404999999999999583, 1.240883336193900233, -1.244605263157894770 ) ) ;
#3143 = STYLED_ITEM ( 'NONE', ( #1595 ), #786 ) ;
#3144 = SURFACE_STYLE_USAGE ( .BOTH. , #1743 ) ;
#3145 = SURFACE_SIDE_STYLE ('',( #30 ) ) ;
#3146 = MECHANICAL_DESIGN_GEOMETRIC_PRESENTATION_REPRESENTATION (  '', ( #532 ), #3736 ) ;
#3147 = AXIS2_PLACEMENT_3D ( 'NONE', #1284, #2310, #2337 ) ;
#3148 = ORIENTED_EDGE ( 'NONE', *, *, #1261, .T. ) ;
#3149 = MECHANICAL_DESIGN_GEOMETRIC_PRESENTATION_REPRESENTATION (  '', ( #756 ), #826 ) ;
#3150 = STYLED_ITEM ( 'NONE', ( #4187 ), #350 ) ;
#3151 = CARTESIAN_POINT ( 'NONE',  ( 1.405000037203934182, -1.252014106501291080, -1.138703057797132656 ) ) ;
#3152 = ORIENTED_EDGE ( 'NONE', *, *, #1114, .T. ) ;
#3153 = LINE ( 'NONE', #4198, #5 ) ;
#3154 = SURFACE_STYLE_FILL_AREA ( #3457 ) ;
#3155 = DIRECTION ( 'NONE',  ( 0.000000000000000000, 0.000000000000000000, -1.000000000000000000 ) ) ;
#3156 = DIRECTION ( 'NONE',  ( -0.000000000000000000, -1.000000000000000000, -0.000000000000000000 ) ) ;
#3157 = COLOUR_RGB ( '',0.9607843137254902244, 0.9607843137254902244, 0.9607843137254902244 ) ;
#3158 = SURFACE_STYLE_USAGE ( .BOTH. , #4535 ) ;
#3159 = ORIENTED_EDGE ( 'NONE', *, *, #67, .F. ) ;
#3160 =( LENGTH_UNIT ( ) NAMED_UNIT ( * ) SI_UNIT ( .MILLI., .METRE. ) );
#3161 = CARTESIAN_POINT ( 'NONE',  ( 1.404999999999999583, 1.218743349349714844, -1.168250000000000011 ) ) ;
#3162 = DIRECTION ( 'NONE',  ( 0.000000000000000000, -0.000000000000000000, -1.000000000000000000 ) ) ;
#3163 = AXIS2_PLACEMENT_3D ( 'NONE', #2483, #3594, #3891 ) ;
#3164 = FACE_OUTER_BOUND ( 'NONE', #3520, .T. ) ;
#3165 = ADVANCED_FACE ( 'NONE', ( #1636 ), #632, .F. ) ;
#3166 =( LENGTH_UNIT ( ) NAMED_UNIT ( * ) SI_UNIT ( .MILLI., .METRE. ) );
#3167 = UNCERTAINTY_MEASURE_WITH_UNIT (LENGTH_MEASURE( 1.000000000000000082E-05 ), #1458, 'distance_accuracy_value', 'NONE');
#3168 = FILL_AREA_STYLE ('',( #1958 ) ) ;
#3169 = ORIENTED_EDGE ( 'NONE', *, *, #458, .F. ) ;
#3170 = VECTOR ( 'NONE', #1168, 1000.000000000000000 ) ;
#3171 = EDGE_CURVE ( 'NONE', #2595, #880, #2442, .T. ) ;
#3172 = SURFACE_STYLE_USAGE ( .BOTH. , #3492 ) ;
#3173 = ORIENTED_EDGE ( 'NONE', *, *, #4596, .F. ) ;
#3174 = CARTESIAN_POINT ( 'NONE',  ( 1.404999999999999583, -1.332664343138951324, -0.08436414610197039143 ) ) ;
#3175 = CARTESIAN_POINT ( 'NONE',  ( -2.187499999999999112, -1.362499999999999600, 0.08749999999999999445 ) ) ;
#3176 = LINE ( 'NONE', #2808, #1468 ) ;
#3177 =( NAMED_UNIT ( * ) SI_UNIT ( $, .STERADIAN. ) SOLID_ANGLE_UNIT ( ) );
#3178 =( GEOMETRIC_REPRESENTATION_CONTEXT ( 3 ) GLOBAL_UNCERTAINTY_ASSIGNED_CONTEXT ( ( #734 ) ) GLOBAL_UNIT_ASSIGNED_CONTEXT ( ( #2914, #1423, #3920 ) ) REPRESENTATION_CONTEXT ( 'NONE', 'WORKASPACE' ) );
#3179 =( LENGTH_UNIT ( ) NAMED_UNIT ( * ) SI_UNIT ( .MILLI., .METRE. ) );
#3180 = VERTEX_POINT ( 'NONE', #3850 ) ;
#3181 = CARTESIAN_POINT ( 'NONE',  ( -1.404999999999999805, -1.252273124344109201, -1.136238667640415034 ) ) ;
#3182 = CARTESIAN_POINT ( 'NONE',  ( 2.187500000000001332, -1.000000000000000000, 0.08749999999999999445 ) ) ;
#3183 = CARTESIAN_POINT ( 'NONE',  ( -1.607452048055268090, 1.219952048055269911, 1.176749999999999741 ) ) ;
#3184 = LINE ( 'NONE', #775, #32 ) ;
#3185 =( LENGTH_UNIT ( ) NAMED_UNIT ( * ) SI_UNIT ( .MILLI., .METRE. ) );
#3186 =( NAMED_UNIT ( * ) PLANE_ANGLE_UNIT ( ) SI_UNIT ( $, .RADIAN. ) );
#3187 =( LENGTH_UNIT ( ) NAMED_UNIT ( * ) SI_UNIT ( .MILLI., .METRE. ) );
#3188 = ADVANCED_FACE ( 'NONE', ( #3459 ), #652, .T. ) ;
#3189 = FILL_AREA_STYLE_COLOUR ( '', #2703 ) ;
#3190 = ORIENTED_EDGE ( 'NONE', *, *, #130, .F. ) ;
#3191 = CARTESIAN_POINT ( 'NONE',  ( 2.187500000000001332, -1.362499999999999600, -0.08749999999999999445 ) ) ;
#3192 = MECHANICAL_DESIGN_GEOMETRIC_PRESENTATION_REPRESENTATION (  '', ( #712 ), #1156 ) ;
#3193 = SURFACE_STYLE_USAGE ( .BOTH. , #2545 ) ;
#3194 = DIRECTION ( 'NONE',  ( 0.000000000000000000, 0.000000000000000000, 1.000000000000000000 ) ) ;
#3195 = CIRCLE ( 'NONE', #659, 0.03000000000000007869 ) ;
#3196 = ORIENTED_EDGE ( 'NONE', *, *, #1995, .T. ) ;
#3197 =( LENGTH_UNIT ( ) NAMED_UNIT ( * ) SI_UNIT ( .MILLI., .METRE. ) );
#3198 = FILL_AREA_STYLE_COLOUR ( '', #3282 ) ;
#3199 = FILL_AREA_STYLE_COLOUR ( '', #3441 ) ;
#3200 = VECTOR ( 'NONE', #2761, 1000.000000000000000 ) ;
#3201 =( LENGTH_UNIT ( ) NAMED_UNIT ( * ) SI_UNIT ( .MILLI., .METRE. ) );
#3202 = ORIENTED_EDGE ( 'NONE', *, *, #2362, .F. ) ;
#3203 = LINE ( 'NONE', #386, #887 ) ;
#3204 = CARTESIAN_POINT ( 'NONE',  ( -1.464999999999999636, -1.254885260326702667, -1.111385853898029685 ) ) ;
#3205 = DIRECTION ( 'NONE',  ( 0.000000000000000000, 1.000000000000000000, 0.000000000000000000 ) ) ;
#3206 =( BOUNDED_CURVE ( )  B_SPLINE_CURVE ( 3, ( #3544, #323, #351, #2867 ),
 .UNSPECIFIED., .F., .T. ) 
 B_SPLINE_CURVE_WITH_KNOTS ( ( 4, 4 ),
 ( 3.141592653589793116, 4.712388980384689674 ),
 .UNSPECIFIED. ) 
 CURVE ( )  GEOMETRIC_REPRESENTATION_ITEM ( )  RATIONAL_B_SPLINE_CURVE ( ( 1.000000000000000000, 0.8047378541243649375, 0.8047378541243649375, 1.000000000000000000 ) ) 
 REPRESENTATION_ITEM ( '' )  );
#3207 = DIRECTION ( 'NONE',  ( -1.000000000000000000, 0.000000000000000000, 0.000000000000000000 ) ) ;
#3208 = CYLINDRICAL_SURFACE ( 'NONE', #188, 0.02999999999999996766 ) ;
#3209 = SURFACE_SIDE_STYLE ('',( #3561 ) ) ;
#3210 = UNCERTAINTY_MEASURE_WITH_UNIT (LENGTH_MEASURE( 1.000000000000000082E-05 ), #1486, 'distance_accuracy_value', 'NONE');
#3211 = AXIS2_PLACEMENT_3D ( 'NONE', #4324, #3902, #1741 ) ;
#3212 = FILL_AREA_STYLE ('',( #1840 ) ) ;
#3213 = MECHANICAL_DESIGN_GEOMETRIC_PRESENTATION_REPRESENTATION (  '', ( #1321 ), #1317 ) ;
#3214 =( LENGTH_UNIT ( ) NAMED_UNIT ( * ) SI_UNIT ( .MILLI., .METRE. ) );
#3215 = CARTESIAN_POINT ( 'NONE',  ( 2.349999999999999645, -1.000000000000000000, -1.313250000000000250 ) ) ;
#3216 = EDGE_CURVE ( 'NONE', #3636, #2181, #3245, .T. ) ;
#3217 = ORIENTED_EDGE ( 'NONE', *, *, #847, .F. ) ;
#3218 = PRESENTATION_LAYER_ASSIGNMENT (  '', '', ( #314 ) ) ;
#3219 = MECHANICAL_DESIGN_GEOMETRIC_PRESENTATION_REPRESENTATION (  '', ( #605 ), #3811 ) ;
#3220 = ORIENTED_EDGE ( 'NONE', *, *, #646, .F. ) ;
#3221 = SURFACE_STYLE_USAGE ( .BOTH. , #2183 ) ;
#3222 = MECHANICAL_DESIGN_GEOMETRIC_PRESENTATION_REPRESENTATION (  '', ( #2004 ), #1492 ) ;
#3223 = DIRECTION ( 'NONE',  ( -0.000000000000000000, 0.1045284632676525410, -0.9945218953682736229 ) ) ;
#3224 = LINE ( 'NONE', #2485, #924 ) ;
#3225 = UNCERTAINTY_MEASURE_WITH_UNIT (LENGTH_MEASURE( 1.000000000000000082E-05 ), #4366, 'distance_accuracy_value', 'NONE');
#3226 = EDGE_CURVE ( 'NONE', #762, #4582, #3224, .T. ) ;
#3227 = VECTOR ( 'NONE', #4363, 1000.000000000000000 ) ;
#3228 = CARTESIAN_POINT ( 'NONE',  ( -1.404999999999999583, 1.218743349349714844, -1.168250000000000011 ) ) ;
#3229 = VERTEX_POINT ( 'NONE', #2185 ) ;
#3230 = STYLED_ITEM ( 'NONE', ( #1378 ), #1471 ) ;
#3231 = DIRECTION ( 'NONE',  ( 0.000000000000000000, -1.000000000000000000, 0.000000000000000000 ) ) ;
#3232 = EDGE_CURVE ( 'NONE', #1371, #3014, #4315, .T. ) ;
#3233 = CYLINDRICAL_SURFACE ( 'NONE', #3211, 0.03000000000000007869 ) ;
#3234 = VECTOR ( 'NONE', #903, 1000.000000000000000 ) ;
#3235 = LINE ( 'NONE', #3996, #3314 ) ;
#3236 = LINE ( 'NONE', #56, #3098 ) ;
#3237 = AXIS2_PLACEMENT_3D ( 'NONE', #2495, #1719, #3120 ) ;
#3238 =( NAMED_UNIT ( * ) PLANE_ANGLE_UNIT ( ) SI_UNIT ( $, .RADIAN. ) );
#3239 = DIRECTION ( 'NONE',  ( -0.000000000000000000, -1.000000000000000000, -0.000000000000000000 ) ) ;
#3240 = PLANE ( 'NONE',  #1469 ) ;
#3241 =( GEOMETRIC_REPRESENTATION_CONTEXT ( 3 ) GLOBAL_UNCERTAINTY_ASSIGNED_CONTEXT ( ( #2328 ) ) GLOBAL_UNIT_ASSIGNED_CONTEXT ( ( #318, #4589, #4241 ) ) REPRESENTATION_CONTEXT ( 'NONE', 'WORKASPACE' ) );
#3242 = VERTEX_POINT ( 'NONE', #3617 ) ;
#3243 = PRESENTATION_STYLE_ASSIGNMENT (( #1460 ) ) ;
#3244 = CARTESIAN_POINT ( 'NONE',  ( 2.079885260326704621, 1.362500000000000488, -1.111385853898029463 ) ) ;
#3245 = LINE ( 'NONE', #1088, #2443 ) ;
#3246 =( GEOMETRIC_REPRESENTATION_CONTEXT ( 3 ) GLOBAL_UNCERTAINTY_ASSIGNED_CONTEXT ( ( #3714 ) ) GLOBAL_UNIT_ASSIGNED_CONTEXT ( ( #997, #3833, #3484 ) ) REPRESENTATION_CONTEXT ( 'NONE', 'WORKASPACE' ) );
#3247 = ADVANCED_FACE ( 'NONE', ( #4286 ), #2851, .T. ) ;
#3248 = DIRECTION ( 'NONE',  ( 0.000000000000000000, 0.000000000000000000, -1.000000000000000000 ) ) ;
#3249 = ORIENTED_EDGE ( 'NONE', *, *, #3623, .T. ) ;
#3250 = LINE ( 'NONE', #4404, #1654 ) ;
#3251 = DIRECTION ( 'NONE',  ( 0.000000000000000000, 0.1045284632676537068, 0.9945218953682734009 ) ) ;
#3252 =( NAMED_UNIT ( * ) PLANE_ANGLE_UNIT ( ) SI_UNIT ( $, .RADIAN. ) );
#3253 = PRESENTATION_LAYER_ASSIGNMENT (  '', '', ( #716 ) ) ;
#3254 =( NAMED_UNIT ( * ) PLANE_ANGLE_UNIT ( ) SI_UNIT ( $, .RADIAN. ) );
#3255 = EDGE_CURVE ( 'NONE', #103, #2822, #2519, .T. ) ;
#3256 = STYLED_ITEM ( 'NONE', ( #1290 ), #2907 ) ;
#3257 = DIRECTION ( 'NONE',  ( 0.000000000000000000, 1.000000000000000000, 0.000000000000000000 ) ) ;
#3258 = UNCERTAINTY_MEASURE_WITH_UNIT (LENGTH_MEASURE( 1.000000000000000082E-05 ), #2358, 'distance_accuracy_value', 'NONE');
#3259 = PLANE ( 'NONE',  #2246 ) ;
#3260 = ORIENTED_EDGE ( 'NONE', *, *, #4460, .T. ) ;
#3261 = ORIENTED_EDGE ( 'NONE', *, *, #592, .F. ) ;
#3262 = FILL_AREA_STYLE_COLOUR ( '', #3380 ) ;
#3263 = DIRECTION ( 'NONE',  ( 0.000000000000000000, 0.000000000000000000, -1.000000000000000000 ) ) ;
#3264 = MECHANICAL_DESIGN_GEOMETRIC_PRESENTATION_REPRESENTATION (  '', ( #3635 ), #1677 ) ;
#3265 = ORIENTED_EDGE ( 'NONE', *, *, #2856, .T. ) ;
#3266 = DIRECTION ( 'NONE',  ( -0.000000000000000000, 1.000000000000000000, 0.000000000000000000 ) ) ;
#3267 =( NAMED_UNIT ( * ) SI_UNIT ( $, .STERADIAN. ) SOLID_ANGLE_UNIT ( ) );
#3268 = ORIENTED_EDGE ( 'NONE', *, *, #3756, .F. ) ;
#3269 = DIRECTION ( 'NONE',  ( 0.000000000000000000, 0.000000000000000000, -1.000000000000000000 ) ) ;
#3270 = FACE_OUTER_BOUND ( 'NONE', #3315, .T. ) ;
#3271 = VECTOR ( 'NONE', #3985, 1000.000000000000000 ) ;
#3272 = CARTESIAN_POINT ( 'NONE',  ( 2.600000000000000089, -1.000000000000000000, -1.063250000000000250 ) ) ;
#3273 = SURFACE_SIDE_STYLE ('',( #4020 ) ) ;
#3274 = CARTESIAN_POINT ( 'NONE',  ( 1.464999999999999636, 1.225049603465655501, -1.138249999999999984 ) ) ;
#3275 =( NAMED_UNIT ( * ) SI_UNIT ( $, .STERADIAN. ) SOLID_ANGLE_UNIT ( ) );
#3276 = ADVANCED_FACE ( 'NONE', ( #3892 ), #1734, .T. ) ;
#3277 =( NAMED_UNIT ( * ) SI_UNIT ( $, .STERADIAN. ) SOLID_ANGLE_UNIT ( ) );
#3278 = CARTESIAN_POINT ( 'NONE',  ( 2.187500000000001332, -1.000000000000000000, -0.08749999999999999445 ) ) ;
#3279 = ADVANCED_FACE ( 'NONE', ( #1374 ), #2115, .F. ) ;
#3280 = LINE ( 'NONE', #99, #2195 ) ;
#3281 = VERTEX_POINT ( 'NONE', #3634 ) ;
#3282 = COLOUR_RGB ( '',0.8039215686274510109, 0.8039215686274510109, 0.8039215686274510109 ) ;
#3283 = EDGE_LOOP ( 'NONE', ( #3093, #1725, #1031, #1061 ) ) ;
#3284 = DIRECTION ( 'NONE',  ( 0.000000000000000000, -1.000000000000000000, -0.000000000000000000 ) ) ;
#3285 = VECTOR ( 'NONE', #1690, 1000.000000000000000 ) ;
#3286 = VECTOR ( 'NONE', #1548, 1000.000000000000000 ) ;
#3287 = VECTOR ( 'NONE', #1135, 1000.000000000000000 ) ;
#3288 = ORIENTED_EDGE ( 'NONE', *, *, #2303, .T. ) ;
#3289 =( NAMED_UNIT ( * ) SI_UNIT ( $, .STERADIAN. ) SOLID_ANGLE_UNIT ( ) );
#3290 =( LENGTH_UNIT ( ) NAMED_UNIT ( * ) SI_UNIT ( .MILLI., .METRE. ) );
#3291 = ORIENTED_EDGE ( 'NONE', *, *, #2298, .F. ) ;
#3292 = DIRECTION ( 'NONE',  ( 0.000000000000000000, 0.000000000000000000, 1.000000000000000000 ) ) ;
#3293 = LINE ( 'NONE', #72, #4274 ) ;
#3294 = FACE_OUTER_BOUND ( 'NONE', #2455, .T. ) ;
#3295 = CIRCLE ( 'NONE', #2853, 0.2500000000000001110 ) ;
#3296 = PRESENTATION_STYLE_ASSIGNMENT (( #774 ) ) ;
#3297 = AXIS2_PLACEMENT_3D ( 'NONE', #3898, #1333, #4557 ) ;
#3298 = SURFACE_STYLE_FILL_AREA ( #1519 ) ;
#3299 = FILL_AREA_STYLE ('',( #1082 ) ) ;
#3300 = CARTESIAN_POINT ( 'NONE',  ( 2.349999999999999645, 1.000000000000000000, -1.313250000000000250 ) ) ;
#3301 = UNCERTAINTY_MEASURE_WITH_UNIT (LENGTH_MEASURE( 1.000000000000000082E-05 ), #448, 'distance_accuracy_value', 'NONE');
#3302 = AXIS2_PLACEMENT_3D ( 'NONE', #2267, #3340, #2675 ) ;
#3303 = PRESENTATION_LAYER_ASSIGNMENT (  '', '', ( #2100 ) ) ;
#3304 = PRESENTATION_STYLE_ASSIGNMENT (( #2276 ) ) ;
#3305 =( NAMED_UNIT ( * ) PLANE_ANGLE_UNIT ( ) SI_UNIT ( $, .RADIAN. ) );
#3306 = PRESENTATION_LAYER_ASSIGNMENT (  '', '', ( #977 ) ) ;
#3307 = CIRCLE ( 'NONE', #273, 0.03000000000000007869 ) ;
#3308 = LINE ( 'NONE', #1482, #488 ) ;
#3309 = EDGE_LOOP ( 'NONE', ( #3148, #3424, #3477, #1400 ) ) ;
#3310 = ORIENTED_EDGE ( 'NONE', *, *, #2826, .T. ) ;
#3311 = SURFACE_STYLE_FILL_AREA ( #2941 ) ;
#3312 = AXIS2_PLACEMENT_3D ( 'NONE', #3330, #2706, #2643 ) ;
#3313 = SURFACE_STYLE_FILL_AREA ( #147 ) ;
#3314 = VECTOR ( 'NONE', #2124, 1000.000000000000000 ) ;
#3315 = EDGE_LOOP ( 'NONE', ( #876, #518, #609, #2810, #852 ) ) ;
#3316 = PRESENTATION_STYLE_ASSIGNMENT (( #1869 ) ) ;
#3317 = VERTEX_POINT ( 'NONE', #446 ) ;
#3318 = FACE_OUTER_BOUND ( 'NONE', #2380, .T. ) ;
#3319 = CARTESIAN_POINT ( 'NONE',  ( 0.000000000000000000, 1.219952048055270133, 1.156749999999999723 ) ) ;
#3320 = AXIS2_PLACEMENT_3D ( 'NONE', #2465, #4293, #1017 ) ;
#3321 = COLOUR_RGB ( '',0.2862745098039215508, 0.2862745098039215508, 0.2862745098039215508 ) ;
#3322 = PRESENTATION_STYLE_ASSIGNMENT (( #115 ) ) ;
#3323 = CARTESIAN_POINT ( 'NONE',  ( 2.175085373081354412, 1.362404244550524002, 0.08840981203789943788 ) ) ;
#3324 = DIRECTION ( 'NONE',  ( -1.000000000000000000, 0.000000000000000000, 0.000000000000000000 ) ) ;
#3325 = DIRECTION ( 'NONE',  ( 1.000000000000000000, 0.000000000000000000, -2.502005013428102857E-16 ) ) ;
#3326 = MECHANICAL_DESIGN_GEOMETRIC_PRESENTATION_REPRESENTATION (  '', ( #4524 ), #348 ) ;
#3327 = DIRECTION ( 'NONE',  ( -0.000000000000000000, 1.000000000000000000, -0.000000000000000000 ) ) ;
#3328 = ADVANCED_FACE ( 'NONE', ( #536 ), #1185, .F. ) ;
#3329 = ORIENTED_EDGE ( 'NONE', *, *, #1155, .F. ) ;
#3330 = CARTESIAN_POINT ( 'NONE',  ( 2.157986810143138534, 1.332986810143137912, 0.08129607749968742469 ) ) ;
#3331 = FILL_AREA_STYLE_COLOUR ( '', #1397 ) ;
#3332 = ADVANCED_FACE ( 'NONE', ( #2944 ), #579, .T. ) ;
#3333 = DIRECTION ( 'NONE',  ( 0.000000000000000000, 0.000000000000000000, 1.000000000000000000 ) ) ;
#3334 = ORIENTED_EDGE ( 'NONE', *, *, #2850, .T. ) ;
#3335 = CARTESIAN_POINT ( 'NONE',  ( -2.350000000000000533, -1.000000000000000000, 0.08750000000000057732 ) ) ;
#3336 = ORIENTED_EDGE ( 'NONE', *, *, #565, .T. ) ;
#3337 = FILL_AREA_STYLE ('',( #476 ) ) ;
#3338 = CARTESIAN_POINT ( 'NONE',  ( -2.175085373081351303, 1.362404244550523780, 0.08840981203789735621 ) ) ;
#3339 =( NAMED_UNIT ( * ) PLANE_ANGLE_UNIT ( ) SI_UNIT ( $, .RADIAN. ) );
#3340 = DIRECTION ( 'NONE',  ( 0.000000000000000000, 1.000000000000000000, -0.000000000000000000 ) ) ;
#3341 = STYLED_ITEM ( 'NONE', ( #3388 ), #2341 ) ;
#3342 = PRESENTATION_STYLE_ASSIGNMENT (( #841 ) ) ;
#3343 = PRESENTATION_STYLE_ASSIGNMENT (( #1545 ) ) ;
#3344 = SURFACE_SIDE_STYLE ('',( #4479 ) ) ;
#3345 = PRESENTATION_STYLE_ASSIGNMENT (( #506 ) ) ;
#3346 = SURFACE_STYLE_USAGE ( .BOTH. , #2980 ) ;
#3347 = UNCERTAINTY_MEASURE_WITH_UNIT (LENGTH_MEASURE( 1.000000000000000082E-05 ), #878, 'distance_accuracy_value', 'NONE');
#3348 = EDGE_LOOP ( 'NONE', ( #2334, #3217, #3676, #2009 ) ) ;
#3349 = DIRECTION ( 'NONE',  ( -0.000000000000000000, -0.000000000000000000, 1.000000000000000000 ) ) ;
#3350 = CARTESIAN_POINT ( 'NONE',  ( -2.350000000000000089, -1.000000000000000000, -0.1624999999999992006 ) ) ;
#3351 = EDGE_CURVE ( 'NONE', #4582, #4148, #829, .T. ) ;
#3352 = FACE_OUTER_BOUND ( 'NONE', #4376, .T. ) ;
#3353 = EDGE_LOOP ( 'NONE', ( #3917, #1864, #3653, #4529 ) ) ;
#3354 =( GEOMETRIC_REPRESENTATION_CONTEXT ( 3 ) GLOBAL_UNCERTAINTY_ASSIGNED_CONTEXT ( ( #3815 ) ) GLOBAL_UNIT_ASSIGNED_CONTEXT ( ( #614, #2019, #1018 ) ) REPRESENTATION_CONTEXT ( 'NONE', 'WORKASPACE' ) );
#3355 = FILL_AREA_STYLE_COLOUR ( '', #1117 ) ;
#3356 = DIRECTION ( 'NONE',  ( -0.000000000000000000, -0.000000000000000000, -1.000000000000000000 ) ) ;
#3357 = ORIENTED_EDGE ( 'NONE', *, *, #1713, .F. ) ;
#3358 = ADVANCED_FACE ( 'NONE', ( #2377 ), #4195, .T. ) ;
#3359 =( LENGTH_UNIT ( ) NAMED_UNIT ( * ) SI_UNIT ( .MILLI., .METRE. ) );
#3360 = PRESENTATION_STYLE_ASSIGNMENT (( #1151 ) ) ;
#3361 = PRESENTATION_LAYER_ASSIGNMENT (  '', '', ( #2399 ) ) ;
#3362 = CARTESIAN_POINT ( 'NONE',  ( -2.079885260326701957, 1.225049603465655501, -1.111385853898029463 ) ) ;
#3363 = DIRECTION ( 'NONE',  ( 1.000000000000000000, -0.000000000000000000, -2.644395542647571766E-16 ) ) ;
#3364 = VERTEX_POINT ( 'NONE', #983 ) ;
#3365 = PRESENTATION_LAYER_ASSIGNMENT (  '', '', ( #2846 ) ) ;
#3366 = EDGE_CURVE ( 'NONE', #2314, #2577, #3493, .T. ) ;
#3367 = VECTOR ( 'NONE', #278, 1000.000000000000000 ) ;
#3368 = FILL_AREA_STYLE_COLOUR ( '', #4180 ) ;
#3369 = SURFACE_SIDE_STYLE ('',( #226 ) ) ;
#3370 = DIRECTION ( 'NONE',  ( 0.1039620511844979306, -0.1039620511844979306, 0.9891328443778538704 ) ) ;
#3371 = CARTESIAN_POINT ( 'NONE',  ( 2.050049603465656123, 1.225049603465655501, -1.108249999999999957 ) ) ;
#3372 = CIRCLE ( 'NONE', #2704, 0.03000000000000007869 ) ;
#3373 = VECTOR ( 'NONE', #3363, 1000.000000000000000 ) ;
#3374 = CARTESIAN_POINT ( 'NONE',  ( -1.434999999999999609, -1.218743349349714178, -1.168250000000000011 ) ) ;
#3375 = ORIENTED_EDGE ( 'NONE', *, *, #3395, .T. ) ;
#3376 = PLANE ( 'NONE',  #184 ) ;
#3377 = VECTOR ( 'NONE', #1230, 1000.000000000000000 ) ;
#3378 =( NAMED_UNIT ( * ) PLANE_ANGLE_UNIT ( ) SI_UNIT ( $, .RADIAN. ) );
#3379 = VECTOR ( 'NONE', #1410, 1000.000000000000000 ) ;
#3380 = COLOUR_RGB ( '',0.2862745098039215508, 0.2862745098039215508, 0.2862745098039215508 ) ;
#3381 = EDGE_LOOP ( 'NONE', ( #1627, #3841, #1603, #255 ) ) ;
#3382 =( NAMED_UNIT ( * ) SI_UNIT ( $, .STERADIAN. ) SOLID_ANGLE_UNIT ( ) );
#3383 = VERTEX_POINT ( 'NONE', #283 ) ;
#3384 = DIRECTION ( 'NONE',  ( -0.1039620511844945305, 0.1039620511844968065, -0.9891328443778544255 ) ) ;
#3385 = SURFACE_SIDE_STYLE ('',( #452 ) ) ;
#3386 = MECHANICAL_DESIGN_GEOMETRIC_PRESENTATION_REPRESENTATION (  '', ( #1133 ), #2722 ) ;
#3387 = ADVANCED_FACE ( 'NONE', ( #3403 ), #1980, .T. ) ;
#3388 = PRESENTATION_STYLE_ASSIGNMENT (( #1262 ) ) ;
#3389 = ORIENTED_EDGE ( 'NONE', *, *, #1842, .F. ) ;
#3390 = MECHANICAL_DESIGN_GEOMETRIC_PRESENTATION_REPRESENTATION (  '', ( #2801 ), #3618 ) ;
#3391 = AXIS2_PLACEMENT_3D ( 'NONE', #2420, #618, #3858 ) ;
#3392 = DIRECTION ( 'NONE',  ( -1.000000000000000000, 0.000000000000000000, -8.340016711427008290E-17 ) ) ;
#3393 = CARTESIAN_POINT ( 'NONE',  ( -2.050049603465653902, -1.225049603465654613, -1.138249999999999984 ) ) ;
#3394 = FILL_AREA_STYLE_COLOUR ( '', #2089 ) ;
#3395 = EDGE_CURVE ( 'NONE', #2092, #2595, #2081, .T. ) ;
#3396 =( LENGTH_UNIT ( ) NAMED_UNIT ( * ) SI_UNIT ( .MILLI., .METRE. ) );
#3397 = CARTESIAN_POINT ( 'NONE',  ( -2.044952048055268090, -1.219952048055269245, 1.176749999999999741 ) ) ;
#3398 = UNCERTAINTY_MEASURE_WITH_UNIT (LENGTH_MEASURE( 1.000000000000000082E-05 ), #1201, 'distance_accuracy_value', 'NONE');
#3399 = VECTOR ( 'NONE', #3780, 1000.000000000000000 ) ;
#3400 = VERTEX_POINT ( 'NONE', #3427 ) ;
#3401 = SURFACE_STYLE_USAGE ( .BOTH. , #4029 ) ;
#3402 = FILL_AREA_STYLE ('',( #870 ) ) ;
#3403 = FACE_OUTER_BOUND ( 'NONE', #2711, .T. ) ;
#3404 = CIRCLE ( 'NONE', #2206, 0.03000000000000007869 ) ;
#3405 = EDGE_LOOP ( 'NONE', ( #667, #2969, #335, #3704 ) ) ;
#3406 = ORIENTED_EDGE ( 'NONE', *, *, #2681, .T. ) ;
#3407 = PRODUCT_CONTEXT ( 'NONE', #1376, 'mechanical' ) ;
#3408 = CARTESIAN_POINT ( 'NONE',  ( -2.157664343138950169, 1.362500000000000488, 0.08749999999999999445 ) ) ;
#3409 =( NAMED_UNIT ( * ) SI_UNIT ( $, .STERADIAN. ) SOLID_ANGLE_UNIT ( ) );
#3410 = CARTESIAN_POINT ( 'NONE',  ( -1.464999999999999636, -1.254885260326702667, -1.111385853898029463 ) ) ;
#3411 = FACE_OUTER_BOUND ( 'NONE', #1287, .T. ) ;
#3412 = ORIENTED_EDGE ( 'NONE', *, *, #3819, .F. ) ;
#3413 = FILL_AREA_STYLE ('',( #2315 ) ) ;
#3414 =( LENGTH_UNIT ( ) NAMED_UNIT ( * ) SI_UNIT ( .MILLI., .METRE. ) );
#3415 = PRESENTATION_LAYER_ASSIGNMENT (  '', '', ( #3932 ) ) ;
#3416 = CARTESIAN_POINT ( 'NONE',  ( -2.350000000000000533, 1.000000000000000000, 0.08750000000000057732 ) ) ;
#3417 = SURFACE_SIDE_STYLE ('',( #4138 ) ) ;
#3418 = PRODUCT ( 'SS19', 'SS19', '', ( #3407 ) ) ;
#3419 = MECHANICAL_DESIGN_GEOMETRIC_PRESENTATION_REPRESENTATION (  '', ( #801 ), #3124 ) ;
#3420 = FILL_AREA_STYLE_COLOUR ( '', #2999 ) ;
#3421 = DIRECTION ( 'NONE',  ( -0.000000000000000000, -1.000000000000000000, -0.000000000000000000 ) ) ;
#3422 = EDGE_CURVE ( 'NONE', #2603, #3083, #1277, .T. ) ;
#3423 = SURFACE_SIDE_STYLE ('',( #4543 ) ) ;
#3424 = ORIENTED_EDGE ( 'NONE', *, *, #759, .F. ) ;
#3425 = LINE ( 'NONE', #233, #4301 ) ;
#3426 = DIRECTION ( 'NONE',  ( 1.000000000000000000, 0.000000000000000000, 0.000000000000000000 ) ) ;
#3427 = CARTESIAN_POINT ( 'NONE',  ( -2.044952048055268090, 1.249787704916318187, 1.159885853898029451 ) ) ;
#3428 = ORIENTED_EDGE ( 'NONE', *, *, #2875, .T. ) ;
#3429 = FILL_AREA_STYLE_COLOUR ( '', #1703 ) ;
#3430 = VERTEX_POINT ( 'NONE', #2155 ) ;
#3431 = DIRECTION ( 'NONE',  ( 0.000000000000000000, 0.000000000000000000, 1.000000000000000000 ) ) ;
#3432 = CARTESIAN_POINT ( 'NONE',  ( 1.404999999999999583, 1.213871214864965298, -1.214605263157894743 ) ) ;
#3433 = DIRECTION ( 'NONE',  ( 0.000000000000000000, 0.000000000000000000, -1.000000000000000000 ) ) ;
#3434 = CARTESIAN_POINT ( 'NONE',  ( -1.404999999999999583, 1.362500000000000488, -0.08749999999999999445 ) ) ;
#3435 = FILL_AREA_STYLE_COLOUR ( '', #4115 ) ;
#3436 = ORIENTED_EDGE ( 'NONE', *, *, #458, .T. ) ;
#3437 =( GEOMETRIC_REPRESENTATION_CONTEXT ( 3 ) GLOBAL_UNCERTAINTY_ASSIGNED_CONTEXT ( ( #3210 ) ) GLOBAL_UNIT_ASSIGNED_CONTEXT ( ( #1486, #3378, #2574 ) ) REPRESENTATION_CONTEXT ( 'NONE', 'WORKASPACE' ) );
#3438 = SURFACE_STYLE_USAGE ( .BOTH. , #1240 ) ;
#3439 = SURFACE_STYLE_USAGE ( .BOTH. , #882 ) ;
#3440 = PLANE ( 'NONE',  #1669 ) ;
#3441 = COLOUR_RGB ( '',0.8039215686274510109, 0.8039215686274510109, 0.8039215686274510109 ) ;
#3442 = CARTESIAN_POINT ( 'NONE',  ( 1.404999999999999583, 1.362500000000000488, -0.08749999999999999445 ) ) ;
#3443 = SURFACE_STYLE_USAGE ( .BOTH. , #275 ) ;
#3444 = SURFACE_SIDE_STYLE ('',( #863 ) ) ;
#3445 = UNCERTAINTY_MEASURE_WITH_UNIT (LENGTH_MEASURE( 1.000000000000000082E-05 ), #2612, 'distance_accuracy_value', 'NONE');
#3446 = COLOUR_RGB ( '',0.9607843137254902244, 0.9607843137254902244, 0.9607843137254902244 ) ;
#3447 = EDGE_CURVE ( 'NONE', #1459, #1197, #693, .T. ) ;
#3448 = CIRCLE ( 'NONE', #2324, 0.02999999999999996073 ) ;
#3449 = ORIENTED_EDGE ( 'NONE', *, *, #4186, .F. ) ;
#3450 = LINE ( 'NONE', #3125, #1199 ) ;
#3451 = DIRECTION ( 'NONE',  ( 0.000000000000000000, -1.000000000000000000, 0.000000000000000000 ) ) ;
#3452 = PRESENTATION_LAYER_ASSIGNMENT (  '', '', ( #3005 ) ) ;
#3453 = ORIENTED_EDGE ( 'NONE', *, *, #3033, .F. ) ;
#3454 = ORIENTED_EDGE ( 'NONE', *, *, #3695, .F. ) ;
#3455 = CARTESIAN_POINT ( 'NONE',  ( -2.350000000000000089, 1.000000000000000000, -0.1624999999999992006 ) ) ;
#3456 = ORIENTED_EDGE ( 'NONE', *, *, #372, .F. ) ;
#3457 = FILL_AREA_STYLE ('',( #2011 ) ) ;
#3458 = AXIS2_PLACEMENT_3D ( 'NONE', #3907, #3470, #2470 ) ;
#3459 = FACE_OUTER_BOUND ( 'NONE', #3283, .T. ) ;
#3460 = MECHANICAL_DESIGN_GEOMETRIC_PRESENTATION_REPRESENTATION (  '', ( #118 ), #257 ) ;
#3461 = EDGE_CURVE ( 'NONE', #2986, #1300, #4250, .T. ) ;
#3462 =( NAMED_UNIT ( * ) SI_UNIT ( $, .STERADIAN. ) SOLID_ANGLE_UNIT ( ) );
#3463 = ORIENTED_EDGE ( 'NONE', *, *, #4343, .T. ) ;
#3464 = VECTOR ( 'NONE', #1705, 1000.000000000000000 ) ;
#3465 = CLOSED_SHELL ( 'NONE', ( #786, #798, #732, #3475, #41, #2907, #1907, #766, #2660, #2663, #4325, #3279, #2214, #4571 ) ) ;
#3466 =( NAMED_UNIT ( * ) SI_UNIT ( $, .STERADIAN. ) SOLID_ANGLE_UNIT ( ) );
#3467 = MECHANICAL_DESIGN_GEOMETRIC_PRESENTATION_REPRESENTATION (  '', ( #3022 ), #3838 ) ;
#3468 = FILL_AREA_STYLE_COLOUR ( '', #1360 ) ;
#3469 = LINE ( 'NONE', #1671, #1116 ) ;
#3470 = DIRECTION ( 'NONE',  ( 0.000000000000000000, 0.000000000000000000, -1.000000000000000000 ) ) ;
#3471 = CIRCLE ( 'NONE', #4586, 0.03000000000000007869 ) ;
#3472 = DIRECTION ( 'NONE',  ( 0.000000000000000000, 0.000000000000000000, 1.000000000000000000 ) ) ;
#3473 = VERTEX_POINT ( 'NONE', #2475 ) ;
#3474 =( NAMED_UNIT ( * ) PLANE_ANGLE_UNIT ( ) SI_UNIT ( $, .RADIAN. ) );
#3475 = ADVANCED_FACE ( 'NONE', ( #3886 ), #2818, .F. ) ;
#3476 = AXIS2_PLACEMENT_3D ( 'NONE', #2994, #154, #857 ) ;
#3477 = ORIENTED_EDGE ( 'NONE', *, *, #4515, .F. ) ;
#3478 = VERTEX_POINT ( 'NONE', #3215 ) ;
#3479 = STYLED_ITEM ( 'NONE', ( #3835 ), #2947 ) ;
#3480 =( LENGTH_UNIT ( ) NAMED_UNIT ( * ) SI_UNIT ( .MILLI., .METRE. ) );
#3481 = EDGE_CURVE ( 'NONE', #349, #190, #1923, .T. ) ;
#3482 = DIRECTION ( 'NONE',  ( -0.000000000000000000, -0.000000000000000000, -1.000000000000000000 ) ) ;
#3483 = EDGE_LOOP ( 'NONE', ( #2896, #2373, #365, #2213 ) ) ;
#3484 =( NAMED_UNIT ( * ) SI_UNIT ( $, .STERADIAN. ) SOLID_ANGLE_UNIT ( ) );
#3485 = CARTESIAN_POINT ( 'NONE',  ( 1.479999999999999538, -1.000000000000000000, -1.313250000000000250 ) ) ;
#3486 = SURFACE_STYLE_FILL_AREA ( #2050 ) ;
#3487 = FILL_AREA_STYLE ('',( #2052 ) ) ;
#3488 =( NAMED_UNIT ( * ) SI_UNIT ( $, .STERADIAN. ) SOLID_ANGLE_UNIT ( ) );
#3489 = UNCERTAINTY_MEASURE_WITH_UNIT (LENGTH_MEASURE( 1.000000000000000082E-05 ), #3359, 'distance_accuracy_value', 'NONE');
#3490 = EDGE_LOOP ( 'NONE', ( #1555, #1161, #3547 ) ) ;
#3491 =( GEOMETRIC_REPRESENTATION_CONTEXT ( 3 ) GLOBAL_UNCERTAINTY_ASSIGNED_CONTEXT ( ( #3948 ) ) GLOBAL_UNIT_ASSIGNED_CONTEXT ( ( #993, #1784, #654 ) ) REPRESENTATION_CONTEXT ( 'NONE', 'WORKASPACE' ) );
#3492 = SURFACE_SIDE_STYLE ('',( #9 ) ) ;
#3493 = LINE ( 'NONE', #2355, #2627 ) ;
#3494 = AXIS2_PLACEMENT_3D ( 'NONE', #2502, #1414, #1858 ) ;
#3495 = VERTEX_POINT ( 'NONE', #1388 ) ;
#3496 = EDGE_CURVE ( 'NONE', #3110, #4449, #2108, .T. ) ;
#3497 = DIRECTION ( 'NONE',  ( 0.000000000000000000, 0.1045284632676537068, -0.9945218953682734009 ) ) ;
#3498 = ORIENTED_EDGE ( 'NONE', *, *, #1067, .F. ) ;
#3499 = FILL_AREA_STYLE_COLOUR ( '', #4506 ) ;
#3500 = CARTESIAN_POINT ( 'NONE',  ( -1.479999999999999982, 1.000000000000000000, -1.138249999999999540 ) ) ;
#3501 = EDGE_CURVE ( 'NONE', #3478, #3923, #2504, .T. ) ;
#3502 = CARTESIAN_POINT ( 'NONE',  ( 1.404999999999999805, 1.248579006210763120, -1.171385853898029517 ) ) ;
#3503 = SURFACE_STYLE_FILL_AREA ( #2759 ) ;
#3504 = ORIENTED_EDGE ( 'NONE', *, *, #3954, .F. ) ;
#3505 = FACE_OUTER_BOUND ( 'NONE', #630, .T. ) ;
#3506 = CARTESIAN_POINT ( 'NONE',  ( 1.479999999999999538, 1.000000000000000000, -1.313250000000000250 ) ) ;
#3507 = ADVANCED_FACE ( 'NONE', ( #1799 ), #3240, .F. ) ;
#3508 = SURFACE_STYLE_USAGE ( .BOTH. , #4213 ) ;
#3509 = SURFACE_SIDE_STYLE ('',( #948 ) ) ;
#3510 = AXIS2_PLACEMENT_3D ( 'NONE', #3525, #44, #2462 ) ;
#3511 = CARTESIAN_POINT ( 'NONE',  ( -2.187500000000001332, 1.000000000000000000, 0.08750000000000053568 ) ) ;
#3512 = LINE ( 'NONE', #3947, #767 ) ;
#3513 = COLOUR_RGB ( '',0.2862745098039215508, 0.2862745098039215508, 0.2862745098039215508 ) ;
#3514 = EDGE_CURVE ( 'NONE', #4452, #1316, #2566, .T. ) ;
#3515 = CARTESIAN_POINT ( 'NONE',  ( 0.000000000000000000, 0.000000000000000000, 1.186749999999999972 ) ) ;
#3516 = ORIENTED_EDGE ( 'NONE', *, *, #3787, .T. ) ;
#3517 = STYLED_ITEM ( 'NONE', ( #1643 ), #454 ) ;
#3518 =( LENGTH_UNIT ( ) NAMED_UNIT ( * ) SI_UNIT ( .MILLI., .METRE. ) );
#3519 = CIRCLE ( 'NONE', #1263, 0.03000000000000007869 ) ;
#3520 = EDGE_LOOP ( 'NONE', ( #4192, #3720, #3016, #2357 ) ) ;
#3521 = EDGE_LOOP ( 'NONE', ( #4595, #1248, #833, #4147 ) ) ;
#3522 = LINE ( 'NONE', #2823, #1867 ) ;
#3523 =( NAMED_UNIT ( * ) SI_UNIT ( $, .STERADIAN. ) SOLID_ANGLE_UNIT ( ) );
#3524 = MECHANICAL_DESIGN_GEOMETRIC_PRESENTATION_REPRESENTATION (  '', ( #321 ), #3823 ) ;
#3525 = CARTESIAN_POINT ( 'NONE',  ( -2.299999999999999822, 1.000000000000000000, -1.013249999999999540 ) ) ;
#3526 = PRESENTATION_LAYER_ASSIGNMENT (  '', '', ( #2932 ) ) ;
#3527 = AXIS2_PLACEMENT_3D ( 'NONE', #4025, #2591, #4002 ) ;
#3528 = PRESENTATION_STYLE_ASSIGNMENT (( #2463 ) ) ;
#3529 =( NAMED_UNIT ( * ) SI_UNIT ( $, .STERADIAN. ) SOLID_ANGLE_UNIT ( ) );
#3530 = CARTESIAN_POINT ( 'NONE',  ( 2.157500000000001528, -1.332499999999999574, 0.08749999999999999445 ) ) ;
#3531 = ORIENTED_EDGE ( 'NONE', *, *, #2368, .T. ) ;
#3532 = CARTESIAN_POINT ( 'NONE',  ( 2.187500000000001332, 1.000000000000000000, 0.08749999999999999445 ) ) ;
#3533 = VECTOR ( 'NONE', #305, 1000.000000000000114 ) ;
#3534 = DIRECTION ( 'NONE',  ( 0.000000000000000000, 1.000000000000000000, 0.000000000000000000 ) ) ;
#3535 = MECHANICAL_DESIGN_GEOMETRIC_PRESENTATION_REPRESENTATION (  '', ( #4584 ), #2869 ) ;
#3536 = LINE ( 'NONE', #3928, #3754 ) ;
#3537 = DIRECTION ( 'NONE',  ( -1.000000000000000000, -0.000000000000000000, -0.000000000000000000 ) ) ;
#3538 = DIRECTION ( 'NONE',  ( 0.000000000000000000, 0.000000000000000000, 1.000000000000000000 ) ) ;
#3539 = UNCERTAINTY_MEASURE_WITH_UNIT (LENGTH_MEASURE( 1.000000000000000082E-05 ), #3749, 'distance_accuracy_value', 'NONE');
#3540 = EDGE_CURVE ( 'NONE', #1027, #4483, #1884, .T. ) ;
#3541 = AXIS2_PLACEMENT_3D ( 'NONE', #1198, #3629, #2633 ) ;
#3542 = ORIENTED_EDGE ( 'NONE', *, *, #2547, .T. ) ;
#3543 = STYLED_ITEM ( 'NONE', ( #49 ), #4428 ) ;
#3544 = CARTESIAN_POINT ( 'NONE',  ( -1.464999999999999636, 1.254885260326703555, -1.111385853898029463 ) ) ;
#3545 = SURFACE_STYLE_FILL_AREA ( #2178 ) ;
#3546 = CARTESIAN_POINT ( 'NONE',  ( 1.464999999999999636, -1.254885260326702667, -1.111385853898029685 ) ) ;
#3547 = ORIENTED_EDGE ( 'NONE', *, *, #3481, .F. ) ;
#3548 = ORIENTED_EDGE ( 'NONE', *, *, #3501, .T. ) ;
#3549 = DIRECTION ( 'NONE',  ( 0.1039620511844979306, -0.1039620511844979306, 0.9891328443778538704 ) ) ;
#3550 = PRESENTATION_STYLE_ASSIGNMENT (( #2894 ) ) ;
#3551 = DIRECTION ( 'NONE',  ( -0.000000000000000000, -1.000000000000000000, 0.000000000000000000 ) ) ;
#3552 = STYLED_ITEM ( 'NONE', ( #1467 ), #3018 ) ;
#3553 = VERTEX_POINT ( 'NONE', #1524 ) ;
#3554 = DIRECTION ( 'NONE',  ( 0.1039620511844979445, 0.1039620511844979445, 0.9891328443778539814 ) ) ;
#3555 = CARTESIAN_POINT ( 'NONE',  ( -2.187499999999999112, 1.332664343138952434, -0.08749999999999999445 ) ) ;
#3556 = CARTESIAN_POINT ( 'NONE',  ( -1.448658615958702711, -1.225049599490402041, -1.138250000000000206 ) ) ;
#3557 = DIRECTION ( 'NONE',  ( -1.000000000000000000, 4.956352788505164254E-16, 0.000000000000000000 ) ) ;
#3558 = DIRECTION ( 'NONE',  ( 0.000000000000000000, -1.000000000000000000, 0.000000000000000000 ) ) ;
#3559 = CARTESIAN_POINT ( 'NONE',  ( 1.434999999999999609, 1.218743349349714844, -1.168250000000000011 ) ) ;
#3560 = ADVANCED_FACE ( 'NONE', ( #2959 ), #2279, .F. ) ;
#3561 = SURFACE_STYLE_FILL_AREA ( #1080 ) ;
#3562 = ADVANCED_FACE ( 'NONE', ( #3694 ), #2640, .F. ) ;
#3563 = CYLINDRICAL_SURFACE ( 'NONE', #944, 0.03000000000000018277 ) ;
#3564 = CARTESIAN_POINT ( 'NONE',  ( -2.044952048055268090, 1.219952048055270133, 1.176749999999999741 ) ) ;
#3565 = PRESENTATION_LAYER_ASSIGNMENT (  '', '', ( #3341 ) ) ;
#3566 = ORIENTED_EDGE ( 'NONE', *, *, #1974, .F. ) ;
#3567 = EDGE_CURVE ( 'NONE', #703, #594, #1841, .T. ) ;
#3568 = ORIENTED_EDGE ( 'NONE', *, *, #1742, .F. ) ;
#3569 = SPHERICAL_SURFACE ( 'NONE', #2503, 0.02999999999999999889 ) ;
#3570 = CARTESIAN_POINT ( 'NONE',  ( 2.425000000000000266, 1.000000000000000000, -0.2124999999999992728 ) ) ;
#3571 = SURFACE_STYLE_USAGE ( .BOTH. , #1464 ) ;
#3572 = DIRECTION ( 'NONE',  ( 0.000000000000000000, 0.000000000000000000, -1.000000000000000000 ) ) ;
#3573 = EDGE_LOOP ( 'NONE', ( #3249, #3775, #4375, #1664 ) ) ;
#3574 = DIRECTION ( 'NONE',  ( -0.1039620511844945305, 0.1039620511844968065, 0.9891328443778544255 ) ) ;
#3575 = SURFACE_STYLE_FILL_AREA ( #726 ) ;
#3576 = SURFACE_STYLE_USAGE ( .BOTH. , #706 ) ;
#3577 =( NAMED_UNIT ( * ) PLANE_ANGLE_UNIT ( ) SI_UNIT ( $, .RADIAN. ) );
#3578 = CARTESIAN_POINT ( 'NONE',  ( -1.434999999999999609, 1.218743349349714844, -1.168250000000000011 ) ) ;
#3579 = DIRECTION ( 'NONE',  ( 0.000000000000000000, -1.000000000000000000, 0.000000000000000000 ) ) ;
#3580 = CARTESIAN_POINT ( 'NONE',  ( -2.187822467004184368, 1.332986810143137912, 0.08443193139771706934 ) ) ;
#3581 =( LENGTH_UNIT ( ) NAMED_UNIT ( * ) SI_UNIT ( .MILLI., .METRE. ) );
#3582 = UNCERTAINTY_MEASURE_WITH_UNIT (LENGTH_MEASURE( 1.000000000000000082E-05 ), #1384, 'distance_accuracy_value', 'NONE');
#3583 = CIRCLE ( 'NONE', #4040, 0.03000000000000007869 ) ;
#3584 = DIRECTION ( 'NONE',  ( 0.000000000000000000, -0.000000000000000000, -1.000000000000000000 ) ) ;
#3585 = PRESENTATION_LAYER_ASSIGNMENT (  '', '', ( #1321 ) ) ;
#3586 =( LENGTH_UNIT ( ) NAMED_UNIT ( * ) SI_UNIT ( .MILLI., .METRE. ) );
#3587 = AXIS2_PLACEMENT_3D ( 'NONE', #2582, #410, #3989 ) ;
#3588 = EDGE_CURVE ( 'NONE', #195, #3777, #2936, .T. ) ;
#3589 = CARTESIAN_POINT ( 'NONE',  ( -1.479999999999999982, 1.000000000000000000, -1.313249999999999806 ) ) ;
#3590 = ORIENTED_EDGE ( 'NONE', *, *, #865, .F. ) ;
#3591 = MECHANICAL_DESIGN_GEOMETRIC_PRESENTATION_REPRESENTATION (  '', ( #166 ), #393 ) ;
#3592 =( GEOMETRIC_REPRESENTATION_CONTEXT ( 3 ) GLOBAL_UNCERTAINTY_ASSIGNED_CONTEXT ( ( #4189 ) ) GLOBAL_UNIT_ASSIGNED_CONTEXT ( ( #2423, #3238, #2127 ) ) REPRESENTATION_CONTEXT ( 'NONE', 'WORKASPACE' ) );
#3593 = ORIENTED_EDGE ( 'NONE', *, *, #4373, .T. ) ;
#3594 = DIRECTION ( 'NONE',  ( 0.000000000000000000, -1.000000000000000000, 0.000000000000000000 ) ) ;
#3595 = CARTESIAN_POINT ( 'NONE',  ( 2.299999999999999822, -1.000000000000000000, -1.013250000000000206 ) ) ;
#3596 =( NAMED_UNIT ( * ) PLANE_ANGLE_UNIT ( ) SI_UNIT ( $, .RADIAN. ) );
#3597 =( GEOMETRIC_REPRESENTATION_CONTEXT ( 3 ) GLOBAL_UNCERTAINTY_ASSIGNED_CONTEXT ( ( #2796 ) ) GLOBAL_UNIT_ASSIGNED_CONTEXT ( ( #3975, #420, #2500 ) ) REPRESENTATION_CONTEXT ( 'NONE', 'WORKASPACE' ) );
#3598 = EDGE_CURVE ( 'NONE', #3364, #1868, #3650, .T. ) ;
#3599 = STYLED_ITEM ( 'NONE', ( #1832 ), #732 ) ;
#3600 =( LENGTH_UNIT ( ) NAMED_UNIT ( * ) SI_UNIT ( .MILLI., .METRE. ) );
#3601 = ORIENTED_EDGE ( 'NONE', *, *, #4352, .T. ) ;
#3602 = STYLED_ITEM ( 'NONE', ( #2895 ), #1503 ) ;
#3603 = FILL_AREA_STYLE ('',( #73 ) ) ;
#3604 = CARTESIAN_POINT ( 'NONE',  ( -2.044952048055268090, -1.219952048055269245, 1.176749999999999741 ) ) ;
#3605 = STYLED_ITEM ( 'NONE', ( #4407 ), #1806 ) ;
#3606 = SPHERICAL_SURFACE ( 'NONE', #4156, 0.02999999999999999889 ) ;
#3607 = PRESENTATION_STYLE_ASSIGNMENT (( #391 ) ) ;
#3608 = DIRECTION ( 'NONE',  ( -0.1039620511844979306, -0.1039620511844979306, 0.9891328443778538704 ) ) ;
#3609 = DIRECTION ( 'NONE',  ( 1.000000000000000000, 0.000000000000000000, 0.000000000000000000 ) ) ;
#3610 = DIRECTION ( 'NONE',  ( 1.000000000000000000, 0.000000000000000000, 0.000000000000000000 ) ) ;
#3611 =( GEOMETRIC_REPRESENTATION_CONTEXT ( 3 ) GLOBAL_UNCERTAINTY_ASSIGNED_CONTEXT ( ( #4100 ) ) GLOBAL_UNIT_ASSIGNED_CONTEXT ( ( #4377, #1144, #4284 ) ) REPRESENTATION_CONTEXT ( 'NONE', 'WORKASPACE' ) );
#3612 = DIRECTION ( 'NONE',  ( -1.000000000000000000, 0.000000000000000000, 0.000000000000000000 ) ) ;
#3613 = LINE ( 'NONE', #1887, #3614 ) ;
#3614 = VECTOR ( 'NONE', #2891, 1000.000000000000000 ) ;
#3615 = ORIENTED_EDGE ( 'NONE', *, *, #1974, .T. ) ;
#3616 = EDGE_CURVE ( 'NONE', #2387, #850, #2774, .T. ) ;
#3617 = CARTESIAN_POINT ( 'NONE',  ( -2.350000000000000533, 1.000000000000000000, 0.08750000000000057732 ) ) ;
#3618 =( GEOMETRIC_REPRESENTATION_CONTEXT ( 3 ) GLOBAL_UNCERTAINTY_ASSIGNED_CONTEXT ( ( #917 ) ) GLOBAL_UNIT_ASSIGNED_CONTEXT ( ( #87, #1515, #1105 ) ) REPRESENTATION_CONTEXT ( 'NONE', 'WORKASPACE' ) );
#3619 = ORIENTED_EDGE ( 'NONE', *, *, #592, .T. ) ;
#3620 = CARTESIAN_POINT ( 'NONE',  ( 1.464999999999999636, 1.254885260326703555, -1.111385853898029685 ) ) ;
#3621 = PLANE ( 'NONE',  #403 ) ;
#3622 = VERTEX_POINT ( 'NONE', #3767 ) ;
#3623 = EDGE_CURVE ( 'NONE', #4488, #103, #3790, .T. ) ;
#3624 = CARTESIAN_POINT ( 'NONE',  ( -2.300000000000000711, -1.000000000000000000, -0.2124999999999986899 ) ) ;
#3625 =( NAMED_UNIT ( * ) PLANE_ANGLE_UNIT ( ) SI_UNIT ( $, .RADIAN. ) );
#3626 = DIRECTION ( 'NONE',  ( -0.000000000000000000, -0.000000000000000000, 1.000000000000000000 ) ) ;
#3627 = DIRECTION ( 'NONE',  ( 0.000000000000000000, 1.000000000000000000, 0.000000000000000000 ) ) ;
#3628 = CARTESIAN_POINT ( 'NONE',  ( 2.300000000000000711, 1.000000000000000000, -0.2124999999999992450 ) ) ;
#3629 = DIRECTION ( 'NONE',  ( 1.000000000000000000, -0.000000000000000000, 0.000000000000000000 ) ) ;
#3630 = UNCERTAINTY_MEASURE_WITH_UNIT (LENGTH_MEASURE( 1.000000000000000082E-05 ), #2893, 'distance_accuracy_value', 'NONE');
#3631 = DIRECTION ( 'NONE',  ( -0.000000000000000000, 0.000000000000000000, 1.000000000000000000 ) ) ;
#3632 = ORIENTED_EDGE ( 'NONE', *, *, #515, .T. ) ;
#3633 = CARTESIAN_POINT ( 'NONE',  ( 1.479999999999999538, 1.000000000000000000, -1.138249999999999984 ) ) ;
#3634 = CARTESIAN_POINT ( 'NONE',  ( -2.157664343138950169, 1.362500000000000488, 0.08749999999999999445 ) ) ;
#3635 = STYLED_ITEM ( 'NONE', ( #253 ), #2240 ) ;
#3636 = VERTEX_POINT ( 'NONE', #3397 ) ;
#3637 = SURFACE_STYLE_USAGE ( .BOTH. , #2216 ) ;
#3638 = ORIENTED_EDGE ( 'NONE', *, *, #1310, .T. ) ;
#3639 = DIRECTION ( 'NONE',  ( 0.000000000000000000, 0.000000000000000000, 1.000000000000000000 ) ) ;
#3640 = SURFACE_SIDE_STYLE ('',( #2556 ) ) ;
#3641 = VECTOR ( 'NONE', #1686, 1000.000000000000114 ) ;
#3642 = DIRECTION ( 'NONE',  ( -1.000000000000000000, -0.000000000000000000, -0.000000000000000000 ) ) ;
#3643 = ADVANCED_FACE ( 'NONE', ( #1951 ), #1314, .F. ) ;
#3644 =( LENGTH_UNIT ( ) NAMED_UNIT ( * ) SI_UNIT ( .MILLI., .METRE. ) );
#3645 = ORIENTED_EDGE ( 'NONE', *, *, #2743, .T. ) ;
#3646 = FILL_AREA_STYLE_COLOUR ( '', #1766 ) ;
#3647 = DIRECTION ( 'NONE',  ( 0.000000000000000000, 0.000000000000000000, -1.000000000000000000 ) ) ;
#3648 = EDGE_CURVE ( 'NONE', #1056, #4488, #2769, .T. ) ;
#3649 = PLANE ( 'NONE',  #1111 ) ;
#3650 = LINE ( 'NONE', #461, #246 ) ;
#3651 = SURFACE_STYLE_USAGE ( .BOTH. , #1181 ) ;
#3652 = MECHANICAL_DESIGN_GEOMETRIC_PRESENTATION_REPRESENTATION (  '', ( #3716 ), #162 ) ;
#3653 = ORIENTED_EDGE ( 'NONE', *, *, #3616, .F. ) ;
#3654 = DIRECTION ( 'NONE',  ( 0.000000000000000000, 1.000000000000000000, 0.000000000000000000 ) ) ;
#3655 =( GEOMETRIC_REPRESENTATION_CONTEXT ( 3 ) GLOBAL_UNCERTAINTY_ASSIGNED_CONTEXT ( ( #2702 ) ) GLOBAL_UNIT_ASSIGNED_CONTEXT ( ( #3992, #4203, #1375 ) ) REPRESENTATION_CONTEXT ( 'NONE', 'WORKASPACE' ) );
#3656 =( NAMED_UNIT ( * ) PLANE_ANGLE_UNIT ( ) SI_UNIT ( $, .RADIAN. ) );
#3657 = MECHANICAL_DESIGN_GEOMETRIC_PRESENTATION_REPRESENTATION (  '', ( #4492 ), #3069 ) ;
#3658 = ORIENTED_EDGE ( 'NONE', *, *, #1625, .T. ) ;
#3659 = ORIENTED_EDGE ( 'NONE', *, *, #1748, .F. ) ;
#3660 = STYLED_ITEM ( 'NONE', ( #3304 ), #1303 ) ;
#3661 = VECTOR ( 'NONE', #1365, 1000.000000000000000 ) ;
#3662 = MECHANICAL_DESIGN_GEOMETRIC_PRESENTATION_REPRESENTATION (  '', ( #606 ), #105 ) ;
#3663 = MECHANICAL_DESIGN_GEOMETRIC_PRESENTATION_REPRESENTATION (  '', ( #3735 ), #470 ) ;
#3664 =( LENGTH_UNIT ( ) NAMED_UNIT ( * ) SI_UNIT ( .MILLI., .METRE. ) );
#3665 = CARTESIAN_POINT ( 'NONE',  ( -1.434999999999999609, -1.212376487280308002, -1.228826646158095004 ) ) ;
#3666 = ADVANCED_FACE ( 'NONE', ( #4188 ), #186, .F. ) ;
#3667 = FACE_OUTER_BOUND ( 'NONE', #285, .T. ) ;
#3668 = AXIS2_PLACEMENT_3D ( 'NONE', #1540, #1196, #925 ) ;
#3669 = PRESENTATION_LAYER_ASSIGNMENT (  '', '', ( #4368 ) ) ;
#3670 = ADVANCED_FACE ( 'NONE', ( #1601 ), #2101, .T. ) ;
#3671 =( NAMED_UNIT ( * ) SI_UNIT ( $, .STERADIAN. ) SOLID_ANGLE_UNIT ( ) );
#3672 = UNCERTAINTY_MEASURE_WITH_UNIT (LENGTH_MEASURE( 1.000000000000000082E-05 ), #1076, 'distance_accuracy_value', 'NONE');
#3673 = STYLED_ITEM ( 'NONE', ( #3 ), #3690 ) ;
#3674 = COLOUR_RGB ( '',0.2862745098039215508, 0.2862745098039215508, 0.2862745098039215508 ) ;
#3675 = DIRECTION ( 'NONE',  ( 0.1039620511844979306, -0.1039620511844979306, -0.9891328443778538704 ) ) ;
#3676 = ORIENTED_EDGE ( 'NONE', *, *, #292, .F. ) ;
#3677 = CYLINDRICAL_SURFACE ( 'NONE', #1495, 0.03000000000000018277 ) ;
#3678 = VECTOR ( 'NONE', #761, 1000.000000000000000 ) ;
#3679 = VERTEX_POINT ( 'NONE', #886 ) ;
#3680 = CARTESIAN_POINT ( 'NONE',  ( 1.432317204379273790, 1.254885256351446099, -1.111385891720079622 ) ) ;
#3681 = ORIENTED_EDGE ( 'NONE', *, *, #1833, .T. ) ;
#3682 = DIRECTION ( 'NONE',  ( -1.000000000000000000, -0.000000000000000000, 1.204669080539456739E-16 ) ) ;
#3683 = MECHANICAL_DESIGN_GEOMETRIC_PRESENTATION_REPRESENTATION (  '', ( #2511 ), #3246 ) ;
#3684 = CARTESIAN_POINT ( 'NONE',  ( -2.187499999999999112, 1.332500000000000462, 0.08749999999999999445 ) ) ;
#3685 = CARTESIAN_POINT ( 'NONE',  ( -2.044952048055268090, 1.219952048055270133, 1.186749999999999972 ) ) ;
#3686 = CARTESIAN_POINT ( 'NONE',  ( -2.158370372468504161, -1.303534715607456818, 0.3646498927503959431 ) ) ;
#3687 = CARTESIAN_POINT ( 'NONE',  ( 2.044952048055271199, -1.219952048055269245, 1.156749999999999723 ) ) ;
#3688 = CYLINDRICAL_SURFACE ( 'NONE', #894, 0.1249999999999998890 ) ;
#3689 = COLOUR_RGB ( '',0.2862745098039215508, 0.2862745098039215508, 0.2862745098039215508 ) ;
#3690 = ADVANCED_FACE ( 'NONE', ( #2498 ), #664, .T. ) ;
#3691 = SURFACE_STYLE_USAGE ( .BOTH. , #3344 ) ;
#3692 =( GEOMETRIC_REPRESENTATION_CONTEXT ( 3 ) GLOBAL_UNCERTAINTY_ASSIGNED_CONTEXT ( ( #457 ) ) GLOBAL_UNIT_ASSIGNED_CONTEXT ( ( #3707, #4209, #3096 ) ) REPRESENTATION_CONTEXT ( 'NONE', 'WORKASPACE' ) );
#3693 = CARTESIAN_POINT ( 'NONE',  ( 1.464999999999999636, -1.225049603465654613, -1.138249999999999984 ) ) ;
#3694 = FACE_OUTER_BOUND ( 'NONE', #2777, .T. ) ;
#3695 = EDGE_CURVE ( 'NONE', #2105, #880, #1793, .T. ) ;
#3696 = CARTESIAN_POINT ( 'NONE',  ( 2.044952048055270755, 1.249787704916318187, 1.159885853898029451 ) ) ;
#3697 = ORIENTED_EDGE ( 'NONE', *, *, #2284, .F. ) ;
#3698 = DIRECTION ( 'NONE',  ( -0.1039620511844960293, 0.1039620511844975559, -0.9891328443778543145 ) ) ;
#3699 = VERTEX_POINT ( 'NONE', #2454 ) ;
#3700 = ORIENTED_EDGE ( 'NONE', *, *, #4051, .T. ) ;
#3701 = CARTESIAN_POINT ( 'NONE',  ( 2.350000000000000533, 1.000000000000000000, 0.08750000000000000833 ) ) ;
#3702 = PRESENTATION_LAYER_ASSIGNMENT (  '', '', ( #712 ) ) ;
#3703 = LINE ( 'NONE', #525, #3373 ) ;
#3704 = ORIENTED_EDGE ( 'NONE', *, *, #844, .T. ) ;
#3705 = VECTOR ( 'NONE', #244, 999.9999999999998863 ) ;
#3706 = FACE_OUTER_BOUND ( 'NONE', #2621, .T. ) ;
#3707 =( LENGTH_UNIT ( ) NAMED_UNIT ( * ) SI_UNIT ( .MILLI., .METRE. ) );
#3708 = PRESENTATION_LAYER_ASSIGNMENT (  '', '', ( #3127 ) ) ;
#3709 = CARTESIAN_POINT ( 'NONE',  ( -2.157986810143135870, 1.332986810143137912, -0.08129607749968742469 ) ) ;
#3710 = CARTESIAN_POINT ( 'NONE',  ( 2.187500000000001332, 1.332500000000000462, 0.08749999999999999445 ) ) ;
#3711 = ORIENTED_EDGE ( 'NONE', *, *, #3514, .F. ) ;
#3712 = FACE_OUTER_BOUND ( 'NONE', #116, .T. ) ;
#3713 =( LENGTH_UNIT ( ) NAMED_UNIT ( * ) SI_UNIT ( .MILLI., .METRE. ) );
#3714 = UNCERTAINTY_MEASURE_WITH_UNIT (LENGTH_MEASURE( 1.000000000000000082E-05 ), #997, 'distance_accuracy_value', 'NONE');
#3715 = ADVANCED_FACE ( 'NONE', ( #1438 ), #1818, .T. ) ;
#3716 = STYLED_ITEM ( 'NONE', ( #2964 ), #3279 ) ;
#3717 = ORIENTED_EDGE ( 'NONE', *, *, #3756, .T. ) ;
#3718 = ORIENTED_EDGE ( 'NONE', *, *, #2832, .T. ) ;
#3719 = PRESENTATION_STYLE_ASSIGNMENT (( #2968 ) ) ;
#3720 = ORIENTED_EDGE ( 'NONE', *, *, #2397, .F. ) ;
#3721 = DIRECTION ( 'NONE',  ( -0.000000000000000000, 1.000000000000000000, 0.000000000000000000 ) ) ;
#3722 = DIRECTION ( 'NONE',  ( 0.000000000000000000, -0.9945218953682734009, 0.1045284632676537068 ) ) ;
#3723 = EDGE_CURVE ( 'NONE', #1959, #3553, #3512, .T. ) ;
#3724 = MECHANICAL_DESIGN_GEOMETRIC_PRESENTATION_REPRESENTATION (  '', ( #2846 ), #1249 ) ;
#3725 =( BOUNDED_CURVE ( )  B_SPLINE_CURVE ( 3, ( #564, #1960, #3338, #3408 ),
 .UNSPECIFIED., .F., .F. ) 
 B_SPLINE_CURVE_WITH_KNOTS ( ( 4, 4 ),
 ( 2.361665139862979768, 3.921520167316635330 ),
 .UNSPECIFIED. ) 
 CURVE ( )  GEOMETRIC_REPRESENTATION_ITEM ( )  RATIONAL_B_SPLINE_CURVE ( ( 1.000000000000000000, 0.8073096761657778675, 0.8073096761657778675, 1.000000000000000000 ) ) 
 REPRESENTATION_ITEM ( '' )  );
#3726 = LINE ( 'NONE', #3019, #731 ) ;
#3727 = ORIENTED_EDGE ( 'NONE', *, *, #1075, .T. ) ;
#3728 = MECHANICAL_DESIGN_GEOMETRIC_PRESENTATION_REPRESENTATION (  '', ( #4425 ), #537 ) ;
#3729 = DIRECTION ( 'NONE',  ( -0.000000000000000000, -1.000000000000000000, -0.000000000000000000 ) ) ;
#3730 = COLOUR_RGB ( '',0.8039215686274510109, 0.8039215686274510109, 0.8039215686274510109 ) ;
#3731 = AXIS2_PLACEMENT_3D ( 'NONE', #2908, #2205, #3631 ) ;
#3732 =( NAMED_UNIT ( * ) PLANE_ANGLE_UNIT ( ) SI_UNIT ( $, .RADIAN. ) );
#3733 = DIRECTION ( 'NONE',  ( 1.000000000000000000, -0.000000000000000000, -0.000000000000000000 ) ) ;
#3734 =( NAMED_UNIT ( * ) PLANE_ANGLE_UNIT ( ) SI_UNIT ( $, .RADIAN. ) );
#3735 = STYLED_ITEM ( 'NONE', ( #3115 ), #1426 ) ;
#3736 =( GEOMETRIC_REPRESENTATION_CONTEXT ( 3 ) GLOBAL_UNCERTAINTY_ASSIGNED_CONTEXT ( ( #4346 ) ) GLOBAL_UNIT_ASSIGNED_CONTEXT ( ( #423, #3305, #3671 ) ) REPRESENTATION_CONTEXT ( 'NONE', 'WORKASPACE' ) );
#3737 = FILL_AREA_STYLE ('',( #2321 ) ) ;
#3738 =( GEOMETRIC_REPRESENTATION_CONTEXT ( 3 ) GLOBAL_UNCERTAINTY_ASSIGNED_CONTEXT ( ( #1973 ) ) GLOBAL_UNIT_ASSIGNED_CONTEXT ( ( #1585, #874, #3382 ) ) REPRESENTATION_CONTEXT ( 'NONE', 'WORKASPACE' ) );
#3739 = ORIENTED_EDGE ( 'NONE', *, *, #2850, .F. ) ;
#3740 =( LENGTH_UNIT ( ) NAMED_UNIT ( * ) SI_UNIT ( .MILLI., .METRE. ) );
#3741 = FACE_OUTER_BOUND ( 'NONE', #2001, .T. ) ;
#3742 =( GEOMETRIC_REPRESENTATION_CONTEXT ( 3 ) GLOBAL_UNCERTAINTY_ASSIGNED_CONTEXT ( ( #4354 ) ) GLOBAL_UNIT_ASSIGNED_CONTEXT ( ( #2412, #4255, #4200 ) ) REPRESENTATION_CONTEXT ( 'NONE', 'WORKASPACE' ) );
#3743 = CARTESIAN_POINT ( 'NONE',  ( 0.000000000000000000, 1.213871214864965298, -1.214605263157894743 ) ) ;
#3744 = COLOUR_RGB ( '',0.2862745098039215508, 0.2862745098039215508, 0.2862745098039215508 ) ;
#3745 = MECHANICAL_DESIGN_GEOMETRIC_PRESENTATION_REPRESENTATION (  '', ( #911 ), #2264 ) ;
#3746 =( LENGTH_UNIT ( ) NAMED_UNIT ( * ) SI_UNIT ( .MILLI., .METRE. ) );
#3747 = STYLED_ITEM ( 'NONE', ( #4599 ), #2097 ) ;
#3748 = EDGE_CURVE ( 'NONE', #3777, #558, #753, .T. ) ;
#3749 =( LENGTH_UNIT ( ) NAMED_UNIT ( * ) SI_UNIT ( .MILLI., .METRE. ) );
#3750 = DIRECTION ( 'NONE',  ( -1.000000000000000000, -0.000000000000000000, -0.000000000000000000 ) ) ;
#3751 = EDGE_LOOP ( 'NONE', ( #3436, #4432, #3412, #2010 ) ) ;
#3752 = CARTESIAN_POINT ( 'NONE',  ( 2.157500000000001084, -1.362499999999999600, 0.08749999999999999445 ) ) ;
#3753 = SURFACE_STYLE_FILL_AREA ( #2413 ) ;
#3754 = VECTOR ( 'NONE', #1628, 1000.000000000000114 ) ;
#3755 = DIRECTION ( 'NONE',  ( 1.000000000000000000, -0.000000000000000000, -0.000000000000000000 ) ) ;
#3756 = EDGE_CURVE ( 'NONE', #2331, #3044, #4297, .T. ) ;
#3757 = CARTESIAN_POINT ( 'NONE',  ( 2.187500000000001332, -1.332664343138951324, -0.08749999999999999445 ) ) ;
#3758 = VERTEX_POINT ( 'NONE', #1276 ) ;
#3759 = AXIS2_PLACEMENT_3D ( 'NONE', #2094, #3574, #2446 ) ;
#3760 = FACE_OUTER_BOUND ( 'NONE', #2527, .T. ) ;
#3761 = DIRECTION ( 'NONE',  ( 1.000000000000000000, -0.000000000000000000, 0.000000000000000000 ) ) ;
#3762 = DIRECTION ( 'NONE',  ( 1.000000000000000000, 0.000000000000000000, 0.000000000000000000 ) ) ;
#3763 = PLANE ( 'NONE',  #2160 ) ;
#3764 = EDGE_CURVE ( 'NONE', #1143, #4225, #3450, .T. ) ;
#3765 =( NAMED_UNIT ( * ) SI_UNIT ( $, .STERADIAN. ) SOLID_ANGLE_UNIT ( ) );
#3766 = FILL_AREA_STYLE_COLOUR ( '', #4288 ) ;
#3767 = CARTESIAN_POINT ( 'NONE',  ( -2.187499999999999112, -1.332499999999999574, 0.08749999999999999445 ) ) ;
#3768 = UNCERTAINTY_MEASURE_WITH_UNIT (LENGTH_MEASURE( 1.000000000000000082E-05 ), #1130, 'distance_accuracy_value', 'NONE');
#3769 = DIRECTION ( 'NONE',  ( 0.000000000000000000, 1.000000000000000000, 0.000000000000000000 ) ) ;
#3770 = COLOUR_RGB ( '',0.2862745098039215508, 0.2862745098039215508, 0.2862745098039215508 ) ;
#3771 = ORIENTED_EDGE ( 'NONE', *, *, #1396, .T. ) ;
#3772 = SURFACE_STYLE_FILL_AREA ( #164 ) ;
#3773 = FILL_AREA_STYLE_COLOUR ( '', #1422 ) ;
#3774 = UNCERTAINTY_MEASURE_WITH_UNIT (LENGTH_MEASURE( 1.000000000000000082E-05 ), #3740, 'distance_accuracy_value', 'NONE');
#3775 = ORIENTED_EDGE ( 'NONE', *, *, #2543, .F. ) ;
#3776 = CARTESIAN_POINT ( 'NONE',  ( -1.404999999999999805, 1.248579006210763120, -1.171385853898029517 ) ) ;
#3777 = VERTEX_POINT ( 'NONE', #4123 ) ;
#3778 = CARTESIAN_POINT ( 'NONE',  ( 0.000000000000000000, 0.000000000000000000, 0.000000000000000000 ) ) ;
#3779 = SURFACE_STYLE_FILL_AREA ( #544 ) ;
#3780 = DIRECTION ( 'NONE',  ( 0.000000000000000000, -1.000000000000000000, 0.000000000000000000 ) ) ;
#3781 = SURFACE_SIDE_STYLE ('',( #4495 ) ) ;
#3782 = LINE ( 'NONE', #4431, #620 ) ;
#3783 = VERTEX_POINT ( 'NONE', #2403 ) ;
#3784 = DIRECTION ( 'NONE',  ( 0.000000000000000000, 0.000000000000000000, -1.000000000000000000 ) ) ;
#3785 = FILL_AREA_STYLE ('',( #272 ) ) ;
#3786 = FACE_OUTER_BOUND ( 'NONE', #3381, .T. ) ;
#3787 = EDGE_CURVE ( 'NONE', #4148, #1484, #2354, .T. ) ;
#3788 = DIRECTION ( 'NONE',  ( -1.000000000000000000, 4.956352788505164254E-16, -0.000000000000000000 ) ) ;
#3789 = CARTESIAN_POINT ( 'NONE',  ( -2.044952048055268090, -1.219952048055269245, 1.186749999999999972 ) ) ;
#3790 = LINE ( 'NONE', #1648, #3367 ) ;
#3791 = ADVANCED_FACE ( 'NONE', ( #953 ), #4163, .T. ) ;
#3792 = CARTESIAN_POINT ( 'NONE',  ( -1.447426406871192617, 1.225049603465655501, -1.138249999999999984 ) ) ;
#3793 = ORIENTED_EDGE ( 'NONE', *, *, #3540, .F. ) ;
#3794 = DIRECTION ( 'NONE',  ( -0.000000000000000000, -1.000000000000000000, -0.000000000000000000 ) ) ;
#3795 = DIRECTION ( 'NONE',  ( 0.000000000000000000, -0.1045284632676525410, 0.9945218953682736229 ) ) ;
#3796 = FILL_AREA_STYLE_COLOUR ( '', #306 ) ;
#3797 = ORIENTED_EDGE ( 'NONE', *, *, #25, .F. ) ;
#3798 = ORIENTED_EDGE ( 'NONE', *, *, #1742, .T. ) ;
#3799 = PRESENTATION_STYLE_ASSIGNMENT (( #1446 ) ) ;
#3800 = ORIENTED_EDGE ( 'NONE', *, *, #3056, .F. ) ;
#3801 = DIRECTION ( 'NONE',  ( 0.000000000000000000, 0.000000000000000000, 1.000000000000000000 ) ) ;
#3802 = VECTOR ( 'NONE', #2146, 1000.000000000000000 ) ;
#3803 = CARTESIAN_POINT ( 'NONE',  ( -2.349999999999999645, 1.000000000000000000, -1.313249999999999806 ) ) ;
#3804 = FILL_AREA_STYLE_COLOUR ( '', #687 ) ;
#3805 = ORIENTED_EDGE ( 'NONE', *, *, #4251, .F. ) ;
#3806 = DIRECTION ( 'NONE',  ( 8.340016711427008290E-17, 0.000000000000000000, -1.000000000000000000 ) ) ;
#3807 = SURFACE_SIDE_STYLE ('',( #2343 ) ) ;
#3808 = AXIS2_PLACEMENT_3D ( 'NONE', #1335, #2095, #1401 ) ;
#3809 = SURFACE_SIDE_STYLE ('',( #4520 ) ) ;
#3810 = AXIS2_PLACEMENT_3D ( 'NONE', #199, #3384, #2735 ) ;
#3811 =( GEOMETRIC_REPRESENTATION_CONTEXT ( 3 ) GLOBAL_UNCERTAINTY_ASSIGNED_CONTEXT ( ( #3398 ) ) GLOBAL_UNIT_ASSIGNED_CONTEXT ( ( #1201, #2904, #484 ) ) REPRESENTATION_CONTEXT ( 'NONE', 'WORKASPACE' ) );
#3812 = SURFACE_STYLE_FILL_AREA ( #1552 ) ;
#3813 = EDGE_CURVE ( 'NONE', #624, #3364, #3821, .T. ) ;
#3814 = FILL_AREA_STYLE_COLOUR ( '', #1051 ) ;
#3815 = UNCERTAINTY_MEASURE_WITH_UNIT (LENGTH_MEASURE( 1.000000000000000082E-05 ), #614, 'distance_accuracy_value', 'NONE');
#3816 =( GEOMETRIC_REPRESENTATION_CONTEXT ( 3 ) GLOBAL_UNCERTAINTY_ASSIGNED_CONTEXT ( ( #2981 ) ) GLOBAL_UNIT_ASSIGNED_CONTEXT ( ( #1502, #4024, #2248 ) ) REPRESENTATION_CONTEXT ( 'NONE', 'WORKASPACE' ) );
#3817 = VECTOR ( 'NONE', #1309, 1000.000000000000000 ) ;
#3818 = FILL_AREA_STYLE_COLOUR ( '', #4008 ) ;
#3819 = EDGE_CURVE ( 'NONE', #195, #3495, #2023, .T. ) ;
#3820 = EDGE_LOOP ( 'NONE', ( #1532, #444, #1254, #3965 ) ) ;
#3821 = LINE ( 'NONE', #4547, #3377 ) ;
#3822 = DIRECTION ( 'NONE',  ( 1.000000000000000000, 0.000000000000000000, 0.000000000000000000 ) ) ;
#3823 =( GEOMETRIC_REPRESENTATION_CONTEXT ( 3 ) GLOBAL_UNCERTAINTY_ASSIGNED_CONTEXT ( ( #3539 ) ) GLOBAL_UNIT_ASSIGNED_CONTEXT ( ( #3749, #2307, #1957 ) ) REPRESENTATION_CONTEXT ( 'NONE', 'WORKASPACE' ) );
#3824 = VERTEX_POINT ( 'NONE', #256 ) ;
#3825 = ORIENTED_EDGE ( 'NONE', *, *, #1783, .F. ) ;
#3826 = CARTESIAN_POINT ( 'NONE',  ( -2.299999999999999822, 1.000000000000000000, -1.138249999999999318 ) ) ;
#3827 = ORIENTED_EDGE ( 'NONE', *, *, #1572, .F. ) ;
#3828 = PRESENTATION_LAYER_ASSIGNMENT (  '', '', ( #2934 ) ) ;
#3829 = SURFACE_SIDE_STYLE ('',( #3753 ) ) ;
#3830 = SURFACE_STYLE_FILL_AREA ( #2041 ) ;
#3831 = PRESENTATION_LAYER_ASSIGNMENT (  '', '', ( #699 ) ) ;
#3832 = ORIENTED_EDGE ( 'NONE', *, *, #2819, .T. ) ;
#3833 =( NAMED_UNIT ( * ) PLANE_ANGLE_UNIT ( ) SI_UNIT ( $, .RADIAN. ) );
#3834 = CIRCLE ( 'NONE', #1727, 0.2500000000000001110 ) ;
#3835 = PRESENTATION_STYLE_ASSIGNMENT (( #4237 ) ) ;
#3836 = DIRECTION ( 'NONE',  ( 0.000000000000000000, 0.000000000000000000, 1.000000000000000000 ) ) ;
#3837 = STYLED_ITEM ( 'NONE', ( #2953 ), #4329 ) ;
#3838 =( GEOMETRIC_REPRESENTATION_CONTEXT ( 3 ) GLOBAL_UNCERTAINTY_ASSIGNED_CONTEXT ( ( #3167 ) ) GLOBAL_UNIT_ASSIGNED_CONTEXT ( ( #1458, #463, #2570 ) ) REPRESENTATION_CONTEXT ( 'NONE', 'WORKASPACE' ) );
#3839 =( LENGTH_UNIT ( ) NAMED_UNIT ( * ) SI_UNIT ( .MILLI., .METRE. ) );
#3840 = ADVANCED_FACE ( 'NONE', ( #3741 ), #3376, .F. ) ;
#3841 = ORIENTED_EDGE ( 'NONE', *, *, #715, .F. ) ;
#3842 = SURFACE_STYLE_USAGE ( .BOTH. , #4164 ) ;
#3843 = EDGE_CURVE ( 'NONE', #1316, #1709, #14, .T. ) ;
#3844 = MECHANICAL_DESIGN_GEOMETRIC_PRESENTATION_REPRESENTATION (  '', ( #2044 ), #2356 ) ;
#3845 = ORIENTED_EDGE ( 'NONE', *, *, #2336, .T. ) ;
#3846 = DIRECTION ( 'NONE',  ( 0.000000000000000000, -0.1045284632676537068, 0.9945218953682734009 ) ) ;
#3847 = ORIENTED_EDGE ( 'NONE', *, *, #3813, .F. ) ;
#3848 = LINE ( 'NONE', #304, #329 ) ;
#3849 = CARTESIAN_POINT ( 'NONE',  ( 2.110701337264753619, -1.315536994125799497, 0.5343231537529354869 ) ) ;
#3850 = CARTESIAN_POINT ( 'NONE',  ( -2.600000000000000089, -1.000000000000000000, -0.1624999999999991451 ) ) ;
#3851 = EDGE_CURVE ( 'NONE', #4197, #131, #3522, .T. ) ;
#3852 = CARTESIAN_POINT ( 'NONE',  ( 1.405000037203934182, 1.252014106501291968, -1.138703057797132878 ) ) ;
#3853 = CARTESIAN_POINT ( 'NONE',  ( -1.607452048055268090, 1.219952048055269911, 1.176749999999999741 ) ) ;
#3854 = ORIENTED_EDGE ( 'NONE', *, *, #2102, .T. ) ;
#3855 = CARTESIAN_POINT ( 'NONE',  ( -1.607452048055268090, -1.219952048055269245, 1.176749999999999741 ) ) ;
#3856 = DIRECTION ( 'NONE',  ( 0.000000000000000000, 0.000000000000000000, 1.000000000000000000 ) ) ;
#3857 = SURFACE_SIDE_STYLE ('',( #929 ) ) ;
#3858 = DIRECTION ( 'NONE',  ( -0.000000000000000000, 0.000000000000000000, -1.000000000000000000 ) ) ;
#3859 =( NAMED_UNIT ( * ) SI_UNIT ( $, .STERADIAN. ) SOLID_ANGLE_UNIT ( ) );
#3860 = LINE ( 'NONE', #3511, #1059 ) ;
#3861 = FACE_OUTER_BOUND ( 'NONE', #496, .T. ) ;
#3862 = UNCERTAINTY_MEASURE_WITH_UNIT (LENGTH_MEASURE( 1.000000000000000082E-05 ), #4240, 'distance_accuracy_value', 'NONE');
#3863 = ORIENTED_EDGE ( 'NONE', *, *, #2042, .F. ) ;
#3864 =( NAMED_UNIT ( * ) PLANE_ANGLE_UNIT ( ) SI_UNIT ( $, .RADIAN. ) );
#3865 = PRESENTATION_LAYER_ASSIGNMENT (  '', '', ( #877 ) ) ;
#3866 = SURFACE_STYLE_FILL_AREA ( #2434 ) ;
#3867 = VERTEX_POINT ( 'NONE', #2439 ) ;
#3868 = CARTESIAN_POINT ( 'NONE',  ( 2.050049603465656123, 1.362500000000000488, -1.108249999999999957 ) ) ;
#3869 = DIRECTION ( 'NONE',  ( 0.000000000000000000, 0.000000000000000000, 1.000000000000000000 ) ) ;
#3870 = EDGE_CURVE ( 'NONE', #850, #2507, #3848, .T. ) ;
#3871 = FILL_AREA_STYLE ('',( #80 ) ) ;
#3872 = DIRECTION ( 'NONE',  ( 0.000000000000000000, 0.1045284632676532766, -0.9945218953682734009 ) ) ;
#3873 = ORIENTED_EDGE ( 'NONE', *, *, #4218, .F. ) ;
#3874 = FILL_AREA_STYLE_COLOUR ( '', #342 ) ;
#3875 = CARTESIAN_POINT ( 'NONE',  ( 2.300000000000000711, 1.000000000000000000, -0.08750000000000000833 ) ) ;
#3876 =( LENGTH_UNIT ( ) NAMED_UNIT ( * ) SI_UNIT ( .MILLI., .METRE. ) );
#3877 = PRESENTATION_LAYER_ASSIGNMENT (  '', '', ( #26 ) ) ;
#3878 = VECTOR ( 'NONE', #998, 1000.000000000000000 ) ;
#3879 = CARTESIAN_POINT ( 'NONE',  ( 2.300000000000000711, 1.000000000000000000, -0.2124999999999992450 ) ) ;
#3880 = LINE ( 'NONE', #1696, #3379 ) ;
#3881 = AXIS2_PLACEMENT_3D ( 'NONE', #2526, #1029, #1415 ) ;
#3882 = AXIS2_PLACEMENT_3D ( 'NONE', #3319, #2219, #1813 ) ;
#3883 = DIRECTION ( 'NONE',  ( -1.000000000000000000, 0.000000000000000000, 0.000000000000000000 ) ) ;
#3884 = ORIENTED_EDGE ( 'NONE', *, *, #1310, .F. ) ;
#3885 = VECTOR ( 'NONE', #2881, 1000.000000000000000 ) ;
#3886 = FACE_OUTER_BOUND ( 'NONE', #2827, .T. ) ;
#3887 = COLOUR_RGB ( '',0.2862745098039215508, 0.2862745098039215508, 0.2862745098039215508 ) ;
#3888 =( NAMED_UNIT ( * ) SI_UNIT ( $, .STERADIAN. ) SOLID_ANGLE_UNIT ( ) );
#3889 = EDGE_LOOP ( 'NONE', ( #3632, #3129, #521 ) ) ;
#3890 = FACE_OUTER_BOUND ( 'NONE', #745, .T. ) ;
#3891 = DIRECTION ( 'NONE',  ( 0.000000000000000000, 0.000000000000000000, -1.000000000000000000 ) ) ;
#3892 = FACE_OUTER_BOUND ( 'NONE', #2409, .T. ) ;
#3893 = CIRCLE ( 'NONE', #3302, 0.03000000000000007869 ) ;
#3894 = FACE_OUTER_BOUND ( 'NONE', #3483, .T. ) ;
#3895 = ADVANCED_FACE ( 'NONE', ( #4169 ), #4598, .T. ) ;
#3896 = SURFACE_SIDE_STYLE ('',( #4259 ) ) ;
#3897 =( GEOMETRIC_REPRESENTATION_CONTEXT ( 3 ) GLOBAL_UNCERTAINTY_ASSIGNED_CONTEXT ( ( #3445 ) ) GLOBAL_UNIT_ASSIGNED_CONTEXT ( ( #2612, #2153, #3277 ) ) REPRESENTATION_CONTEXT ( 'NONE', 'WORKASPACE' ) );
#3898 = CARTESIAN_POINT ( 'NONE',  ( -1.404999999999999583, -1.332664343138951324, -0.08436414610197039143 ) ) ;
#3899 = ORIENTED_EDGE ( 'NONE', *, *, #212, .F. ) ;
#3900 = CARTESIAN_POINT ( 'NONE',  ( -1.464999999999999636, 1.225049603465655501, -1.138249999999999984 ) ) ;
#3901 = SURFACE_STYLE_FILL_AREA ( #2880 ) ;
#3902 = DIRECTION ( 'NONE',  ( 0.000000000000000000, -1.000000000000000000, 0.000000000000000000 ) ) ;
#3903 = MECHANICAL_DESIGN_GEOMETRIC_PRESENTATION_REPRESENTATION (  '', ( #699 ), #4052 ) ;
#3904 = EDGE_CURVE ( 'NONE', #3281, #3400, #2113, .T. ) ;
#3905 = PRESENTATION_LAYER_ASSIGNMENT (  '', '', ( #2107 ) ) ;
#3906 = FILL_AREA_STYLE_COLOUR ( '', #485 ) ;
#3907 = CARTESIAN_POINT ( 'NONE',  ( -2.157499999999998863, -1.332499999999999574, 0.08749999999999999445 ) ) ;
#3908 = UNCERTAINTY_MEASURE_WITH_UNIT (LENGTH_MEASURE( 1.000000000000000082E-05 ), #1270, 'distance_accuracy_value', 'NONE');
#3909 = COLOUR_RGB ( '',0.8039215686274510109, 0.8039215686274510109, 0.8039215686274510109 ) ;
#3910 = STYLED_ITEM ( 'NONE', ( #4342 ), #307 ) ;
#3911 = EDGE_CURVE ( 'NONE', #3473, #2986, #1393, .T. ) ;
#3912 = ORIENTED_EDGE ( 'NONE', *, *, #3090, .F. ) ;
#3913 = PRODUCT_DEFINITION_FORMATION_WITH_SPECIFIED_SOURCE ( 'ANY', '', #3418, .NOT_KNOWN. ) ;
#3914 = FILL_AREA_STYLE ('',( #3646 ) ) ;
#3915 = CARTESIAN_POINT ( 'NONE',  ( -2.600000000000000089, 1.000000000000000000, -1.063249999999999584 ) ) ;
#3916 = PRESENTATION_STYLE_ASSIGNMENT (( #60 ) ) ;
#3917 = ORIENTED_EDGE ( 'NONE', *, *, #3255, .T. ) ;
#3918 = ORIENTED_EDGE ( 'NONE', *, *, #4436, .F. ) ;
#3919 = CARTESIAN_POINT ( 'NONE',  ( -1.607452048055268090, -1.219952048055269245, 1.186749999999999972 ) ) ;
#3920 =( NAMED_UNIT ( * ) SI_UNIT ( $, .STERADIAN. ) SOLID_ANGLE_UNIT ( ) );
#3921 = STYLED_ITEM ( 'NONE', ( #2659 ), #2903 ) ;
#3922 = CARTESIAN_POINT ( 'NONE',  ( 1.479999999999999538, 1.000000000000000000, -1.313250000000000250 ) ) ;
#3923 = VERTEX_POINT ( 'NONE', #2039 ) ;
#3924 = FILL_AREA_STYLE_COLOUR ( '', #1546 ) ;
#3925 = CARTESIAN_POINT ( 'NONE',  ( -2.157499999999998863, 1.362500000000000488, 0.08749999999999999445 ) ) ;
#3926 = DIRECTION ( 'NONE',  ( 0.1039620511844960293, -0.1039620511844967787, -0.9891328443778542034 ) ) ;
#3927 = CARTESIAN_POINT ( 'NONE',  ( 1.404999999999999583, -1.213871214864964410, -1.244605263157894770 ) ) ;
#3928 = CARTESIAN_POINT ( 'NONE',  ( 2.158370372468506826, -1.303534715607457262, -0.3646498927503959986 ) ) ;
#3929 = ADVANCED_FACE ( 'NONE', ( #3890 ), #4227, .T. ) ;
#3930 = FILL_AREA_STYLE ('',( #4568 ) ) ;
#3931 =( NAMED_UNIT ( * ) PLANE_ANGLE_UNIT ( ) SI_UNIT ( $, .RADIAN. ) );
#3932 = STYLED_ITEM ( 'NONE', ( #3322 ), #2277 ) ;
#3933 = DIRECTION ( 'NONE',  ( 0.000000000000000000, -7.228014483236677820E-15, -1.000000000000000000 ) ) ;
#3934 = ORIENTED_EDGE ( 'NONE', *, *, #623, .F. ) ;
#3935 = CARTESIAN_POINT ( 'NONE',  ( 2.187404244550523735, -1.350085373081352458, 0.08840981203789737009 ) ) ;
#3936 = FILL_AREA_STYLE ('',( #426 ) ) ;
#3937 = PRODUCT_DEFINITION_SHAPE ( 'NONE', 'NONE',  #2782 ) ;
#3938 = CARTESIAN_POINT ( 'NONE',  ( 2.349999999999999645, 1.000000000000000000, -1.313250000000000250 ) ) ;
#3939 = ORIENTED_EDGE ( 'NONE', *, *, #3950, .F. ) ;
#3940 = DIRECTION ( 'NONE',  ( 0.000000000000000000, -1.000000000000000000, -0.000000000000000000 ) ) ;
#3941 = FACE_OUTER_BOUND ( 'NONE', #3984, .T. ) ;
#3942 = LINE ( 'NONE', #3925, #430 ) ;
#3943 = FACE_OUTER_BOUND ( 'NONE', #1127, .T. ) ;
#3944 = LINE ( 'NONE', #3685, #3080 ) ;
#3945 = CARTESIAN_POINT ( 'NONE',  ( 1.434999999999999609, -1.218743349349714178, -1.168250000000000011 ) ) ;
#3946 = PRESENTATION_STYLE_ASSIGNMENT (( #2541 ) ) ;
#3947 = CARTESIAN_POINT ( 'NONE',  ( 1.464999999999999636, 1.252061724794590658, -1.138249999999999984 ) ) ;
#3948 = UNCERTAINTY_MEASURE_WITH_UNIT (LENGTH_MEASURE( 1.000000000000000082E-05 ), #993, 'distance_accuracy_value', 'NONE');
#3949 = VECTOR ( 'NONE', #3551, 1000.000000000000000 ) ;
#3950 = EDGE_CURVE ( 'NONE', #1868, #3317, #2806, .T. ) ;
#3951 = DIRECTION ( 'NONE',  ( 0.000000000000000000, -1.000000000000000000, 0.000000000000000000 ) ) ;
#3952 = FILL_AREA_STYLE ('',( #59 ) ) ;
#3953 = VECTOR ( 'NONE', #1466, 1000.000000000000000 ) ;
#3954 = EDGE_CURVE ( 'NONE', #4449, #4292, #259, .T. ) ;
#3955 = CYLINDRICAL_SURFACE ( 'NONE', #2508, 0.1249999999999992506 ) ;
#3956 = VERTEX_POINT ( 'NONE', #467 ) ;
#3957 = VECTOR ( 'NONE', #939, 1000.000000000000000 ) ;
#3958 = VERTEX_POINT ( 'NONE', #3959 ) ;
#3959 = CARTESIAN_POINT ( 'NONE',  ( 2.187500000000001332, 1.000000000000000000, -0.08749999999999999445 ) ) ;
#3960 = DIRECTION ( 'NONE',  ( -0.000000000000000000, -1.000000000000000000, -0.000000000000000000 ) ) ;
#3961 = PRESENTATION_LAYER_ASSIGNMENT (  '', '', ( #1182 ) ) ;
#3962 = CARTESIAN_POINT ( 'NONE',  ( 2.050049603465656123, -1.225049603465654613, -1.138249999999999984 ) ) ;
#3963 = CARTESIAN_POINT ( 'NONE',  ( 1.434999999999999609, -1.213871214864964410, -1.214605263157894743 ) ) ;
#3964 = FILL_AREA_STYLE_COLOUR ( '', #3513 ) ;
#3965 = ORIENTED_EDGE ( 'NONE', *, *, #2770, .T. ) ;
#3966 = SURFACE_STYLE_FILL_AREA ( #3337 ) ;
#3967 = CYLINDRICAL_SURFACE ( 'NONE', #3510, 0.1249999999999998890 ) ;
#3968 = PRESENTATION_LAYER_ASSIGNMENT (  '', '', ( #2329 ) ) ;
#3969 = DIRECTION ( 'NONE',  ( 0.000000000000000000, 0.000000000000000000, 1.000000000000000000 ) ) ;
#3970 = CARTESIAN_POINT ( 'NONE',  ( -1.607452048055268090, -1.219952048055269245, 1.176749999999999741 ) ) ;
#3971 = SURFACE_STYLE_FILL_AREA ( #3998 ) ;
#3972 = CIRCLE ( 'NONE', #907, 0.03000000000000007869 ) ;
#3973 = SURFACE_STYLE_FILL_AREA ( #2244 ) ;
#3974 = MECHANICAL_DESIGN_GEOMETRIC_PRESENTATION_REPRESENTATION (  '', ( #772 ), #4580 ) ;
#3975 =( LENGTH_UNIT ( ) NAMED_UNIT ( * ) SI_UNIT ( .MILLI., .METRE. ) );
#3976 = AXIS2_PLACEMENT_3D ( 'NONE', #3589, #355, #3194 ) ;
#3977 = CIRCLE ( 'NONE', #3759, 0.02999999999999996073 ) ;
#3978 = FACE_OUTER_BOUND ( 'NONE', #2962, .T. ) ;
#3979 = ORIENTED_EDGE ( 'NONE', *, *, #2326, .F. ) ;
#3980 = STYLED_ITEM ( 'NONE', ( #1339 ), #252 ) ;
#3981 = ORIENTED_EDGE ( 'NONE', *, *, #1748, .T. ) ;
#3982 = CARTESIAN_POINT ( 'NONE',  ( -2.187499999999999112, 1.225049603465655501, -1.108249999999999957 ) ) ;
#3983 = EDGE_CURVE ( 'NONE', #1056, #2387, #1485, .T. ) ;
#3984 = EDGE_LOOP ( 'NONE', ( #4153, #1142, #3136, #4175, #576, #109 ) ) ;
#3985 = DIRECTION ( 'NONE',  ( 1.486905836551544385E-14, 0.000000000000000000, -1.000000000000000000 ) ) ;
#3986 = SURFACE_STYLE_FILL_AREA ( #1126 ) ;
#3987 = EDGE_LOOP ( 'NONE', ( #4199, #724, #3169 ) ) ;
#3988 = CARTESIAN_POINT ( 'NONE',  ( 1.404999999999999583, -1.248579006210762232, -1.171385853898029517 ) ) ;
#3989 = DIRECTION ( 'NONE',  ( 0.000000000000000000, 0.000000000000000000, -1.000000000000000000 ) ) ;
#3990 = FILL_AREA_STYLE_COLOUR ( '', #68 ) ;
#3991 = ADVANCED_FACE ( 'NONE', ( #1844 ), #1102, .T. ) ;
#3992 =( LENGTH_UNIT ( ) NAMED_UNIT ( * ) SI_UNIT ( .MILLI., .METRE. ) );
#3993 = COLOUR_RGB ( '',0.2862745098039215508, 0.2862745098039215508, 0.2862745098039215508 ) ;
#3994 = SURFACE_SIDE_STYLE ('',( #437 ) ) ;
#3995 = DIRECTION ( 'NONE',  ( -0.000000000000000000, -1.000000000000000000, -0.000000000000000000 ) ) ;
#3996 = CARTESIAN_POINT ( 'NONE',  ( 2.350000000000000533, 1.000000000000000000, 0.08750000000000000833 ) ) ;
#3997 =( NAMED_UNIT ( * ) PLANE_ANGLE_UNIT ( ) SI_UNIT ( $, .RADIAN. ) );
#3998 = FILL_AREA_STYLE ('',( #4021 ) ) ;
#3999 = CYLINDRICAL_SURFACE ( 'NONE', #1112, 0.03000000000000007869 ) ;
#4000 = UNCERTAINTY_MEASURE_WITH_UNIT (LENGTH_MEASURE( 1.000000000000000082E-05 ), #1358, 'distance_accuracy_value', 'NONE');
#4001 = DIRECTION ( 'NONE',  ( -0.1039620511844979445, 0.1039620511844979445, 0.9891328443778539814 ) ) ;
#4002 = DIRECTION ( 'NONE',  ( 0.000000000000000000, 0.9945218953682735119, -0.1045284632676525272 ) ) ;
#4003 = CARTESIAN_POINT ( 'NONE',  ( -1.434999999999999609, 1.252061724794590658, -1.168250000000000011 ) ) ;
#4004 = DIRECTION ( 'NONE',  ( 1.000000000000000000, -0.000000000000000000, -2.644395542647571766E-16 ) ) ;
#4005 = ORIENTED_EDGE ( 'NONE', *, *, #741, .T. ) ;
#4006 = ORIENTED_EDGE ( 'NONE', *, *, #3422, .T. ) ;
#4007 = DIRECTION ( 'NONE',  ( 0.000000000000000000, 1.000000000000000000, 0.000000000000000000 ) ) ;
#4008 = COLOUR_RGB ( '',0.2862745098039215508, 0.2862745098039215508, 0.2862745098039215508 ) ;
#4009 =( LENGTH_UNIT ( ) NAMED_UNIT ( * ) SI_UNIT ( .MILLI., .METRE. ) );
#4010 = AXIS2_PLACEMENT_3D ( 'NONE', #3938, #1148, #2949 ) ;
#4011 = ORIENTED_EDGE ( 'NONE', *, *, #549, .T. ) ;
#4012 = EDGE_CURVE ( 'NONE', #3956, #4558, #2529, .T. ) ;
#4013 = CARTESIAN_POINT ( 'NONE',  ( -2.044952048055268090, 1.219952048055270133, 1.176749999999999741 ) ) ;
#4014 = FILL_AREA_STYLE ('',( #3964 ) ) ;
#4015 = ORIENTED_EDGE ( 'NONE', *, *, #919, .F. ) ;
#4016 = SURFACE_STYLE_USAGE ( .BOTH. , #1090 ) ;
#4017 = SURFACE_SIDE_STYLE ('',( #1852 ) ) ;
#4018 = CIRCLE ( 'NONE', #2685, 0.03000000000000007869 ) ;
#4019 =( LENGTH_UNIT ( ) NAMED_UNIT ( * ) SI_UNIT ( .MILLI., .METRE. ) );
#4020 = SURFACE_STYLE_FILL_AREA ( #2883 ) ;
#4021 = FILL_AREA_STYLE_COLOUR ( '', #3909 ) ;
#4022 = FACE_OUTER_BOUND ( 'NONE', #3309, .T. ) ;
#4023 = DIRECTION ( 'NONE',  ( -1.000000000000000000, 0.000000000000000000, 0.000000000000000000 ) ) ;
#4024 =( NAMED_UNIT ( * ) PLANE_ANGLE_UNIT ( ) SI_UNIT ( $, .RADIAN. ) );
#4025 = CARTESIAN_POINT ( 'NONE',  ( 1.404999999999999583, 1.213871214864965076, -1.214605263157894743 ) ) ;
#4026 = FILL_AREA_STYLE_COLOUR ( '', #1205 ) ;
#4027 =( GEOMETRIC_REPRESENTATION_CONTEXT ( 3 ) GLOBAL_UNCERTAINTY_ASSIGNED_CONTEXT ( ( #778 ) ) GLOBAL_UNIT_ASSIGNED_CONTEXT ( ( #4009, #3656, #1530 ) ) REPRESENTATION_CONTEXT ( 'NONE', 'WORKASPACE' ) );
#4028 = ORIENTED_EDGE ( 'NONE', *, *, #1752, .T. ) ;
#4029 = SURFACE_SIDE_STYLE ('',( #577 ) ) ;
#4030 = VECTOR ( 'NONE', #2712, 1000.000000000000000 ) ;
#4031 = VECTOR ( 'NONE', #2370, 1000.000000000000000 ) ;
#4032 = DIRECTION ( 'NONE',  ( 0.000000000000000000, 1.000000000000000000, 0.000000000000000000 ) ) ;
#4033 = ORIENTED_EDGE ( 'NONE', *, *, #2630, .F. ) ;
#4034 = SURFACE_STYLE_USAGE ( .BOTH. , #789 ) ;
#4035 = SURFACE_STYLE_FILL_AREA ( #2649 ) ;
#4036 = ORIENTED_EDGE ( 'NONE', *, *, #3366, .T. ) ;
#4037 = CARTESIAN_POINT ( 'NONE',  ( 2.187500000000001332, 1.000000000000000000, -0.08749999999999999445 ) ) ;
#4038 = STYLED_ITEM ( 'NONE', ( #2130 ), #1224 ) ;
#4039 = FILL_AREA_STYLE_COLOUR ( '', #749 ) ;
#4040 = AXIS2_PLACEMENT_3D ( 'NONE', #294, #1001, #1790 ) ;
#4041 = PRESENTATION_LAYER_ASSIGNMENT (  '', '', ( #606 ) ) ;
#4042 = STYLED_ITEM ( 'NONE', ( #383 ), #1478 ) ;
#4043 = DIRECTION ( 'NONE',  ( -0.000000000000000000, 1.000000000000000000, -0.000000000000000000 ) ) ;
#4044 = FILL_AREA_STYLE_COLOUR ( '', #267 ) ;
#4045 = SURFACE_STYLE_FILL_AREA ( #2636 ) ;
#4046 = VECTOR ( 'NONE', #1791, 1000.000000000000000 ) ;
#4047 = ADVANCED_FACE ( 'NONE', ( #764 ), #3569, .T. ) ;
#4048 =( LENGTH_UNIT ( ) NAMED_UNIT ( * ) SI_UNIT ( .MILLI., .METRE. ) );
#4049 = CARTESIAN_POINT ( 'NONE',  ( -2.157986810143135870, -1.362822467004185079, 0.08443193139771702771 ) ) ;
#4050 = UNCERTAINTY_MEASURE_WITH_UNIT (LENGTH_MEASURE( 1.000000000000000082E-05 ), #4406, 'distance_accuracy_value', 'NONE');
#4051 = EDGE_CURVE ( 'NONE', #3014, #3478, #3834, .T. ) ;
#4052 =( GEOMETRIC_REPRESENTATION_CONTEXT ( 3 ) GLOBAL_UNCERTAINTY_ASSIGNED_CONTEXT ( ( #57 ) ) GLOBAL_UNIT_ASSIGNED_CONTEXT ( ( #2688, #3474, #2773 ) ) REPRESENTATION_CONTEXT ( 'NONE', 'WORKASPACE' ) );
#4053 = COLOUR_RGB ( '',0.2862745098039215508, 0.2862745098039215508, 0.2862745098039215508 ) ;
#4054 = CARTESIAN_POINT ( 'NONE',  ( 2.187500000000001332, -1.332499999999999574, 0.08749999999999999445 ) ) ;
#4055 = EDGE_LOOP ( 'NONE', ( #2756, #2208, #4468, #1386 ) ) ;
#4056 = CARTESIAN_POINT ( 'NONE',  ( -2.187499999999999112, 1.362500000000000488, -0.08749999999999999445 ) ) ;
#4057 = VECTOR ( 'NONE', #445, 1000.000000000000000 ) ;
#4058 = CLOSED_SHELL ( 'NONE', ( #96, #3328, #4299, #4329, #2903, #3560, #4482, #2604, #1478, #3666, #412, #11, #4181, #3643 ) ) ;
#4059 = UNCERTAINTY_MEASURE_WITH_UNIT (LENGTH_MEASURE( 1.000000000000000082E-05 ), #4384, 'distance_accuracy_value', 'NONE');
#4060 = COLOUR_RGB ( '',0.8039215686274510109, 0.8039215686274510109, 0.8039215686274510109 ) ;
#4061 = STYLED_ITEM ( 'NONE', ( #2744 ), #177 ) ;
#4062 = ORIENTED_EDGE ( 'NONE', *, *, #3395, .F. ) ;
#4063 = ORIENTED_EDGE ( 'NONE', *, *, #1164, .F. ) ;
#4064 = LINE ( 'NONE', #519, #902 ) ;
#4065 = ORIENTED_EDGE ( 'NONE', *, *, #3216, .F. ) ;
#4066 = CARTESIAN_POINT ( 'NONE',  ( 1.479999999999999538, 1.000000000000000000, -1.138249999999999984 ) ) ;
#4067 = COLOUR_RGB ( '',0.8039215686274510109, 0.8039215686274510109, 0.8039215686274510109 ) ;
#4068 = DIRECTION ( 'NONE',  ( -0.000000000000000000, -0.000000000000000000, 1.000000000000000000 ) ) ;
#4069 = CIRCLE ( 'NONE', #2036, 0.02999999999999996073 ) ;
#4070 = DIRECTION ( 'NONE',  ( 0.000000000000000000, -1.000000000000000000, 0.000000000000000000 ) ) ;
#4071 = PLANE ( 'NONE',  #3541 ) ;
#4072 = VECTOR ( 'NONE', #220, 1000.000000000000000 ) ;
#4073 = PRESENTATION_STYLE_ASSIGNMENT (( #530 ) ) ;
#4074 = EDGE_CURVE ( 'NONE', #3679, #133, #1808, .T. ) ;
#4075 = AXIS2_PLACEMENT_3D ( 'NONE', #3687, #2997, #3762 ) ;
#4076 = CARTESIAN_POINT ( 'NONE',  ( -2.187404244550521959, -1.350085373081352680, -0.08840981203789712028 ) ) ;
#4077 = EDGE_CURVE ( 'NONE', #131, #1868, #890, .T. ) ;
#4078 = ORIENTED_EDGE ( 'NONE', *, *, #1882, .F. ) ;
#4079 = CARTESIAN_POINT ( 'NONE',  ( 1.479999999999999538, 1.000000000000000000, -1.313250000000000250 ) ) ;
#4080 = DIRECTION ( 'NONE',  ( 1.000000000000000000, 0.000000000000000000, -1.204669080539456739E-16 ) ) ;
#4081 = ORIENTED_EDGE ( 'NONE', *, *, #4486, .T. ) ;
#4082 = ORIENTED_EDGE ( 'NONE', *, *, #4077, .T. ) ;
#4083 =( NAMED_UNIT ( * ) PLANE_ANGLE_UNIT ( ) SI_UNIT ( $, .RADIAN. ) );
#4084 = ORIENTED_EDGE ( 'NONE', *, *, #2433, .T. ) ;
#4085 = PRESENTATION_LAYER_ASSIGNMENT (  '', '', ( #3635 ) ) ;
#4086 = CARTESIAN_POINT ( 'NONE',  ( 2.157664343138952834, 1.362500000000000488, 0.08749999999999999445 ) ) ;
#4087 = STYLED_ITEM ( 'NONE', ( #3528 ), #2524 ) ;
#4088 = DIRECTION ( 'NONE',  ( -1.000000000000000000, 0.000000000000000000, 0.000000000000000000 ) ) ;
#4089 =( NAMED_UNIT ( * ) PLANE_ANGLE_UNIT ( ) SI_UNIT ( $, .RADIAN. ) );
#4090 = CARTESIAN_POINT ( 'NONE',  ( -2.187499999999999112, -1.362499999999999600, 0.08749999999999999445 ) ) ;
#4091 =( LENGTH_UNIT ( ) NAMED_UNIT ( * ) SI_UNIT ( .MILLI., .METRE. ) );
#4092 = PRESENTATION_LAYER_ASSIGNMENT (  '', '', ( #2752 ) ) ;
#4093 = FILL_AREA_STYLE_COLOUR ( '', #4278 ) ;
#4094 = LINE ( 'NONE', #3002, #2568 ) ;
#4095 = UNCERTAINTY_MEASURE_WITH_UNIT (LENGTH_MEASURE( 1.000000000000000082E-05 ), #3600, 'distance_accuracy_value', 'NONE');
#4096 = ORIENTED_EDGE ( 'NONE', *, *, #1943, .F. ) ;
#4097 = PRESENTATION_STYLE_ASSIGNMENT (( #4122 ) ) ;
#4098 = DIRECTION ( 'NONE',  ( 0.000000000000000000, 1.000000000000000000, 0.000000000000000000 ) ) ;
#4099 = DIRECTION ( 'NONE',  ( 0.000000000000000000, 0.000000000000000000, -1.000000000000000000 ) ) ;
#4100 = UNCERTAINTY_MEASURE_WITH_UNIT (LENGTH_MEASURE( 1.000000000000000082E-05 ), #4377, 'distance_accuracy_value', 'NONE');
#4101 = EDGE_CURVE ( 'NONE', #1016, #1462, #3425, .T. ) ;
#4102 =( NAMED_UNIT ( * ) SI_UNIT ( $, .STERADIAN. ) SOLID_ANGLE_UNIT ( ) );
#4103 = VECTOR ( 'NONE', #235, 1000.000000000000000 ) ;
#4104 = SURFACE_SIDE_STYLE ('',( #2693 ) ) ;
#4105 = EDGE_LOOP ( 'NONE', ( #2231, #4084, #769, #264, #967, #3428, #149, #2692, #1991, #4546, #3123, #1011 ) ) ;
#4106 = CARTESIAN_POINT ( 'NONE',  ( -2.600000000000000089, 1.000000000000000000, -0.1624999999999991451 ) ) ;
#4107 =( NAMED_UNIT ( * ) PLANE_ANGLE_UNIT ( ) SI_UNIT ( $, .RADIAN. ) );
#4108 = VECTOR ( 'NONE', #353, 1000.000000000000000 ) ;
#4109 = CIRCLE ( 'NONE', #1550, 0.03000000000000007869 ) ;
#4110 =( NAMED_UNIT ( * ) SI_UNIT ( $, .STERADIAN. ) SOLID_ANGLE_UNIT ( ) );
#4111 = LINE ( 'NONE', #2655, #3234 ) ;
#4112 = DIRECTION ( 'NONE',  ( 0.000000000000000000, 0.000000000000000000, -1.000000000000000000 ) ) ;
#4113 = LINE ( 'NONE', #2273, #574 ) ;
#4114 = CARTESIAN_POINT ( 'NONE',  ( -1.404999999999999583, -1.213871214864964188, -1.214605263157894743 ) ) ;
#4115 = COLOUR_RGB ( '',0.2862745098039215508, 0.2862745098039215508, 0.2862745098039215508 ) ;
#4116 = DIRECTION ( 'NONE',  ( 0.000000000000000000, 1.000000000000000000, 0.000000000000000000 ) ) ;
#4117 = COLOUR_RGB ( '',0.2862745098039215508, 0.2862745098039215508, 0.2862745098039215508 ) ;
#4118 = SURFACE_SIDE_STYLE ('',( #3055 ) ) ;
#4120 = VECTOR ( 'NONE', #1140, 1000.000000000000000 ) ;
#4119 = SPHERICAL_SURFACE ( 'NONE', #869, 0.02999999999999999889 ) ;
#4121 = EDGE_LOOP ( 'NONE', ( #561, #2083, #1089 ) ) ;
#4122 = SURFACE_STYLE_USAGE ( .BOTH. , #1209 ) ;
#4123 = CARTESIAN_POINT ( 'NONE',  ( -1.434999999999999609, 1.218743349349714844, -1.168250000000000011 ) ) ;
#4124 = SURFACE_STYLE_USAGE ( .BOTH. , #3079 ) ;
#4125 = ORIENTED_EDGE ( 'NONE', *, *, #1679, .T. ) ;
#4126 = ORIENTED_EDGE ( 'NONE', *, *, #1693, .T. ) ;
#4127 = VECTOR ( 'NONE', #4311, 1000.000000000000000 ) ;
#4128 = CARTESIAN_POINT ( 'NONE',  ( -1.434999999999999831, 1.218743349349714844, -1.168250000000000011 ) ) ;
#4129 = ORIENTED_EDGE ( 'NONE', *, *, #2467, .F. ) ;
#4130 = ADVANCED_FACE ( 'NONE', ( #3712 ), #4416, .T. ) ;
#4131 = DIRECTION ( 'NONE',  ( 0.000000000000000000, 0.000000000000000000, -1.000000000000000000 ) ) ;
#4132 = CARTESIAN_POINT ( 'NONE',  ( 2.044952048055270755, 0.000000000000000000, 1.156749999999999723 ) ) ;
#4133 = CIRCLE ( 'NONE', #2194, 0.2499999999999997780 ) ;
#4134 = VERTEX_POINT ( 'NONE', #4079 ) ;
#4135 = EDGE_CURVE ( 'NONE', #2112, #194, #2618, .T. ) ;
#4136 =( LENGTH_UNIT ( ) NAMED_UNIT ( * ) SI_UNIT ( .MILLI., .METRE. ) );
#4137 = CARTESIAN_POINT ( 'NONE',  ( -2.300000000000000711, 1.000000000000000000, -0.2124999999999986899 ) ) ;
#4138 = SURFACE_STYLE_FILL_AREA ( #1222 ) ;
#4139 = FACE_OUTER_BOUND ( 'NONE', #127, .T. ) ;
#4140 =( GEOMETRIC_REPRESENTATION_CONTEXT ( 3 ) GLOBAL_UNCERTAINTY_ASSIGNED_CONTEXT ( ( #1501 ) ) GLOBAL_UNIT_ASSIGNED_CONTEXT ( ( #3480, #3089, #3409 ) ) REPRESENTATION_CONTEXT ( 'NONE', 'WORKASPACE' ) );
#4141 = CARTESIAN_POINT ( 'NONE',  ( -2.300000000000000711, 1.000000000000000000, -0.2124999999999986899 ) ) ;
#4142 = MECHANICAL_DESIGN_GEOMETRIC_PRESENTATION_REPRESENTATION (  '', ( #3479 ), #1216 ) ;
#4143 = ORIENTED_EDGE ( 'NONE', *, *, #1600, .T. ) ;
#4144 = SURFACE_SIDE_STYLE ('',( #2728 ) ) ;
#4145 = FILL_AREA_STYLE ('',( #3796 ) ) ;
#4146 = EDGE_LOOP ( 'NONE', ( #4573, #696, #1891, #2606 ) ) ;
#4147 = ORIENTED_EDGE ( 'NONE', *, *, #1347, .F. ) ;
#4148 = VERTEX_POINT ( 'NONE', #2353 ) ;
#4149 = DIRECTION ( 'NONE',  ( -0.000000000000000000, -1.000000000000000000, -0.000000000000000000 ) ) ;
#4150 = ADVANCED_FACE ( 'NONE', ( #146 ), #3677, .T. ) ;
#4151 = LINE ( 'NONE', #2338, #2140 ) ;
#4152 = DIRECTION ( 'NONE',  ( -0.1039620511844979445, 0.1039620511844979445, -0.9891328443778539814 ) ) ;
#4153 = ORIENTED_EDGE ( 'NONE', *, *, #1118, .T. ) ;
#4154 = SURFACE_SIDE_STYLE ('',( #2740 ) ) ;
#4155 = PRESENTATION_STYLE_ASSIGNMENT (( #3439 ) ) ;
#4156 = AXIS2_PLACEMENT_3D ( 'NONE', #414, #3627, #1917 ) ;
#4157 = EDGE_CURVE ( 'NONE', #2181, #2753, #512, .T. ) ;
#4158 = CIRCLE ( 'NONE', #2898, 0.03000000000000007869 ) ;
#4159 =( LENGTH_UNIT ( ) NAMED_UNIT ( * ) SI_UNIT ( .MILLI., .METRE. ) );
#4160 = FACE_OUTER_BOUND ( 'NONE', #1213, .T. ) ;
#4161 = AXIS2_PLACEMENT_3D ( 'NONE', #3350, #610, #2047 ) ;
#4162 = ORIENTED_EDGE ( 'NONE', *, *, #847, .T. ) ;
#4163 = SPHERICAL_SURFACE ( 'NONE', #625, 0.02999999999999999889 ) ;
#4164 = SURFACE_SIDE_STYLE ('',( #1319 ) ) ;
#4165 = SURFACE_SIDE_STYLE ('',( #3107 ) ) ;
#4166 = ORIENTED_EDGE ( 'NONE', *, *, #4563, .F. ) ;
#4167 = CARTESIAN_POINT ( 'NONE',  ( 2.350000000000000533, 1.000000000000000000, 0.08750000000000000833 ) ) ;
#4168 = ORIENTED_EDGE ( 'NONE', *, *, #3171, .T. ) ;
#4169 = FACE_OUTER_BOUND ( 'NONE', #2713, .T. ) ;
#4170 = CARTESIAN_POINT ( 'NONE',  ( 1.434999999999999609, -1.243706871726012464, -1.217741117055924249 ) ) ;
#4171 = CARTESIAN_POINT ( 'NONE',  ( 2.074787704916319697, -1.246964169384204402, 1.159885853898029451 ) ) ;
#4172 = AXIS2_PLACEMENT_3D ( 'NONE', #2367, #590, #3162 ) ;
#4173 = FILL_AREA_STYLE_COLOUR ( '', #2065 ) ;
#4174 = CARTESIAN_POINT ( 'NONE',  ( 2.050049603465656123, -1.254885260326702667, -1.111385853898029463 ) ) ;
#4175 = ORIENTED_EDGE ( 'NONE', *, *, #4218, .T. ) ;
#4176 = FILL_AREA_STYLE_COLOUR ( '', #4335 ) ;
#4177 = CARTESIAN_POINT ( 'NONE',  ( -2.044952048055268090, -1.219952048055269245, 1.156749999999999723 ) ) ;
#4178 = LINE ( 'NONE', #1761, #1854 ) ;
#4179 = DIRECTION ( 'NONE',  ( 0.000000000000000000, -0.9945218953682735119, 0.1045284632676525272 ) ) ;
#4180 = COLOUR_RGB ( '',0.8039215686274510109, 0.8039215686274510109, 0.8039215686274510109 ) ;
#4181 = ADVANCED_FACE ( 'NONE', ( #713 ), #369, .T. ) ;
#4182 = DIRECTION ( 'NONE',  ( 0.000000000000000000, 0.9945218953682735119, 0.1045284632676525272 ) ) ;
#4183 = PRESENTATION_LAYER_ASSIGNMENT (  '', '', ( #605 ) ) ;
#4184 =( NAMED_UNIT ( * ) PLANE_ANGLE_UNIT ( ) SI_UNIT ( $, .RADIAN. ) );
#4185 = SURFACE_STYLE_FILL_AREA ( #3487 ) ;
#4186 = EDGE_CURVE ( 'NONE', #1678, #1353, #3536, .T. ) ;
#4187 = PRESENTATION_STYLE_ASSIGNMENT (( #1269 ) ) ;
#4188 = FACE_OUTER_BOUND ( 'NONE', #3573, .T. ) ;
#4189 = UNCERTAINTY_MEASURE_WITH_UNIT (LENGTH_MEASURE( 1.000000000000000082E-05 ), #2423, 'distance_accuracy_value', 'NONE');
#4190 = DIRECTION ( 'NONE',  ( -1.000000000000000000, 0.000000000000000000, 0.000000000000000000 ) ) ;
#4191 = PRESENTATION_LAYER_ASSIGNMENT (  '', '', ( #3602 ) ) ;
#4192 = ORIENTED_EDGE ( 'NONE', *, *, #2179, .T. ) ;
#4193 = EDGE_CURVE ( 'NONE', #1346, #3400, #705, .T. ) ;
#4194 = CARTESIAN_POINT ( 'NONE',  ( -1.607452048055268090, -1.219952048055269245, 1.186749999999999972 ) ) ;
#4195 = CYLINDRICAL_SURFACE ( 'NONE', #1036, 0.03000000000000007869 ) ;
#4196 = MECHANICAL_DESIGN_GEOMETRIC_PRESENTATION_REPRESENTATION (  '', ( #3605 ), #4359 ) ;
#4197 = VERTEX_POINT ( 'NONE', #4302 ) ;
#4198 = CARTESIAN_POINT ( 'NONE',  ( -2.187499999999999112, -1.362499999999999600, 0.08749999999999999445 ) ) ;
#4199 = ORIENTED_EDGE ( 'NONE', *, *, #231, .F. ) ;
#4200 =( NAMED_UNIT ( * ) SI_UNIT ( $, .STERADIAN. ) SOLID_ANGLE_UNIT ( ) );
#4201 =( GEOMETRIC_REPRESENTATION_CONTEXT ( 3 ) GLOBAL_UNCERTAINTY_ASSIGNED_CONTEXT ( ( #3122 ) ) GLOBAL_UNIT_ASSIGNED_CONTEXT ( ( #554, #1621, #1901 ) ) REPRESENTATION_CONTEXT ( 'NONE', 'WORKASPACE' ) );
#4202 = EDGE_CURVE ( 'NONE', #4292, #2595, #4327, .T. ) ;
#4203 =( NAMED_UNIT ( * ) PLANE_ANGLE_UNIT ( ) SI_UNIT ( $, .RADIAN. ) );
#4204 = COLOUR_RGB ( '',0.2862745098039215508, 0.2862745098039215508, 0.2862745098039215508 ) ;
#4205 = CARTESIAN_POINT ( 'NONE',  ( 1.434999999999999831, 1.218743349349714844, -1.168250000000000011 ) ) ;
#4206 = ORIENTED_EDGE ( 'NONE', *, *, #2933, .F. ) ;
#4207 = SURFACE_SIDE_STYLE ('',( #385 ) ) ;
#4208 = VECTOR ( 'NONE', #3729, 1000.000000000000000 ) ;
#4209 =( NAMED_UNIT ( * ) PLANE_ANGLE_UNIT ( ) SI_UNIT ( $, .RADIAN. ) );
#4210 = DIRECTION ( 'NONE',  ( -0.000000000000000000, -0.000000000000000000, 1.000000000000000000 ) ) ;
#4211 = VECTOR ( 'NONE', #1288, 1000.000000000000000 ) ;
#4212 = MECHANICAL_DESIGN_GEOMETRIC_PRESENTATION_REPRESENTATION (  '', ( #2271 ), #1497 ) ;
#4213 = SURFACE_SIDE_STYLE ('',( #3486 ) ) ;
#4214 = CYLINDRICAL_SURFACE ( 'NONE', #1187, 0.03000000000000007869 ) ;
#4215 = VECTOR ( 'NONE', #2218, 1000.000000000000000 ) ;
#4216 =( NAMED_UNIT ( * ) SI_UNIT ( $, .STERADIAN. ) SOLID_ANGLE_UNIT ( ) );
#4217 =( BOUNDED_SURFACE ( )  B_SPLINE_SURFACE ( 3, 2, ( 
 ( #197, #2472, #875 ),
 ( #4219, #2308, #1586 ),
 ( #3043, #1345, #1233 ),
 ( #3776, #2816, #4128 ) ),
 .UNSPECIFIED., .F., .F., .T. ) 
 B_SPLINE_SURFACE_WITH_KNOTS ( ( 4, 4 ),
 ( 3, 3 ),
 ( 3.141592653589793116, 4.712388980384689674 ),
 ( 0.000000000000000000, 1.000000000000000000 ),
 .UNSPECIFIED. ) 
 GEOMETRIC_REPRESENTATION_ITEM ( )  RATIONAL_B_SPLINE_SURFACE ( (
 ( 1.000000000000000000, 0.7431448254773939111, 1.000000000000000000),
 ( 1.000000000000000000, 0.7436208661149376065, 1.000000000000000000),
 ( 1.000000000000000000, 0.7268735113059110464, 1.000000000000000000),
 ( 1.000000000000000000, 0.7071067811865475727, 1.000000000000000000) ) ) 
 REPRESENTATION_ITEM ( '' )  SURFACE ( )  );
#4218 = EDGE_CURVE ( 'NONE', #2785, #2726, #2150, .T. ) ;
#4219 = CARTESIAN_POINT ( 'NONE',  ( -1.432317204379275122, 1.254885256351446099, -1.111385891720079622 ) ) ;
#4220 = VERTEX_POINT ( 'NONE', #3945 ) ;
#4221 = LINE ( 'NONE', #738, #2900 ) ;
#4222 = STYLED_ITEM ( 'NONE', ( #1329 ), #3188 ) ;
#4223 = EDGE_CURVE ( 'NONE', #4420, #3044, #3236, .T. ) ;
#4224 = CARTESIAN_POINT ( 'NONE',  ( 1.464999999999999414, -1.252061724794589992, -1.138249999999999984 ) ) ;
#4225 = VERTEX_POINT ( 'NONE', #2885 ) ;
#4226 = CARTESIAN_POINT ( 'NONE',  ( 1.434999999999999609, -1.212376487280308002, -1.228826646158095004 ) ) ;
#4227 = SPHERICAL_SURFACE ( 'NONE', #120, 0.02999999999999999889 ) ;
#4228 = SURFACE_STYLE_FILL_AREA ( #2873 ) ;
#4229 = PRESENTATION_LAYER_ASSIGNMENT (  '', '', ( #3552 ) ) ;
#4230 = SURFACE_STYLE_USAGE ( .BOTH. , #2780 ) ;
#4231 = CARTESIAN_POINT ( 'NONE',  ( -1.479999999999999982, 1.000000000000000000, -1.138249999999999540 ) ) ;
#4232 =( GEOMETRIC_REPRESENTATION_CONTEXT ( 3 ) GLOBAL_UNCERTAINTY_ASSIGNED_CONTEXT ( ( #1412 ) ) GLOBAL_UNIT_ASSIGNED_CONTEXT ( ( #499, #4107, #2262 ) ) REPRESENTATION_CONTEXT ( 'NONE', 'WORKASPACE' ) );
#4233 = LINE ( 'NONE', #2489, #4572 ) ;
#4234 = ORIENTED_EDGE ( 'NONE', *, *, #2576, .T. ) ;
#4235 = DIRECTION ( 'NONE',  ( -0.000000000000000000, -1.000000000000000000, -0.000000000000000000 ) ) ;
#4236 =( NAMED_UNIT ( * ) PLANE_ANGLE_UNIT ( ) SI_UNIT ( $, .RADIAN. ) );
#4237 = SURFACE_STYLE_USAGE ( .BOTH. , #2741 ) ;
#4238 = CARTESIAN_POINT ( 'NONE',  ( 2.187500000000001332, -1.000000000000000000, -0.08749999999999999445 ) ) ;
#4239 = SURFACE_STYLE_USAGE ( .BOTH. , #274 ) ;
#4240 =( LENGTH_UNIT ( ) NAMED_UNIT ( * ) SI_UNIT ( .MILLI., .METRE. ) );
#4241 =( NAMED_UNIT ( * ) SI_UNIT ( $, .STERADIAN. ) SOLID_ANGLE_UNIT ( ) );
#4242 = DIRECTION ( 'NONE',  ( 1.000000000000000000, 0.000000000000000000, 0.000000000000000000 ) ) ;
#4243 =( LENGTH_UNIT ( ) NAMED_UNIT ( * ) SI_UNIT ( .MILLI., .METRE. ) );
#4244 =( NAMED_UNIT ( * ) SI_UNIT ( $, .STERADIAN. ) SOLID_ANGLE_UNIT ( ) );
#4245 = UNCERTAINTY_MEASURE_WITH_UNIT (LENGTH_MEASURE( 1.000000000000000082E-05 ), #432, 'distance_accuracy_value', 'NONE');
#4246 = LINE ( 'NONE', #3062, #4349 ) ;
#4247 = EDGE_LOOP ( 'NONE', ( #2435, #1559, #3918, #2054 ) ) ;
#4248 = PRESENTATION_LAYER_ASSIGNMENT (  '', '', ( #371 ) ) ;
#4249 = FACE_OUTER_BOUND ( 'NONE', #270, .T. ) ;
#4250 = LINE ( 'NONE', #1773, #1626 ) ;
#4251 = EDGE_CURVE ( 'NONE', #3317, #3679, #2540, .T. ) ;
#4252 =( BOUNDED_CURVE ( )  B_SPLINE_CURVE ( 3, ( #2466, #3181, #1380, #2071 ),
 .UNSPECIFIED., .F., .F. ) 
 B_SPLINE_CURVE_WITH_KNOTS ( ( 4, 4 ),
 ( 4.712388980384689674, 6.283185307179586232 ),
 .UNSPECIFIED. ) 
 CURVE ( )  GEOMETRIC_REPRESENTATION_ITEM ( )  RATIONAL_B_SPLINE_CURVE ( ( 1.000000000000000000, 0.8047378541243649375, 0.8047378541243649375, 1.000000000000000000 ) ) 
 REPRESENTATION_ITEM ( '' )  );
#4253 = SURFACE_STYLE_FILL_AREA ( #2820 ) ;
#4254 = ORIENTED_EDGE ( 'NONE', *, *, #67, .T. ) ;
#4255 =( NAMED_UNIT ( * ) PLANE_ANGLE_UNIT ( ) SI_UNIT ( $, .RADIAN. ) );
#4256 = FACE_OUTER_BOUND ( 'NONE', #3348, .T. ) ;
#4257 = SURFACE_STYLE_FILL_AREA ( #3871 ) ;
#4258 = ADVANCED_FACE ( 'NONE', ( #3078 ), #4505, .T. ) ;
#4259 = SURFACE_STYLE_FILL_AREA ( #669 ) ;
#4260 = CARTESIAN_POINT ( 'NONE',  ( -1.404999999999999583, -1.213871214864964410, -1.244605263157894770 ) ) ;
#4261 = ORIENTED_EDGE ( 'NONE', *, *, #3090, .T. ) ;
#4262 = DIRECTION ( 'NONE',  ( 0.000000000000000000, 0.000000000000000000, -1.000000000000000000 ) ) ;
#4263 = LINE ( 'NONE', #2858, #3878 ) ;
#4264 = SURFACE_STYLE_FILL_AREA ( #3603 ) ;
#4265 = SURFACE_STYLE_USAGE ( .BOTH. , #341 ) ;
#4266 = PLANE ( 'NONE',  #1452 ) ;
#4267 = MECHANICAL_DESIGN_GEOMETRIC_PRESENTATION_REPRESENTATION (  '', ( #2237 ), #3437 ) ;
#4268 = PRESENTATION_LAYER_ASSIGNMENT (  '', '', ( #3143 ) ) ;
#4269 =( NAMED_UNIT ( * ) SI_UNIT ( $, .STERADIAN. ) SOLID_ANGLE_UNIT ( ) );
#4270 = CARTESIAN_POINT ( 'NONE',  ( 2.600000000000000089, 1.000000000000000000, -1.063250000000000250 ) ) ;
#4271 = CYLINDRICAL_SURFACE ( 'NONE', #2003, 0.03000000000000007869 ) ;
#4272 = PRESENTATION_STYLE_ASSIGNMENT (( #2836 ) ) ;
#4273 = AXIS2_PLACEMENT_3D ( 'NONE', #2032, #2431, #2751 ) ;
#4274 = VECTOR ( 'NONE', #88, 1000.000000000000000 ) ;
#4275 = MECHANICAL_DESIGN_GEOMETRIC_PRESENTATION_REPRESENTATION (  '', ( #3517 ), #970 ) ;
#4276 = SURFACE_SIDE_STYLE ('',( #2838 ) ) ;
#4277 = EDGE_LOOP ( 'NONE', ( #4513, #1909, #408, #2917 ) ) ;
#4278 = COLOUR_RGB ( '',0.2862745098039215508, 0.2862745098039215508, 0.2862745098039215508 ) ;
#4279 = CYLINDRICAL_SURFACE ( 'NONE', #3494, 0.03000000000000018277 ) ;
#4280 = MECHANICAL_DESIGN_GEOMETRIC_PRESENTATION_REPRESENTATION (  '', ( #2406 ), #2622 ) ;
#4281 = DIRECTION ( 'NONE',  ( -1.000000000000000000, 0.000000000000000000, 4.939143230211658715E-15 ) ) ;
#4282 = CARTESIAN_POINT ( 'NONE',  ( 1.433328814899648584, -1.250277334767676773, -1.155227337044513192 ) ) ;
#4283 = ORIENTED_EDGE ( 'NONE', *, *, #124, .T. ) ;
#4284 =( NAMED_UNIT ( * ) SI_UNIT ( $, .STERADIAN. ) SOLID_ANGLE_UNIT ( ) );
#4285 =( BOUNDED_CURVE ( )  B_SPLINE_CURVE ( 3, ( #2061, #357, #3935, #4578 ),
 .UNSPECIFIED., .F., .F. ) 
 B_SPLINE_CURVE_WITH_KNOTS ( ( 4, 4 ),
 ( 2.361665139862945573, 3.921520167316611793 ),
 .UNSPECIFIED. ) 
 CURVE ( )  GEOMETRIC_REPRESENTATION_ITEM ( )  RATIONAL_B_SPLINE_CURVE ( ( 1.000000000000000000, 0.8073096761657755360, 0.8073096761657755360, 1.000000000000000000 ) ) 
 REPRESENTATION_ITEM ( '' )  );
#4286 = FACE_OUTER_BOUND ( 'NONE', #2739, .T. ) ;
#4287 = STYLED_ITEM ( 'NONE', ( #178 ), #1721 ) ;
#4288 = COLOUR_RGB ( '',0.8039215686274510109, 0.8039215686274510109, 0.8039215686274510109 ) ;
#4289 = EDGE_CURVE ( 'NONE', #583, #3035, #2562, .T. ) ;
#4290 = SPHERICAL_SURFACE ( 'NONE', #2825, 0.02999999999999999889 ) ;
#4291 = DIRECTION ( 'NONE',  ( -1.000000000000000000, 0.000000000000000000, -0.000000000000000000 ) ) ;
#4292 = VERTEX_POINT ( 'NONE', #2902 ) ;
#4293 = DIRECTION ( 'NONE',  ( -0.000000000000000000, 0.000000000000000000, 1.000000000000000000 ) ) ;
#4294 = DIRECTION ( 'NONE',  ( -0.000000000000000000, -1.000000000000000000, -0.000000000000000000 ) ) ;
#4295 = CARTESIAN_POINT ( 'NONE',  ( -1.464999999999999636, -1.225049603465654613, -1.138250000000000206 ) ) ;
#4296 = LINE ( 'NONE', #3532, #2395 ) ;
#4297 = CIRCLE ( 'NONE', #3012, 0.03000000000000007869 ) ;
#4298 =( NAMED_UNIT ( * ) PLANE_ANGLE_UNIT ( ) SI_UNIT ( $, .RADIAN. ) );
#4299 = ADVANCED_FACE ( 'NONE', ( #503 ), #4071, .F. ) ;
#4300 = FILL_AREA_STYLE_COLOUR ( '', #4307 ) ;
#4301 = VECTOR ( 'NONE', #851, 1000.000000000000000 ) ;
#4302 = CARTESIAN_POINT ( 'NONE',  ( 2.187500000000001332, -1.332664343138951324, 0.08749999999999999445 ) ) ;
#4303 =( NAMED_UNIT ( * ) PLANE_ANGLE_UNIT ( ) SI_UNIT ( $, .RADIAN. ) );
#4304 =( NAMED_UNIT ( * ) SI_UNIT ( $, .STERADIAN. ) SOLID_ANGLE_UNIT ( ) );
#4305 = UNCERTAINTY_MEASURE_WITH_UNIT (LENGTH_MEASURE( 1.000000000000000082E-05 ), #670, 'distance_accuracy_value', 'NONE');
#4306 = PRESENTATION_LAYER_ASSIGNMENT (  '', '', ( #1576 ) ) ;
#4307 = COLOUR_RGB ( '',0.9607843137254902244, 0.9607843137254902244, 0.9607843137254902244 ) ;
#4308 = VECTOR ( 'NONE', #409, 1000.000000000000000 ) ;
#4309 =( NAMED_UNIT ( * ) SI_UNIT ( $, .STERADIAN. ) SOLID_ANGLE_UNIT ( ) );
#4310 = FILL_AREA_STYLE_COLOUR ( '', #2241 ) ;
#4311 = DIRECTION ( 'NONE',  ( 0.000000000000000000, -1.000000000000000000, 0.000000000000000000 ) ) ;
#4312 = ORIENTED_EDGE ( 'NONE', *, *, #1099, .T. ) ;
#4313 = FILL_AREA_STYLE_COLOUR ( '', #2975 ) ;
#4314 = LINE ( 'NONE', #3500, #331 ) ;
#4315 = LINE ( 'NONE', #66, #787 ) ;
#4316 = AXIS2_PLACEMENT_3D ( 'NONE', #2758, #2012, #3433 ) ;
#4317 =( NAMED_UNIT ( * ) SI_UNIT ( $, .STERADIAN. ) SOLID_ANGLE_UNIT ( ) );
#4318 = CARTESIAN_POINT ( 'NONE',  ( -2.157664343138950613, -1.362499999999999600, -0.08749999999999999445 ) ) ;
#4319 = AXIS2_PLACEMENT_3D ( 'NONE', #3161, #1691, #4179 ) ;
#4320 = SURFACE_SIDE_STYLE ('',( #2513 ) ) ;
#4321 = ORIENTED_EDGE ( 'NONE', *, *, #2156, .T. ) ;
#4322 = CYLINDRICAL_SURFACE ( 'NONE', #3103, 0.03000000000000018277 ) ;
#4323 = PRESENTATION_STYLE_ASSIGNMENT (( #3576 ) ) ;
#4324 = CARTESIAN_POINT ( 'NONE',  ( -2.044952048055268090, 0.000000000000000000, 1.156749999999999723 ) ) ;
#4325 = ADVANCED_FACE ( 'NONE', ( #4344 ), #814, .F. ) ;
#4326 =( NAMED_UNIT ( * ) PLANE_ANGLE_UNIT ( ) SI_UNIT ( $, .RADIAN. ) );
#4327 = LINE ( 'NONE', #684, #4516 ) ;
#4328 = FILL_AREA_STYLE ('',( #319 ) ) ;
#4329 = ADVANCED_FACE ( 'NONE', ( #4388 ), #2586, .F. ) ;
#4330 = CARTESIAN_POINT ( 'NONE',  ( 0.000000000000000000, -1.213871214864964410, -1.214605263157894743 ) ) ;
#4331 = FILL_AREA_STYLE_COLOUR ( '', #2915 ) ;
#4332 = PRESENTATION_STYLE_ASSIGNMENT (( #3651 ) ) ;
#4333 = MECHANICAL_DESIGN_GEOMETRIC_PRESENTATION_REPRESENTATION (  '', ( #4087 ), #2375 ) ;
#4334 = ORIENTED_EDGE ( 'NONE', *, *, #3056, .T. ) ;
#4335 = COLOUR_RGB ( '',0.2862745098039215508, 0.2862745098039215508, 0.2862745098039215508 ) ;
#4336 = CARTESIAN_POINT ( 'NONE',  ( -2.079885260326701957, -1.225049603465654613, -1.111385853898029463 ) ) ;
#4337 = ORIENTED_EDGE ( 'NONE', *, *, #2221, .F. ) ;
#4338 = CARTESIAN_POINT ( 'NONE',  ( -1.404999999999999583, -1.213871214864964410, -1.214605263157894743 ) ) ;
#4339 = FILL_AREA_STYLE ('',( #136 ) ) ;
#4340 = CARTESIAN_POINT ( 'NONE',  ( -1.464999999999999636, -1.362499999999999600, -1.168250000000000011 ) ) ;
#4341 = FILL_AREA_STYLE_COLOUR ( '', #216 ) ;
#4342 = PRESENTATION_STYLE_ASSIGNMENT (( #2539 ) ) ;
#4343 = EDGE_CURVE ( 'NONE', #2603, #3383, #2388, .T. ) ;
#4344 = FACE_OUTER_BOUND ( 'NONE', #303, .T. ) ;
#4345 = FILL_AREA_STYLE_COLOUR ( '', #3730 ) ;
#4346 = UNCERTAINTY_MEASURE_WITH_UNIT (LENGTH_MEASURE( 1.000000000000000082E-05 ), #423, 'distance_accuracy_value', 'NONE');
#4347 = EDGE_CURVE ( 'NONE', #3084, #3242, #4133, .T. ) ;
#4348 =( LENGTH_UNIT ( ) NAMED_UNIT ( * ) SI_UNIT ( .MILLI., .METRE. ) );
#4349 = VECTOR ( 'NONE', #3750, 1000.000000000000000 ) ;
#4350 = DIRECTION ( 'NONE',  ( -1.000000000000000000, -0.000000000000000000, -0.000000000000000000 ) ) ;
#4351 = MECHANICAL_DESIGN_GEOMETRIC_PRESENTATION_REPRESENTATION (  '', ( #1182 ), #3816 ) ;
#4352 = EDGE_CURVE ( 'NONE', #428, #3478, #569, .T. ) ;
#4353 = ORIENTED_EDGE ( 'NONE', *, *, #4343, .F. ) ;
#4354 = UNCERTAINTY_MEASURE_WITH_UNIT (LENGTH_MEASURE( 1.000000000000000082E-05 ), #2412, 'distance_accuracy_value', 'NONE');
#4355 = ORIENTED_EDGE ( 'NONE', *, *, #1261, .F. ) ;
#4356 = CARTESIAN_POINT ( 'NONE',  ( -2.187500000000001332, -1.000000000000000000, 0.08750000000000053568 ) ) ;
#4357 = FILL_AREA_STYLE_COLOUR ( '', #4117 ) ;
#4358 = ORIENTED_EDGE ( 'NONE', *, *, #2245, .F. ) ;
#4359 =( GEOMETRIC_REPRESENTATION_CONTEXT ( 3 ) GLOBAL_UNCERTAINTY_ASSIGNED_CONTEXT ( ( #1745 ) ) GLOBAL_UNIT_ASSIGNED_CONTEXT ( ( #691, #755, #800 ) ) REPRESENTATION_CONTEXT ( 'NONE', 'WORKASPACE' ) );
#4360 = CARTESIAN_POINT ( 'NONE',  ( 1.464999999999999636, -1.254885260326702667, -1.111385853898029463 ) ) ;
#4361 = FILL_AREA_STYLE_COLOUR ( '', #1857 ) ;
#4362 = CARTESIAN_POINT ( 'NONE',  ( -1.404999999999999805, -1.248579006210762232, -1.171385853898029517 ) ) ;
#4363 = DIRECTION ( 'NONE',  ( 0.000000000000000000, 0.000000000000000000, 1.000000000000000000 ) ) ;
#4364 =( NAMED_UNIT ( * ) SI_UNIT ( $, .STERADIAN. ) SOLID_ANGLE_UNIT ( ) );
#4365 = DIRECTION ( 'NONE',  ( 0.000000000000000000, 0.000000000000000000, 1.000000000000000000 ) ) ;
#4366 =( LENGTH_UNIT ( ) NAMED_UNIT ( * ) SI_UNIT ( .MILLI., .METRE. ) );
#4367 = MANIFOLD_SOLID_BREP ( 'Boss-Extrude5', #2188 ) ;
#4368 = STYLED_ITEM ( 'NONE', ( #344 ), #2027 ) ;
#4369 = VECTOR ( 'NONE', #3036, 1000.000000000000000 ) ;
#4370 = CARTESIAN_POINT ( 'NONE',  ( -2.044952048055268090, 1.219952048055270133, 1.176749999999999741 ) ) ;
#4371 = DIRECTION ( 'NONE',  ( 1.000000000000000000, 0.000000000000000000, -0.000000000000000000 ) ) ;
#4372 = CIRCLE ( 'NONE', #915, 0.02999999999999996073 ) ;
#4373 = EDGE_CURVE ( 'NONE', #690, #1027, #4457, .T. ) ;
#4374 = AXIS2_PLACEMENT_3D ( 'NONE', #1363, #4235, #4262 ) ;
#4375 = ORIENTED_EDGE ( 'NONE', *, *, #3983, .F. ) ;
#4376 = EDGE_LOOP ( 'NONE', ( #1825, #169, #1192, #2656, #2754, #4143, #827, #2987, #1101, #3832, #3681, #2035 ) ) ;
#4377 =( LENGTH_UNIT ( ) NAMED_UNIT ( * ) SI_UNIT ( .MILLI., .METRE. ) );
#4378 = CARTESIAN_POINT ( 'NONE',  ( 1.404999999999999583, 1.243706871726013130, -1.217741117055924249 ) ) ;
#4379 = EDGE_CURVE ( 'NONE', #1027, #2416, #2275, .T. ) ;
#4380 = ORIENTED_EDGE ( 'NONE', *, *, #2033, .T. ) ;
#4381 = DIRECTION ( 'NONE',  ( -7.267828407699359644E-15, 1.000000000000000000, -0.000000000000000000 ) ) ;
#4382 = PRESENTATION_STYLE_ASSIGNMENT (( #3637 ) ) ;
#4383 = ORIENTED_EDGE ( 'NONE', *, *, #871, .T. ) ;
#4384 =( LENGTH_UNIT ( ) NAMED_UNIT ( * ) SI_UNIT ( .MILLI., .METRE. ) );
#4385 = FILL_AREA_STYLE ('',( #523 ) ) ;
#4386 = VECTOR ( 'NONE', #1853, 1000.000000000000000 ) ;
#4387 =( NAMED_UNIT ( * ) SI_UNIT ( $, .STERADIAN. ) SOLID_ANGLE_UNIT ( ) );
#4388 = FACE_OUTER_BOUND ( 'NONE', #2401, .T. ) ;
#4389 = CARTESIAN_POINT ( 'NONE',  ( -1.404999999999999583, -1.362499999999999600, -0.08749999999999999445 ) ) ;
#4390 = UNCERTAINTY_MEASURE_WITH_UNIT (LENGTH_MEASURE( 1.000000000000000082E-05 ), #2005, 'distance_accuracy_value', 'NONE');
#4391 = CARTESIAN_POINT ( 'NONE',  ( 2.350000000000000089, -1.000000000000000000, -0.1624999999999997835 ) ) ;
#4392 = SURFACE_SIDE_STYLE ('',( #781 ) ) ;
#4393 = FILL_AREA_STYLE_COLOUR ( '', #1856 ) ;
#4394 = CARTESIAN_POINT ( 'NONE',  ( 2.350000000000000533, -1.000000000000000000, 0.08750000000000000833 ) ) ;
#4395 = VERTEX_POINT ( 'NONE', #550 ) ;
#4396 = ORIENTED_EDGE ( 'NONE', *, *, #3723, .T. ) ;
#4397 = FILL_AREA_STYLE_COLOUR ( '', #2793 ) ;
#4398 = ADVANCED_FACE ( 'NONE', ( #3760 ), #1945, .F. ) ;
#4399 =( NAMED_UNIT ( * ) PLANE_ANGLE_UNIT ( ) SI_UNIT ( $, .RADIAN. ) );
#4400 = MECHANICAL_DESIGN_GEOMETRIC_PRESENTATION_REPRESENTATION (  '', ( #2683 ), #3491 ) ;
#4401 = ORIENTED_EDGE ( 'NONE', *, *, #1152, .F. ) ;
#4402 = CARTESIAN_POINT ( 'NONE',  ( -2.425000000000000266, -1.000000000000000000, -0.2124999999999986899 ) ) ;
#4403 = EDGE_LOOP ( 'NONE', ( #1871, #3718, #492, #2733 ) ) ;
#4404 = CARTESIAN_POINT ( 'NONE',  ( 2.600000000000000089, 1.000000000000000000, -0.1624999999999998113 ) ) ;
#4405 = CARTESIAN_POINT ( 'NONE',  ( -2.187499999999999112, 1.362500000000000488, 0.08749999999999999445 ) ) ;
#4406 =( LENGTH_UNIT ( ) NAMED_UNIT ( * ) SI_UNIT ( .MILLI., .METRE. ) );
#4407 = PRESENTATION_STYLE_ASSIGNMENT (( #2365 ) ) ;
#4408 = LINE ( 'NONE', #4090, #790 ) ;
#4409 = DIRECTION ( 'NONE',  ( -0.000000000000000000, 1.000000000000000000, -0.000000000000000000 ) ) ;
#4410 = SURFACE_SIDE_STYLE ('',( #2978 ) ) ;
#4411 = PRESENTATION_STYLE_ASSIGNMENT (( #2979 ) ) ;
#4412 =( GEOMETRIC_REPRESENTATION_CONTEXT ( 3 ) GLOBAL_UNCERTAINTY_ASSIGNED_CONTEXT ( ( #1926 ) ) GLOBAL_UNIT_ASSIGNED_CONTEXT ( ( #4091, #3734, #571 ) ) REPRESENTATION_CONTEXT ( 'NONE', 'WORKASPACE' ) );
#4413 = CARTESIAN_POINT ( 'NONE',  ( 2.157664343138952834, 1.362500000000000488, -0.08749999999999999445 ) ) ;
#4414 = AXIS2_PLACEMENT_3D ( 'NONE', #2668, #1582, #4080 ) ;
#4415 = VERTEX_POINT ( 'NONE', #1045 ) ;
#4416 = CYLINDRICAL_SURFACE ( 'NONE', #3312, 0.03000000000000018277 ) ;
#4417 = AXIS2_PLACEMENT_3D ( 'NONE', #4537, #1946, #1241 ) ;
#4418 = STYLED_ITEM ( 'NONE', ( #3946 ), #359 ) ;
#4419 = EDGE_LOOP ( 'NONE', ( #3516, #831, #1448, #2870 ) ) ;
#4420 = VERTEX_POINT ( 'NONE', #3900 ) ;
#4421 = SURFACE_STYLE_FILL_AREA ( #132 ) ;
#4422 = ORIENTED_EDGE ( 'NONE', *, *, #4509, .T. ) ;
#4423 = APPLICATION_PROTOCOL_DEFINITION ( 'draft international standard', 'automotive_design', 1998, #1376 ) ;
#4424 = LINE ( 'NONE', #2971, #1886 ) ;
#4425 = STYLED_ITEM ( 'NONE', ( #6 ), #1206 ) ;
#4426 = CARTESIAN_POINT ( 'NONE',  ( 2.300000000000000711, -1.000000000000000000, -0.08750000000000000833 ) ) ;
#4427 =( GEOMETRIC_REPRESENTATION_CONTEXT ( 3 ) GLOBAL_UNCERTAINTY_ASSIGNED_CONTEXT ( ( #3768 ) ) GLOBAL_UNIT_ASSIGNED_CONTEXT ( ( #1130, #2628, #2263 ) ) REPRESENTATION_CONTEXT ( 'NONE', 'WORKASPACE' ) );
#4428 = ADVANCED_FACE ( 'NONE', ( #725 ), #4322, .T. ) ;
#4429 = CARTESIAN_POINT ( 'NONE',  ( 2.071964169384206134, 1.249787704916318187, 1.159885853898029451 ) ) ;
#4430 = COLOUR_RGB ( '',0.8039215686274510109, 0.8039215686274510109, 0.8039215686274510109 ) ;
#4431 = CARTESIAN_POINT ( 'NONE',  ( -2.187499999999999112, -1.362499999999999600, 0.08749999999999999445 ) ) ;
#4432 = ORIENTED_EDGE ( 'NONE', *, *, #429, .F. ) ;
#4433 = SURFACE_SIDE_STYLE ('',( #4045 ) ) ;
#4434 =( LENGTH_UNIT ( ) NAMED_UNIT ( * ) SI_UNIT ( .MILLI., .METRE. ) );
#4435 = VECTOR ( 'NONE', #4070, 1000.000000000000000 ) ;
#4436 = EDGE_CURVE ( 'NONE', #281, #3473, #1787, .T. ) ;
#4437 = CARTESIAN_POINT ( 'NONE',  ( 2.044952048055270755, -1.219952048055269245, 1.186749999999999972 ) ) ;
#4438 = UNCERTAINTY_MEASURE_WITH_UNIT (LENGTH_MEASURE( 1.000000000000000082E-05 ), #3201, 'distance_accuracy_value', 'NONE');
#4439 = MECHANICAL_DESIGN_GEOMETRIC_PRESENTATION_REPRESENTATION (  '', ( #3673 ), #2103 ) ;
#4440 =( NAMED_UNIT ( * ) SI_UNIT ( $, .STERADIAN. ) SOLID_ANGLE_UNIT ( ) );
#4441 = EDGE_LOOP ( 'NONE', ( #3590, #4015, #986, #1042, #872, #995, #1153, #474, #4355, #3067, #665, #1587 ) ) ;
#4442 = CARTESIAN_POINT ( 'NONE',  ( 2.187500000000001332, -1.362499999999999600, 0.08749999999999999445 ) ) ;
#4443 = STYLED_ITEM ( 'NONE', ( #4097 ), #4130 ) ;
#4444 = SURFACE_STYLE_FILL_AREA ( #3009 ) ;
#4445 = PRODUCT_DEFINITION_CONTEXT ( 'detailed design', #3011, 'design' ) ;
#4446 = PRESENTATION_LAYER_ASSIGNMENT (  '', '', ( #3837 ) ) ;
#4447 = PRESENTATION_LAYER_ASSIGNMENT (  '', '', ( #3022 ) ) ;
#4448 =( NAMED_UNIT ( * ) PLANE_ANGLE_UNIT ( ) SI_UNIT ( $, .RADIAN. ) );
#4449 = VERTEX_POINT ( 'NONE', #2857 ) ;
#4450 = EDGE_LOOP ( 'NONE', ( #3336, #4504, #1062, #213, #4471 ) ) ;
#4451 = LINE ( 'NONE', #1560, #1402 ) ;
#4452 = VERTEX_POINT ( 'NONE', #1711 ) ;
#4453 = DIRECTION ( 'NONE',  ( 0.000000000000000000, 0.000000000000000000, 1.000000000000000000 ) ) ;
#4454 = PLANE ( 'NONE',  #641 ) ;
#4455 = DIRECTION ( 'NONE',  ( 0.000000000000000000, 0.000000000000000000, -1.000000000000000000 ) ) ;
#4456 = FILL_AREA_STYLE ('',( #3020 ) ) ;
#4457 = LINE ( 'NONE', #881, #2874 ) ;
#4458 = CARTESIAN_POINT ( 'NONE',  ( -2.600000000000000089, 1.000000000000000000, -0.1624999999999991729 ) ) ;
#4459 = CARTESIAN_POINT ( 'NONE',  ( -2.050049603465653902, 1.225049603465655501, -1.108249999999999957 ) ) ;
#4460 = EDGE_CURVE ( 'NONE', #690, #301, #3977, .T. ) ;
#4461 = PLANE ( 'NONE',  #4172 ) ;
#4462 =( NAMED_UNIT ( * ) SI_UNIT ( $, .STERADIAN. ) SOLID_ANGLE_UNIT ( ) );
#4463 = CARTESIAN_POINT ( 'NONE',  ( 2.187500000000001332, -1.000000000000000000, 0.08749999999999999445 ) ) ;
#4464 = EDGE_CURVE ( 'NONE', #3758, #2112, #4560, .T. ) ;
#4465 = DIRECTION ( 'NONE',  ( -1.000000000000000000, 0.000000000000000000, -0.000000000000000000 ) ) ;
#4466 = ORIENTED_EDGE ( 'NONE', *, *, #1483, .F. ) ;
#4467 = ORIENTED_EDGE ( 'NONE', *, *, #2972, .T. ) ;
#4468 = ORIENTED_EDGE ( 'NONE', *, *, #4534, .T. ) ;
#4469 =( NAMED_UNIT ( * ) SI_UNIT ( $, .STERADIAN. ) SOLID_ANGLE_UNIT ( ) );
#4470 =( LENGTH_UNIT ( ) NAMED_UNIT ( * ) SI_UNIT ( .MILLI., .METRE. ) );
#4471 = ORIENTED_EDGE ( 'NONE', *, *, #4373, .F. ) ;
#4472 = CARTESIAN_POINT ( 'NONE',  ( 1.434999999999999609, 1.240883336193900233, -1.214605263157894743 ) ) ;
#4473 = CARTESIAN_POINT ( 'NONE',  ( -2.187499999999999112, -1.332664343138951324, 0.08749999999999999445 ) ) ;
#4474 = CARTESIAN_POINT ( 'NONE',  ( 1.404999999999999583, -1.213871214864964410, -1.214605263157894743 ) ) ;
#4475 = VECTOR ( 'NONE', #2043, 1000.000000000000000 ) ;
#4476 = SURFACE_STYLE_FILL_AREA ( #1594 ) ;
#4477 = FILL_AREA_STYLE ('',( #483 ) ) ;
#4478 = CARTESIAN_POINT ( 'NONE',  ( -2.157499999999998863, -1.362499999999999600, 0.08749999999999999445 ) ) ;
#4479 = SURFACE_STYLE_FILL_AREA ( #3030 ) ;
#4480 = SURFACE_STYLE_FILL_AREA ( #3121 ) ;
#4481 = UNCERTAINTY_MEASURE_WITH_UNIT (LENGTH_MEASURE( 1.000000000000000082E-05 ), #1083, 'distance_accuracy_value', 'NONE');
#4482 = ADVANCED_FACE ( 'NONE', ( #2515 ), #1689, .T. ) ;
#4483 = VERTEX_POINT ( 'NONE', #2993 ) ;
#4484 = CARTESIAN_POINT ( 'NONE',  ( -1.479999999999999982, 1.000000000000000000, -1.313249999999999806 ) ) ;
#4485 = MECHANICAL_DESIGN_GEOMETRIC_PRESENTATION_REPRESENTATION (  '', ( #2399 ), #4027 ) ;
#4486 = EDGE_CURVE ( 'NONE', #2229, #2008, #3250, .T. ) ;
#4487 = LINE ( 'NONE', #2710, #987 ) ;
#4488 = VERTEX_POINT ( 'NONE', #2261 ) ;
#4489 = STYLED_ITEM ( 'NONE', ( #4583 ), #931 ) ;
#4490 = FACE_OUTER_BOUND ( 'NONE', #2135, .T. ) ;
#4491 = EDGE_LOOP ( 'NONE', ( #4168, #3454, #3329, #2617 ) ) ;
#4492 = STYLED_ITEM ( 'NONE', ( #2890 ), #3475 ) ;
#4493 = STYLED_ITEM ( 'NONE', ( #811 ), #947 ) ;
#4494 = CIRCLE ( 'NONE', #1928, 0.1249999999999992506 ) ;
#4495 = SURFACE_STYLE_FILL_AREA ( #1963 ) ;
#4496 = FILL_AREA_STYLE_COLOUR ( '', #1863 ) ;
#4497 = ORIENTED_EDGE ( 'NONE', *, *, #1164, .T. ) ;
#4498 = AXIS2_PLACEMENT_3D ( 'NONE', #3709, #4001, #2611 ) ;
#4499 = STYLED_ITEM ( 'NONE', ( #2679 ), #542 ) ;
#4500 = CARTESIAN_POINT ( 'NONE',  ( 2.187500000000001332, 1.362500000000000488, -0.08749999999999999445 ) ) ;
#4501 = LINE ( 'NONE', #3789, #622 ) ;
#4502 = PRESENTATION_LAYER_ASSIGNMENT (  '', '', ( #4287 ) ) ;
#4503 = FILL_AREA_STYLE_COLOUR ( '', #2847 ) ;
#4504 = ORIENTED_EDGE ( 'NONE', *, *, #2832, .F. ) ;
#4505 = CYLINDRICAL_SURFACE ( 'NONE', #1652, 0.03000000000000007869 ) ;
#4506 = COLOUR_RGB ( '',0.2862745098039215508, 0.2862745098039215508, 0.2862745098039215508 ) ;
#4507 = SURFACE_STYLE_FILL_AREA ( #1653 ) ;
#4508 = MECHANICAL_DESIGN_GEOMETRIC_PRESENTATION_REPRESENTATION (  '', ( #3747 ), #1490 ) ;
#4509 = EDGE_CURVE ( 'NONE', #1537, #1616, #1872, .T. ) ;
#4510 = PRESENTATION_LAYER_ASSIGNMENT (  '', '', ( #911 ) ) ;
#4511 = ORIENTED_EDGE ( 'NONE', *, *, #1885, .T. ) ;
#4512 = VERTEX_POINT ( 'NONE', #2165 ) ;
#4513 = ORIENTED_EDGE ( 'NONE', *, *, #861, .T. ) ;
#4514 =( NAMED_UNIT ( * ) SI_UNIT ( $, .STERADIAN. ) SOLID_ANGLE_UNIT ( ) );
#4515 = EDGE_CURVE ( 'NONE', #2534, #2229, #1816, .T. ) ;
#4516 = VECTOR ( 'NONE', #3794, 1000.000000000000000 ) ;
#4517 = ORIENTED_EDGE ( 'NONE', *, *, #4135, .T. ) ;
#4518 = FACE_OUTER_BOUND ( 'NONE', #4491, .T. ) ;
#4519 = SURFACE_STYLE_USAGE ( .BOTH. , #3857 ) ;
#4520 = SURFACE_STYLE_FILL_AREA ( #3026 ) ;
#4521 = PLANE ( 'NONE',  #2871 ) ;
#4522 = CARTESIAN_POINT ( 'NONE',  ( 2.079885260326704621, -1.225049603465654835, -1.111385853898029463 ) ) ;
#4523 = FILL_AREA_STYLE ('',( #3070 ) ) ;
#4524 = STYLED_ITEM ( 'NONE', ( #3360 ), #3117 ) ;
#4525 =( NAMED_UNIT ( * ) SI_UNIT ( $, .STERADIAN. ) SOLID_ANGLE_UNIT ( ) );
#4526 = UNCERTAINTY_MEASURE_WITH_UNIT (LENGTH_MEASURE( 1.000000000000000082E-05 ), #528, 'distance_accuracy_value', 'NONE');
#4527 = LINE ( 'NONE', #3183, #2457 ) ;
#4528 = ORIENTED_EDGE ( 'NONE', *, *, #3787, .F. ) ;
#4529 = ORIENTED_EDGE ( 'NONE', *, *, #2543, .T. ) ;
#4530 = ORIENTED_EDGE ( 'NONE', *, *, #3232, .T. ) ;
#4531 = EDGE_CURVE ( 'NONE', #3430, #3958, #134, .T. ) ;
#4532 = CARTESIAN_POINT ( 'NONE',  ( 1.404999999999999583, -1.362499999999999600, -0.08749999999999999445 ) ) ;
#4533 = ORIENTED_EDGE ( 'NONE', *, *, #1916, .T. ) ;
#4534 = EDGE_CURVE ( 'NONE', #3383, #1537, #434, .T. ) ;
#4535 = SURFACE_SIDE_STYLE ('',( #3134 ) ) ;
#4536 = ORIENTED_EDGE ( 'NONE', *, *, #1347, .T. ) ;
#4537 = CARTESIAN_POINT ( 'NONE',  ( 0.000000000000000000, 0.000000000000000000, 1.176749999999999741 ) ) ;
#4538 = DIRECTION ( 'NONE',  ( 2.492418787323000223E-16, -0.000000000000000000, 1.000000000000000000 ) ) ;
#4539 = CARTESIAN_POINT ( 'NONE',  ( 1.434999999999999609, 1.213871214864965298, -1.214605263157894743 ) ) ;
#4540 = PRESENTATION_LAYER_ASSIGNMENT (  '', '', ( #4087 ) ) ;
#4541 = EDGE_CURVE ( 'NONE', #2105, #2458, #2432, .T. ) ;
#4542 =( NAMED_UNIT ( * ) SI_UNIT ( $, .STERADIAN. ) SOLID_ANGLE_UNIT ( ) );
#4543 = SURFACE_STYLE_FILL_AREA ( #1673 ) ;
#4544 = CIRCLE ( 'NONE', #4161, 0.2499999999999997780 ) ;
#4545 = DIRECTION ( 'NONE',  ( 0.000000000000000000, -0.000000000000000000, 1.000000000000000000 ) ) ;
#4546 = ORIENTED_EDGE ( 'NONE', *, *, #170, .T. ) ;
#4547 = CARTESIAN_POINT ( 'NONE',  ( 2.187500000000001332, -1.362499999999999600, -0.08749999999999999445 ) ) ;
#4548 = ORIENTED_EDGE ( 'NONE', *, *, #3133, .T. ) ;
#4549 = EDGE_LOOP ( 'NONE', ( #2252, #1188, #4005, #2445, #3013, #4082 ) ) ;
#4550 = CARTESIAN_POINT ( 'NONE',  ( 1.464999999999999636, 1.225049603465655501, -1.108249999999999957 ) ) ;
#4551 = ORIENTED_EDGE ( 'NONE', *, *, #2989, .T. ) ;
#4552 = SURFACE_STYLE_FILL_AREA ( #4577 ) ;
#4553 = FILL_AREA_STYLE_COLOUR ( '', #3993 ) ;
#4554 = SURFACE_STYLE_USAGE ( .BOTH. , #289 ) ;
#4555 = STYLED_ITEM ( 'NONE', ( #4155 ), #793 ) ;
#4556 = CARTESIAN_POINT ( 'NONE',  ( 1.434999999999999609, 1.248579006210763120, -1.171385853898029517 ) ) ;
#4557 = DIRECTION ( 'NONE',  ( 0.000000000000000000, -0.9945218953682732899, -0.1045284632676538594 ) ) ;
#4558 = VERTEX_POINT ( 'NONE', #71 ) ;
#4559 =( GEOMETRIC_REPRESENTATION_CONTEXT ( 3 ) GLOBAL_UNCERTAINTY_ASSIGNED_CONTEXT ( ( #1053 ) ) GLOBAL_UNIT_ASSIGNED_CONTEXT ( ( #3518, #324, #1350 ) ) REPRESENTATION_CONTEXT ( 'NONE', 'WORKASPACE' ) );
#4560 = LINE ( 'NONE', #2786, #1881 ) ;
#4561 = CARTESIAN_POINT ( 'NONE',  ( -2.187499999999999112, -1.000000000000000000, -0.08749999999999999445 ) ) ;
#4562 = DIRECTION ( 'NONE',  ( -0.000000000000000000, 1.000000000000000000, 0.000000000000000000 ) ) ;
#4563 = EDGE_CURVE ( 'NONE', #2546, #979, #3471, .T. ) ;
#4564 = AXIS2_PLACEMENT_3D ( 'NONE', #3001, #3327, #1203 ) ;
#4565 =( GEOMETRIC_REPRESENTATION_CONTEXT ( 3 ) GLOBAL_UNCERTAINTY_ASSIGNED_CONTEXT ( ( #279 ) ) GLOBAL_UNIT_ASSIGNED_CONTEXT ( ( #4243, #1025, #4304 ) ) REPRESENTATION_CONTEXT ( 'NONE', 'WORKASPACE' ) );
#4566 = FACE_OUTER_BOUND ( 'NONE', #2288, .T. ) ;
#4567 = DIRECTION ( 'NONE',  ( 0.000000000000000000, 1.000000000000000000, 0.000000000000000000 ) ) ;
#4568 = FILL_AREA_STYLE_COLOUR ( '', #842 ) ;
#4569 = UNCERTAINTY_MEASURE_WITH_UNIT (LENGTH_MEASURE( 1.000000000000000082E-05 ), #3876, 'distance_accuracy_value', 'NONE');
#4570 = AXIS2_PLACEMENT_3D ( 'NONE', #4330, #3883, #689 ) ;
#4571 = ADVANCED_FACE ( 'NONE', ( #3318 ), #2192, .T. ) ;
#4572 = VECTOR ( 'NONE', #3482, 1000.000000000000000 ) ;
#4573 = ORIENTED_EDGE ( 'NONE', *, *, #3481, .T. ) ;
#4574 = CARTESIAN_POINT ( 'NONE',  ( 1.434999999999999609, -1.248579006210762232, -1.171385853898029517 ) ) ;
#4575 = ORIENTED_EDGE ( 'NONE', *, *, #2972, .F. ) ;
#4576 = CARTESIAN_POINT ( 'NONE',  ( -2.044952048055268090, -1.219952048055269245, 1.186749999999999972 ) ) ;
#4577 = FILL_AREA_STYLE ('',( #3499 ) ) ;
#4578 = CARTESIAN_POINT ( 'NONE',  ( 2.187500000000001332, -1.332664343138951324, 0.08749999999999999445 ) ) ;
#4579 = STYLED_ITEM ( 'NONE', ( #1328 ), #3895 ) ;
#4580 =( GEOMETRIC_REPRESENTATION_CONTEXT ( 3 ) GLOBAL_UNCERTAINTY_ASSIGNED_CONTEXT ( ( #1186 ) ) GLOBAL_UNIT_ASSIGNED_CONTEXT ( ( #2301, #2687, #2253 ) ) REPRESENTATION_CONTEXT ( 'NONE', 'WORKASPACE' ) );
#4581 = FILL_AREA_STYLE ('',( #3804 ) ) ;
#4582 = VERTEX_POINT ( 'NONE', #1894 ) ;
#4583 = PRESENTATION_STYLE_ASSIGNMENT (( #2417 ) ) ;
#4584 = STYLED_ITEM ( 'NONE', ( #1775 ), #48 ) ;
#4585 = DIRECTION ( 'NONE',  ( 0.000000000000000000, 0.000000000000000000, -1.000000000000000000 ) ) ;
#4586 = AXIS2_PLACEMENT_3D ( 'NONE', #4338, #2970, #3639 ) ;
#4587 =( NAMED_UNIT ( * ) PLANE_ANGLE_UNIT ( ) SI_UNIT ( $, .RADIAN. ) );
#4588 = EDGE_CURVE ( 'NONE', #1016, #926, #1630, .T. ) ;
#4589 =( NAMED_UNIT ( * ) PLANE_ANGLE_UNIT ( ) SI_UNIT ( $, .RADIAN. ) );
#4590 = PRESENTATION_STYLE_ASSIGNMENT (( #540 ) ) ;
#4591 = ORIENTED_EDGE ( 'NONE', *, *, #2196, .T. ) ;
#4592 = DIRECTION ( 'NONE',  ( 0.1039620511844979306, 0.1039620511844979306, -0.9891328443778538704 ) ) ;
#4593 = PRESENTATION_LAYER_ASSIGNMENT (  '', '', ( #2044 ) ) ;
#4594 = DIRECTION ( 'NONE',  ( -0.1039620511844960016, -0.1039620511844990408, -0.9891328443778540924 ) ) ;
#4595 = ORIENTED_EDGE ( 'NONE', *, *, #231, .T. ) ;
#4596 = EDGE_CURVE ( 'NONE', #3553, #2314, #2921, .T. ) ;
#4597 = VERTEX_POINT ( 'NONE', #1851 ) ;
#4598 = CYLINDRICAL_SURFACE ( 'NONE', #1064, 0.03000000000000007869 ) ;
#4599 = PRESENTATION_STYLE_ASSIGNMENT (( #65 ) ) ;
#4600 = CARTESIAN_POINT ( 'NONE',  ( -2.187499999999999112, -1.362499999999999600, -0.08749999999999999445 ) ) ;
#4601 = CARTESIAN_POINT ( 'NONE',  ( 2.050049603465656123, 1.225049603465655501, -1.108249999999999957 ) ) ;
#4602 = SURFACE_STYLE_USAGE ( .BOTH. , #1735 ) ;
#4603 = VERTEX_POINT ( 'NONE', #110 ) ;
#4604 = CARTESIAN_POINT ( 'NONE',  ( 2.187404244550524179, -1.350085373081352902, -0.08840981203789709253 ) ) ;
#4605 = CARTESIAN_POINT ( 'NONE',  ( -1.433328814899649029, -1.250277334767676551, -1.155227337044513414 ) ) ;
#4606 = CARTESIAN_POINT ( 'NONE',  ( -1.404999999999999583, 1.243706871726013130, -1.217741117055924249 ) ) ;
ENDSEC;
END-ISO-10303-21;
