ISO-10303-21;
HEADER;
/* Generated by software containing ST-Developer
 * from STEP Tools, Inc. (www.steptools.com) 
 */

FILE_DESCRIPTION(
/* description */ ('TACTILE SWITCH, SURFACE MOUNT'),
/* implementation_level */ '2;1');

FILE_NAME(
/* name */ 'Y:\\Drawings, 3D Files\\CIT\\Switches\\CS1213\\CS1213AGF26
0.stp',
/* time_stamp */ '2023-05-09T13:13:13-05:00',
/* author */ ('cnher'),
/* organization */ (''),
/* preprocessor_version */ 'ST-DEVELOPER v19',
/* originating_system */ 'Autodesk Inventor 2023',
/* authorisation */ '');

FILE_SCHEMA (('AUTOMOTIVE_DESIGN { 1 0 10303 214 3 1 1 }'));
ENDSEC;

DATA;
#10=MECHANICAL_DESIGN_GEOMETRIC_PRESENTATION_REPRESENTATION('',(#39,#40,
#41,#42),#7717);
#11=ITEM_DEFINED_TRANSFORMATION($,$,#4645,#5047);
#12=ITEM_DEFINED_TRANSFORMATION($,$,#4864,#5048);
#13=ITEM_DEFINED_TRANSFORMATION($,$,#4878,#5049);
#14=ITEM_DEFINED_TRANSFORMATION($,$,#5040,#5050);
#15=ITEM_DEFINED_TRANSFORMATION($,$,#5040,#5051);
#16=(
REPRESENTATION_RELATIONSHIP($,$,#7738,#7737)
REPRESENTATION_RELATIONSHIP_WITH_TRANSFORMATION(#11)
SHAPE_REPRESENTATION_RELATIONSHIP()
);
#17=(
REPRESENTATION_RELATIONSHIP($,$,#7739,#7737)
REPRESENTATION_RELATIONSHIP_WITH_TRANSFORMATION(#12)
SHAPE_REPRESENTATION_RELATIONSHIP()
);
#18=(
REPRESENTATION_RELATIONSHIP($,$,#7740,#7737)
REPRESENTATION_RELATIONSHIP_WITH_TRANSFORMATION(#13)
SHAPE_REPRESENTATION_RELATIONSHIP()
);
#19=(
REPRESENTATION_RELATIONSHIP($,$,#7741,#7737)
REPRESENTATION_RELATIONSHIP_WITH_TRANSFORMATION(#14)
SHAPE_REPRESENTATION_RELATIONSHIP()
);
#20=(
REPRESENTATION_RELATIONSHIP($,$,#7741,#7737)
REPRESENTATION_RELATIONSHIP_WITH_TRANSFORMATION(#15)
SHAPE_REPRESENTATION_RELATIONSHIP()
);
#21=CONTEXT_DEPENDENT_SHAPE_REPRESENTATION(#16,#7732);
#22=CONTEXT_DEPENDENT_SHAPE_REPRESENTATION(#17,#7733);
#23=CONTEXT_DEPENDENT_SHAPE_REPRESENTATION(#18,#7734);
#24=CONTEXT_DEPENDENT_SHAPE_REPRESENTATION(#19,#7735);
#25=CONTEXT_DEPENDENT_SHAPE_REPRESENTATION(#20,#7736);
#26=NEXT_ASSEMBLY_USAGE_OCCURRENCE('CS1213AGF_Housing:1',
'CS1213AGF_Housing:1','CS1213AGF_Housing:1',#7743,#7744,
'CS1213AGF_Housing:1');
#27=NEXT_ASSEMBLY_USAGE_OCCURRENCE('Actuator:1','Actuator:1',
'Actuator:1',#7743,#7745,'Actuator:1');
#28=NEXT_ASSEMBLY_USAGE_OCCURRENCE('CS1213_Cover:1','CS1213_Cover:1',
'CS1213_Cover:1',#7743,#7746,'CS1213_Cover:1');
#29=NEXT_ASSEMBLY_USAGE_OCCURRENCE('CS1213_Terminal:1',
'CS1213_Terminal:1','CS1213_Terminal:1',#7743,#7747,'CS1213_Terminal:1');
#30=NEXT_ASSEMBLY_USAGE_OCCURRENCE('CS1213_Terminal:2',
'CS1213_Terminal:2','CS1213_Terminal:2',#7743,#7747,'CS1213_Terminal:2');
#31=SHAPE_REPRESENTATION_RELATIONSHIP('SRR','None',#7738,#35);
#32=SHAPE_REPRESENTATION_RELATIONSHIP('SRR','None',#7739,#36);
#33=SHAPE_REPRESENTATION_RELATIONSHIP('SRR','None',#7740,#37);
#34=SHAPE_REPRESENTATION_RELATIONSHIP('SRR','None',#7741,#38);
#35=ADVANCED_BREP_SHAPE_REPRESENTATION('',(#43),#7713);
#36=ADVANCED_BREP_SHAPE_REPRESENTATION('',(#44),#7714);
#37=ADVANCED_BREP_SHAPE_REPRESENTATION('',(#45),#7715);
#38=ADVANCED_BREP_SHAPE_REPRESENTATION('',(#46),#7716);
#39=STYLED_ITEM('',(#4587),#43);
#40=STYLED_ITEM('',(#4588),#44);
#41=STYLED_ITEM('',(#4589),#45);
#42=STYLED_ITEM('',(#4589),#46);
#43=MANIFOLD_SOLID_BREP('Solid1',#4535);
#44=MANIFOLD_SOLID_BREP('Solid1',#4536);
#45=MANIFOLD_SOLID_BREP('Solid1',#4537);
#46=MANIFOLD_SOLID_BREP('Solid1',#4538);
#47=B_SPLINE_CURVE_WITH_KNOTS('',3,(#6660,#6661,#6662,#6663,#6664,#6665,
#6666,#6667,#6668,#6669),.UNSPECIFIED.,.F.,.F.,(4,2,2,2,4),(0.,0.000865705644311067,
0.0017998327973612,0.0027604423848401,0.00284948612857917),
 .UNSPECIFIED.);
#48=B_SPLINE_CURVE_WITH_KNOTS('',3,(#6696,#6697,#6698,#6699,#6700,#6701,
#6702,#6703,#6704,#6705),.UNSPECIFIED.,.F.,.F.,(4,2,2,2,4),(-0.000109467154875295,
0.,0.00118093864957922,0.00232932075302219,0.00339358793076138),
 .UNSPECIFIED.);
#49=B_SPLINE_CURVE_WITH_KNOTS('',3,(#6755,#6756,#6757,#6758,#6759,#6760,
#6761,#6762,#6763,#6764),.UNSPECIFIED.,.F.,.F.,(4,2,2,2,4),(0.,0.000865705644277431,
0.00179983279725696,0.00276044238466414,0.00284948612839548),
 .UNSPECIFIED.);
#50=B_SPLINE_CURVE_WITH_KNOTS('',3,(#6795,#6796,#6797,#6798,#6799,#6800,
#6801,#6802,#6803,#6804),.UNSPECIFIED.,.F.,.F.,(4,2,2,2,4),(-0.000109467154872387,
0.,0.00118093864957973,0.00232932075302548,0.00339358793073428),
 .UNSPECIFIED.);
#51=TOROIDAL_SURFACE('',#4698,0.0400000000000003,0.00999999999999984);
#52=TOROIDAL_SURFACE('',#4719,0.04,0.01);
#53=TOROIDAL_SURFACE('',#4750,0.0399999999999997,0.01);
#54=TOROIDAL_SURFACE('',#4772,0.0399999999999996,0.01);
#55=TOROIDAL_SURFACE('',#4865,0.775,0.1);
#56=FACE_BOUND('',#611,.T.);
#57=FACE_BOUND('',#745,.T.);
#58=FACE_BOUND('',#800,.T.);
#59=FACE_BOUND('',#838,.T.);
#60=PLANE('',#4664);
#61=PLANE('',#4665);
#62=PLANE('',#4674);
#63=PLANE('',#4675);
#64=PLANE('',#4694);
#65=PLANE('',#4695);
#66=PLANE('',#4743);
#67=PLANE('',#4744);
#68=PLANE('',#4745);
#69=PLANE('',#4746);
#70=PLANE('',#4747);
#71=PLANE('',#4795);
#72=PLANE('',#4796);
#73=PLANE('',#4797);
#74=PLANE('',#4798);
#75=PLANE('',#4799);
#76=PLANE('',#4800);
#77=PLANE('',#4801);
#78=PLANE('',#4802);
#79=PLANE('',#4803);
#80=PLANE('',#4804);
#81=PLANE('',#4807);
#82=PLANE('',#4808);
#83=PLANE('',#4811);
#84=PLANE('',#4812);
#85=PLANE('',#4813);
#86=PLANE('',#4814);
#87=PLANE('',#4815);
#88=PLANE('',#4817);
#89=PLANE('',#4819);
#90=PLANE('',#4821);
#91=PLANE('',#4823);
#92=PLANE('',#4824);
#93=PLANE('',#4825);
#94=PLANE('',#4826);
#95=PLANE('',#4827);
#96=PLANE('',#4828);
#97=PLANE('',#4829);
#98=PLANE('',#4830);
#99=PLANE('',#4831);
#100=PLANE('',#4832);
#101=PLANE('',#4833);
#102=PLANE('',#4834);
#103=PLANE('',#4835);
#104=PLANE('',#4836);
#105=PLANE('',#4837);
#106=PLANE('',#4838);
#107=PLANE('',#4839);
#108=PLANE('',#4840);
#109=PLANE('',#4841);
#110=PLANE('',#4842);
#111=PLANE('',#4843);
#112=PLANE('',#4844);
#113=PLANE('',#4845);
#114=PLANE('',#4846);
#115=PLANE('',#4847);
#116=PLANE('',#4848);
#117=PLANE('',#4849);
#118=PLANE('',#4850);
#119=PLANE('',#4851);
#120=PLANE('',#4852);
#121=PLANE('',#4853);
#122=PLANE('',#4854);
#123=PLANE('',#4855);
#124=PLANE('',#4856);
#125=PLANE('',#4857);
#126=PLANE('',#4858);
#127=PLANE('',#4859);
#128=PLANE('',#4860);
#129=PLANE('',#4861);
#130=PLANE('',#4862);
#131=PLANE('',#4863);
#132=PLANE('',#4871);
#133=PLANE('',#4872);
#134=PLANE('',#4873);
#135=PLANE('',#4874);
#136=PLANE('',#4875);
#137=PLANE('',#4876);
#138=PLANE('',#4877);
#139=PLANE('',#4882);
#140=PLANE('',#4883);
#141=PLANE('',#4893);
#142=PLANE('',#4897);
#143=PLANE('',#4905);
#144=PLANE('',#4910);
#145=PLANE('',#4915);
#146=PLANE('',#4918);
#147=PLANE('',#4921);
#148=PLANE('',#4924);
#149=PLANE('',#4927);
#150=PLANE('',#4930);
#151=PLANE('',#4935);
#152=PLANE('',#4938);
#153=PLANE('',#4941);
#154=PLANE('',#4942);
#155=PLANE('',#4943);
#156=PLANE('',#4944);
#157=PLANE('',#4945);
#158=PLANE('',#4946);
#159=PLANE('',#4947);
#160=PLANE('',#4948);
#161=PLANE('',#4949);
#162=PLANE('',#4950);
#163=PLANE('',#4951);
#164=PLANE('',#4955);
#165=PLANE('',#4956);
#166=PLANE('',#4958);
#167=PLANE('',#4964);
#168=PLANE('',#4966);
#169=PLANE('',#4969);
#170=PLANE('',#4970);
#171=PLANE('',#4971);
#172=PLANE('',#4972);
#173=PLANE('',#4978);
#174=PLANE('',#4979);
#175=PLANE('',#4980);
#176=PLANE('',#4981);
#177=PLANE('',#4982);
#178=PLANE('',#4983);
#179=PLANE('',#4984);
#180=PLANE('',#4985);
#181=PLANE('',#4986);
#182=PLANE('',#4987);
#183=PLANE('',#4988);
#184=PLANE('',#4992);
#185=PLANE('',#4993);
#186=PLANE('',#4994);
#187=PLANE('',#4996);
#188=PLANE('',#4998);
#189=PLANE('',#4999);
#190=PLANE('',#5000);
#191=PLANE('',#5005);
#192=PLANE('',#5006);
#193=PLANE('',#5007);
#194=PLANE('',#5009);
#195=PLANE('',#5011);
#196=PLANE('',#5012);
#197=PLANE('',#5013);
#198=PLANE('',#5015);
#199=PLANE('',#5016);
#200=PLANE('',#5019);
#201=PLANE('',#5022);
#202=PLANE('',#5023);
#203=PLANE('',#5024);
#204=PLANE('',#5028);
#205=PLANE('',#5029);
#206=PLANE('',#5031);
#207=PLANE('',#5033);
#208=PLANE('',#5034);
#209=PLANE('',#5035);
#210=PLANE('',#5036);
#211=PLANE('',#5038);
#212=PLANE('',#5039);
#213=PLANE('',#5041);
#214=PLANE('',#5042);
#215=PLANE('',#5043);
#216=PLANE('',#5044);
#217=PLANE('',#5045);
#218=PLANE('',#5046);
#219=CIRCLE('',#4650,0.01);
#220=CIRCLE('',#4651,0.01);
#221=CIRCLE('',#4652,0.01);
#222=CIRCLE('',#4654,0.01);
#223=CIRCLE('',#4655,0.01);
#224=CIRCLE('',#4656,0.01);
#225=CIRCLE('',#4658,0.01);
#226=CIRCLE('',#4662,0.01);
#227=CIRCLE('',#4666,0.01);
#228=CIRCLE('',#4667,0.01);
#229=CIRCLE('',#4668,0.01);
#230=CIRCLE('',#4669,0.01);
#231=CIRCLE('',#4670,0.16);
#232=CIRCLE('',#4671,0.16);
#233=CIRCLE('',#4672,0.16);
#234=CIRCLE('',#4673,0.16);
#235=CIRCLE('',#4680,0.01);
#236=CIRCLE('',#4681,0.01);
#237=CIRCLE('',#4682,0.01);
#238=CIRCLE('',#4684,0.01);
#239=CIRCLE('',#4687,0.01);
#240=CIRCLE('',#4688,0.01);
#241=CIRCLE('',#4689,0.01);
#242=CIRCLE('',#4693,0.01);
#243=CIRCLE('',#4699,0.05);
#244=CIRCLE('',#4700,0.01);
#245=CIRCLE('',#4701,0.0399999999999999);
#246=CIRCLE('',#4702,0.00999999999999984);
#247=CIRCLE('',#4705,0.0100000000000001);
#248=CIRCLE('',#4706,0.01);
#249=CIRCLE('',#4707,0.01);
#250=CIRCLE('',#4720,0.05);
#251=CIRCLE('',#4721,0.01);
#252=CIRCLE('',#4722,0.0399999999999999);
#253=CIRCLE('',#4723,0.01);
#254=CIRCLE('',#4725,0.01);
#255=CIRCLE('',#4726,0.01);
#256=CIRCLE('',#4727,0.0100000000000001);
#257=CIRCLE('',#4731,0.05);
#258=CIRCLE('',#4740,0.05);
#259=CIRCLE('',#4751,0.0399999999999999);
#260=CIRCLE('',#4752,0.01);
#261=CIRCLE('',#4753,0.05);
#262=CIRCLE('',#4754,0.01);
#263=CIRCLE('',#4757,0.05);
#264=CIRCLE('',#4759,0.01);
#265=CIRCLE('',#4760,0.01);
#266=CIRCLE('',#4761,0.0100000000000001);
#267=CIRCLE('',#4773,0.0399999999999999);
#268=CIRCLE('',#4774,0.00999999999999984);
#269=CIRCLE('',#4775,0.05);
#270=CIRCLE('',#4776,0.01);
#271=CIRCLE('',#4778,0.00999999999999994);
#272=CIRCLE('',#4779,0.01);
#273=CIRCLE('',#4780,0.01);
#274=CIRCLE('',#4786,0.05);
#275=CIRCLE('',#4805,0.16);
#276=CIRCLE('',#4806,0.16);
#277=CIRCLE('',#4809,0.16);
#278=CIRCLE('',#4810,0.16);
#279=CIRCLE('',#4866,0.875);
#280=CIRCLE('',#4867,0.1);
#281=CIRCLE('',#4868,0.775);
#282=CIRCLE('',#4870,0.875);
#283=CIRCLE('',#4880,0.08);
#284=CIRCLE('',#4881,0.08);
#285=CIRCLE('',#4884,0.1);
#286=CIRCLE('',#4885,0.02);
#287=CIRCLE('',#4886,0.02);
#288=CIRCLE('',#4887,0.1);
#289=CIRCLE('',#4888,0.08);
#290=CIRCLE('',#4889,0.08);
#291=CIRCLE('',#4890,0.08);
#292=CIRCLE('',#4892,0.08);
#293=CIRCLE('',#4895,0.08);
#294=CIRCLE('',#4896,0.08);
#295=CIRCLE('',#4898,0.08);
#296=CIRCLE('',#4899,0.08);
#297=CIRCLE('',#4900,0.08);
#298=CIRCLE('',#4901,0.1);
#299=CIRCLE('',#4902,0.02);
#300=CIRCLE('',#4903,0.02);
#301=CIRCLE('',#4904,0.1);
#302=CIRCLE('',#4907,0.08);
#303=CIRCLE('',#4909,0.08);
#304=CIRCLE('',#4912,0.08);
#305=CIRCLE('',#4914,0.08);
#306=CIRCLE('',#4917,0.08);
#307=CIRCLE('',#4920,0.02);
#308=CIRCLE('',#4923,0.02);
#309=CIRCLE('',#4926,0.02);
#310=CIRCLE('',#4929,0.02);
#311=CIRCLE('',#4932,0.1);
#312=CIRCLE('',#4934,0.1);
#313=CIRCLE('',#4937,0.1);
#314=CIRCLE('',#4940,0.1);
#315=CIRCLE('',#4953,0.1875);
#316=CIRCLE('',#4954,0.1875);
#317=CIRCLE('',#4957,0.0375);
#318=CIRCLE('',#4959,0.0375);
#319=CIRCLE('',#4962,0.1875);
#320=CIRCLE('',#4963,0.1875);
#321=CIRCLE('',#4965,0.0375);
#322=CIRCLE('',#4967,0.0375);
#323=CIRCLE('',#4973,0.0375);
#324=CIRCLE('',#4974,0.0375);
#325=CIRCLE('',#4975,0.0375);
#326=CIRCLE('',#4976,0.0374999999999999);
#327=CIRCLE('',#4977,0.95);
#328=CIRCLE('',#4990,0.1875);
#329=CIRCLE('',#4991,0.1875);
#330=CIRCLE('',#4995,0.0375);
#331=CIRCLE('',#4997,0.0375);
#332=CIRCLE('',#5003,0.1875);
#333=CIRCLE('',#5004,0.1875);
#334=CIRCLE('',#5008,0.0375);
#335=CIRCLE('',#5010,0.0375);
#336=CIRCLE('',#5018,0.0375);
#337=CIRCLE('',#5021,0.0374999999999999);
#338=CIRCLE('',#5025,0.0375);
#339=CIRCLE('',#5026,0.0375);
#340=CIRCLE('',#5027,0.95);
#341=SPHERICAL_SURFACE('',#4649,0.01);
#342=SPHERICAL_SURFACE('',#4653,0.01);
#343=SPHERICAL_SURFACE('',#4679,0.01);
#344=SPHERICAL_SURFACE('',#4686,0.01);
#345=SPHERICAL_SURFACE('',#4704,0.01);
#346=SPHERICAL_SURFACE('',#4724,0.01);
#347=SPHERICAL_SURFACE('',#4758,0.01);
#348=SPHERICAL_SURFACE('',#4777,0.01);
#349=FACE_OUTER_BOUND('',#601,.T.);
#350=FACE_OUTER_BOUND('',#602,.T.);
#351=FACE_OUTER_BOUND('',#603,.T.);
#352=FACE_OUTER_BOUND('',#604,.T.);
#353=FACE_OUTER_BOUND('',#605,.T.);
#354=FACE_OUTER_BOUND('',#606,.T.);
#355=FACE_OUTER_BOUND('',#607,.T.);
#356=FACE_OUTER_BOUND('',#608,.T.);
#357=FACE_OUTER_BOUND('',#609,.T.);
#358=FACE_OUTER_BOUND('',#610,.T.);
#359=FACE_OUTER_BOUND('',#612,.T.);
#360=FACE_OUTER_BOUND('',#613,.T.);
#361=FACE_OUTER_BOUND('',#614,.T.);
#362=FACE_OUTER_BOUND('',#615,.T.);
#363=FACE_OUTER_BOUND('',#616,.T.);
#364=FACE_OUTER_BOUND('',#617,.T.);
#365=FACE_OUTER_BOUND('',#618,.T.);
#366=FACE_OUTER_BOUND('',#619,.T.);
#367=FACE_OUTER_BOUND('',#620,.T.);
#368=FACE_OUTER_BOUND('',#621,.T.);
#369=FACE_OUTER_BOUND('',#622,.T.);
#370=FACE_OUTER_BOUND('',#623,.T.);
#371=FACE_OUTER_BOUND('',#624,.T.);
#372=FACE_OUTER_BOUND('',#625,.T.);
#373=FACE_OUTER_BOUND('',#626,.T.);
#374=FACE_OUTER_BOUND('',#627,.T.);
#375=FACE_OUTER_BOUND('',#628,.T.);
#376=FACE_OUTER_BOUND('',#629,.T.);
#377=FACE_OUTER_BOUND('',#630,.T.);
#378=FACE_OUTER_BOUND('',#631,.T.);
#379=FACE_OUTER_BOUND('',#632,.T.);
#380=FACE_OUTER_BOUND('',#633,.T.);
#381=FACE_OUTER_BOUND('',#634,.T.);
#382=FACE_OUTER_BOUND('',#635,.T.);
#383=FACE_OUTER_BOUND('',#636,.T.);
#384=FACE_OUTER_BOUND('',#637,.T.);
#385=FACE_OUTER_BOUND('',#638,.T.);
#386=FACE_OUTER_BOUND('',#639,.T.);
#387=FACE_OUTER_BOUND('',#640,.T.);
#388=FACE_OUTER_BOUND('',#641,.T.);
#389=FACE_OUTER_BOUND('',#642,.T.);
#390=FACE_OUTER_BOUND('',#643,.T.);
#391=FACE_OUTER_BOUND('',#644,.T.);
#392=FACE_OUTER_BOUND('',#645,.T.);
#393=FACE_OUTER_BOUND('',#646,.T.);
#394=FACE_OUTER_BOUND('',#647,.T.);
#395=FACE_OUTER_BOUND('',#648,.T.);
#396=FACE_OUTER_BOUND('',#649,.T.);
#397=FACE_OUTER_BOUND('',#650,.T.);
#398=FACE_OUTER_BOUND('',#651,.T.);
#399=FACE_OUTER_BOUND('',#652,.T.);
#400=FACE_OUTER_BOUND('',#653,.T.);
#401=FACE_OUTER_BOUND('',#654,.T.);
#402=FACE_OUTER_BOUND('',#655,.T.);
#403=FACE_OUTER_BOUND('',#656,.T.);
#404=FACE_OUTER_BOUND('',#657,.T.);
#405=FACE_OUTER_BOUND('',#658,.T.);
#406=FACE_OUTER_BOUND('',#659,.T.);
#407=FACE_OUTER_BOUND('',#660,.T.);
#408=FACE_OUTER_BOUND('',#661,.T.);
#409=FACE_OUTER_BOUND('',#662,.T.);
#410=FACE_OUTER_BOUND('',#663,.T.);
#411=FACE_OUTER_BOUND('',#664,.T.);
#412=FACE_OUTER_BOUND('',#665,.T.);
#413=FACE_OUTER_BOUND('',#666,.T.);
#414=FACE_OUTER_BOUND('',#667,.T.);
#415=FACE_OUTER_BOUND('',#668,.T.);
#416=FACE_OUTER_BOUND('',#669,.T.);
#417=FACE_OUTER_BOUND('',#670,.T.);
#418=FACE_OUTER_BOUND('',#671,.T.);
#419=FACE_OUTER_BOUND('',#672,.T.);
#420=FACE_OUTER_BOUND('',#673,.T.);
#421=FACE_OUTER_BOUND('',#674,.T.);
#422=FACE_OUTER_BOUND('',#675,.T.);
#423=FACE_OUTER_BOUND('',#676,.T.);
#424=FACE_OUTER_BOUND('',#677,.T.);
#425=FACE_OUTER_BOUND('',#678,.T.);
#426=FACE_OUTER_BOUND('',#679,.T.);
#427=FACE_OUTER_BOUND('',#680,.T.);
#428=FACE_OUTER_BOUND('',#681,.T.);
#429=FACE_OUTER_BOUND('',#682,.T.);
#430=FACE_OUTER_BOUND('',#683,.T.);
#431=FACE_OUTER_BOUND('',#684,.T.);
#432=FACE_OUTER_BOUND('',#685,.T.);
#433=FACE_OUTER_BOUND('',#686,.T.);
#434=FACE_OUTER_BOUND('',#687,.T.);
#435=FACE_OUTER_BOUND('',#688,.T.);
#436=FACE_OUTER_BOUND('',#689,.T.);
#437=FACE_OUTER_BOUND('',#690,.T.);
#438=FACE_OUTER_BOUND('',#691,.T.);
#439=FACE_OUTER_BOUND('',#692,.T.);
#440=FACE_OUTER_BOUND('',#693,.T.);
#441=FACE_OUTER_BOUND('',#694,.T.);
#442=FACE_OUTER_BOUND('',#695,.T.);
#443=FACE_OUTER_BOUND('',#696,.T.);
#444=FACE_OUTER_BOUND('',#697,.T.);
#445=FACE_OUTER_BOUND('',#698,.T.);
#446=FACE_OUTER_BOUND('',#699,.T.);
#447=FACE_OUTER_BOUND('',#700,.T.);
#448=FACE_OUTER_BOUND('',#701,.T.);
#449=FACE_OUTER_BOUND('',#702,.T.);
#450=FACE_OUTER_BOUND('',#703,.T.);
#451=FACE_OUTER_BOUND('',#704,.T.);
#452=FACE_OUTER_BOUND('',#705,.T.);
#453=FACE_OUTER_BOUND('',#706,.T.);
#454=FACE_OUTER_BOUND('',#707,.T.);
#455=FACE_OUTER_BOUND('',#708,.T.);
#456=FACE_OUTER_BOUND('',#709,.T.);
#457=FACE_OUTER_BOUND('',#710,.T.);
#458=FACE_OUTER_BOUND('',#711,.T.);
#459=FACE_OUTER_BOUND('',#712,.T.);
#460=FACE_OUTER_BOUND('',#713,.T.);
#461=FACE_OUTER_BOUND('',#714,.T.);
#462=FACE_OUTER_BOUND('',#715,.T.);
#463=FACE_OUTER_BOUND('',#716,.T.);
#464=FACE_OUTER_BOUND('',#717,.T.);
#465=FACE_OUTER_BOUND('',#718,.T.);
#466=FACE_OUTER_BOUND('',#719,.T.);
#467=FACE_OUTER_BOUND('',#720,.T.);
#468=FACE_OUTER_BOUND('',#721,.T.);
#469=FACE_OUTER_BOUND('',#722,.T.);
#470=FACE_OUTER_BOUND('',#723,.T.);
#471=FACE_OUTER_BOUND('',#724,.T.);
#472=FACE_OUTER_BOUND('',#725,.T.);
#473=FACE_OUTER_BOUND('',#726,.T.);
#474=FACE_OUTER_BOUND('',#727,.T.);
#475=FACE_OUTER_BOUND('',#728,.T.);
#476=FACE_OUTER_BOUND('',#729,.T.);
#477=FACE_OUTER_BOUND('',#730,.T.);
#478=FACE_OUTER_BOUND('',#731,.T.);
#479=FACE_OUTER_BOUND('',#732,.T.);
#480=FACE_OUTER_BOUND('',#733,.T.);
#481=FACE_OUTER_BOUND('',#734,.T.);
#482=FACE_OUTER_BOUND('',#735,.T.);
#483=FACE_OUTER_BOUND('',#736,.T.);
#484=FACE_OUTER_BOUND('',#737,.T.);
#485=FACE_OUTER_BOUND('',#738,.T.);
#486=FACE_OUTER_BOUND('',#739,.T.);
#487=FACE_OUTER_BOUND('',#740,.T.);
#488=FACE_OUTER_BOUND('',#741,.T.);
#489=FACE_OUTER_BOUND('',#742,.T.);
#490=FACE_OUTER_BOUND('',#743,.T.);
#491=FACE_OUTER_BOUND('',#744,.T.);
#492=FACE_OUTER_BOUND('',#746,.T.);
#493=FACE_OUTER_BOUND('',#747,.T.);
#494=FACE_OUTER_BOUND('',#748,.T.);
#495=FACE_OUTER_BOUND('',#749,.T.);
#496=FACE_OUTER_BOUND('',#750,.T.);
#497=FACE_OUTER_BOUND('',#751,.T.);
#498=FACE_OUTER_BOUND('',#752,.T.);
#499=FACE_OUTER_BOUND('',#753,.T.);
#500=FACE_OUTER_BOUND('',#754,.T.);
#501=FACE_OUTER_BOUND('',#755,.T.);
#502=FACE_OUTER_BOUND('',#756,.T.);
#503=FACE_OUTER_BOUND('',#757,.T.);
#504=FACE_OUTER_BOUND('',#758,.T.);
#505=FACE_OUTER_BOUND('',#759,.T.);
#506=FACE_OUTER_BOUND('',#760,.T.);
#507=FACE_OUTER_BOUND('',#761,.T.);
#508=FACE_OUTER_BOUND('',#762,.T.);
#509=FACE_OUTER_BOUND('',#763,.T.);
#510=FACE_OUTER_BOUND('',#764,.T.);
#511=FACE_OUTER_BOUND('',#765,.T.);
#512=FACE_OUTER_BOUND('',#766,.T.);
#513=FACE_OUTER_BOUND('',#767,.T.);
#514=FACE_OUTER_BOUND('',#768,.T.);
#515=FACE_OUTER_BOUND('',#769,.T.);
#516=FACE_OUTER_BOUND('',#770,.T.);
#517=FACE_OUTER_BOUND('',#771,.T.);
#518=FACE_OUTER_BOUND('',#772,.T.);
#519=FACE_OUTER_BOUND('',#773,.T.);
#520=FACE_OUTER_BOUND('',#774,.T.);
#521=FACE_OUTER_BOUND('',#775,.T.);
#522=FACE_OUTER_BOUND('',#776,.T.);
#523=FACE_OUTER_BOUND('',#777,.T.);
#524=FACE_OUTER_BOUND('',#778,.T.);
#525=FACE_OUTER_BOUND('',#779,.T.);
#526=FACE_OUTER_BOUND('',#780,.T.);
#527=FACE_OUTER_BOUND('',#781,.T.);
#528=FACE_OUTER_BOUND('',#782,.T.);
#529=FACE_OUTER_BOUND('',#783,.T.);
#530=FACE_OUTER_BOUND('',#784,.T.);
#531=FACE_OUTER_BOUND('',#785,.T.);
#532=FACE_OUTER_BOUND('',#786,.T.);
#533=FACE_OUTER_BOUND('',#787,.T.);
#534=FACE_OUTER_BOUND('',#788,.T.);
#535=FACE_OUTER_BOUND('',#789,.T.);
#536=FACE_OUTER_BOUND('',#790,.T.);
#537=FACE_OUTER_BOUND('',#791,.T.);
#538=FACE_OUTER_BOUND('',#792,.T.);
#539=FACE_OUTER_BOUND('',#793,.T.);
#540=FACE_OUTER_BOUND('',#794,.T.);
#541=FACE_OUTER_BOUND('',#795,.T.);
#542=FACE_OUTER_BOUND('',#796,.T.);
#543=FACE_OUTER_BOUND('',#797,.T.);
#544=FACE_OUTER_BOUND('',#798,.T.);
#545=FACE_OUTER_BOUND('',#799,.T.);
#546=FACE_OUTER_BOUND('',#801,.T.);
#547=FACE_OUTER_BOUND('',#802,.T.);
#548=FACE_OUTER_BOUND('',#803,.T.);
#549=FACE_OUTER_BOUND('',#804,.T.);
#550=FACE_OUTER_BOUND('',#805,.T.);
#551=FACE_OUTER_BOUND('',#806,.T.);
#552=FACE_OUTER_BOUND('',#807,.T.);
#553=FACE_OUTER_BOUND('',#808,.T.);
#554=FACE_OUTER_BOUND('',#809,.T.);
#555=FACE_OUTER_BOUND('',#810,.T.);
#556=FACE_OUTER_BOUND('',#811,.T.);
#557=FACE_OUTER_BOUND('',#812,.T.);
#558=FACE_OUTER_BOUND('',#813,.T.);
#559=FACE_OUTER_BOUND('',#814,.T.);
#560=FACE_OUTER_BOUND('',#815,.T.);
#561=FACE_OUTER_BOUND('',#816,.T.);
#562=FACE_OUTER_BOUND('',#817,.T.);
#563=FACE_OUTER_BOUND('',#818,.T.);
#564=FACE_OUTER_BOUND('',#819,.T.);
#565=FACE_OUTER_BOUND('',#820,.T.);
#566=FACE_OUTER_BOUND('',#821,.T.);
#567=FACE_OUTER_BOUND('',#822,.T.);
#568=FACE_OUTER_BOUND('',#823,.T.);
#569=FACE_OUTER_BOUND('',#824,.T.);
#570=FACE_OUTER_BOUND('',#825,.T.);
#571=FACE_OUTER_BOUND('',#826,.T.);
#572=FACE_OUTER_BOUND('',#827,.T.);
#573=FACE_OUTER_BOUND('',#828,.T.);
#574=FACE_OUTER_BOUND('',#829,.T.);
#575=FACE_OUTER_BOUND('',#830,.T.);
#576=FACE_OUTER_BOUND('',#831,.T.);
#577=FACE_OUTER_BOUND('',#832,.T.);
#578=FACE_OUTER_BOUND('',#833,.T.);
#579=FACE_OUTER_BOUND('',#834,.T.);
#580=FACE_OUTER_BOUND('',#835,.T.);
#581=FACE_OUTER_BOUND('',#836,.T.);
#582=FACE_OUTER_BOUND('',#837,.T.);
#583=FACE_OUTER_BOUND('',#839,.T.);
#584=FACE_OUTER_BOUND('',#840,.T.);
#585=FACE_OUTER_BOUND('',#841,.T.);
#586=FACE_OUTER_BOUND('',#842,.T.);
#587=FACE_OUTER_BOUND('',#843,.T.);
#588=FACE_OUTER_BOUND('',#844,.T.);
#589=FACE_OUTER_BOUND('',#845,.T.);
#590=FACE_OUTER_BOUND('',#846,.T.);
#591=FACE_OUTER_BOUND('',#847,.T.);
#592=FACE_OUTER_BOUND('',#848,.T.);
#593=FACE_OUTER_BOUND('',#849,.T.);
#594=FACE_OUTER_BOUND('',#850,.T.);
#595=FACE_OUTER_BOUND('',#851,.T.);
#596=FACE_OUTER_BOUND('',#852,.T.);
#597=FACE_OUTER_BOUND('',#853,.T.);
#598=FACE_OUTER_BOUND('',#854,.T.);
#599=FACE_OUTER_BOUND('',#855,.T.);
#600=FACE_OUTER_BOUND('',#856,.T.);
#601=EDGE_LOOP('',(#2915,#2916,#2917,#2918));
#602=EDGE_LOOP('',(#2919,#2920,#2921));
#603=EDGE_LOOP('',(#2922,#2923,#2924));
#604=EDGE_LOOP('',(#2925,#2926,#2927,#2928));
#605=EDGE_LOOP('',(#2929,#2930,#2931,#2932));
#606=EDGE_LOOP('',(#2933,#2934,#2935,#2936));
#607=EDGE_LOOP('',(#2937,#2938,#2939,#2940));
#608=EDGE_LOOP('',(#2941,#2942,#2943,#2944));
#609=EDGE_LOOP('',(#2945,#2946,#2947,#2948));
#610=EDGE_LOOP('',(#2949,#2950,#2951,#2952,#2953,#2954,#2955,#2956,#2957,
#2958,#2959,#2960,#2961,#2962,#2963,#2964,#2965,#2966,#2967,#2968,#2969,
#2970,#2971,#2972,#2973,#2974,#2975,#2976,#2977,#2978,#2979,#2980));
#611=EDGE_LOOP('',(#2981,#2982,#2983,#2984,#2985,#2986,#2987,#2988));
#612=EDGE_LOOP('',(#2989,#2990,#2991,#2992));
#613=EDGE_LOOP('',(#2993,#2994,#2995,#2996));
#614=EDGE_LOOP('',(#2997,#2998,#2999,#3000));
#615=EDGE_LOOP('',(#3001,#3002,#3003));
#616=EDGE_LOOP('',(#3004,#3005,#3006,#3007));
#617=EDGE_LOOP('',(#3008,#3009,#3010,#3011));
#618=EDGE_LOOP('',(#3012,#3013,#3014));
#619=EDGE_LOOP('',(#3015,#3016,#3017,#3018));
#620=EDGE_LOOP('',(#3019,#3020,#3021,#3022));
#621=EDGE_LOOP('',(#3023,#3024,#3025,#3026));
#622=EDGE_LOOP('',(#3027,#3028,#3029,#3030,#3031,#3032,#3033,#3034,#3035,
#3036,#3037,#3038,#3039,#3040,#3041,#3042,#3043,#3044,#3045,#3046,#3047,
#3048,#3049,#3050,#3051,#3052,#3053,#3054));
#623=EDGE_LOOP('',(#3055,#3056,#3057,#3058));
#624=EDGE_LOOP('',(#3059,#3060,#3061,#3062));
#625=EDGE_LOOP('',(#3063,#3064,#3065,#3066));
#626=EDGE_LOOP('',(#3067,#3068,#3069,#3070));
#627=EDGE_LOOP('',(#3071,#3072,#3073));
#628=EDGE_LOOP('',(#3074,#3075,#3076,#3077));
#629=EDGE_LOOP('',(#3078,#3079,#3080,#3081));
#630=EDGE_LOOP('',(#3082,#3083,#3084,#3085));
#631=EDGE_LOOP('',(#3086,#3087,#3088,#3089));
#632=EDGE_LOOP('',(#3090,#3091,#3092,#3093));
#633=EDGE_LOOP('',(#3094,#3095,#3096,#3097));
#634=EDGE_LOOP('',(#3098,#3099,#3100,#3101));
#635=EDGE_LOOP('',(#3102,#3103,#3104));
#636=EDGE_LOOP('',(#3105,#3106,#3107,#3108));
#637=EDGE_LOOP('',(#3109,#3110,#3111,#3112));
#638=EDGE_LOOP('',(#3113,#3114,#3115,#3116,#3117));
#639=EDGE_LOOP('',(#3118,#3119,#3120,#3121));
#640=EDGE_LOOP('',(#3122,#3123,#3124,#3125,#3126));
#641=EDGE_LOOP('',(#3127,#3128,#3129,#3130));
#642=EDGE_LOOP('',(#3131,#3132,#3133,#3134));
#643=EDGE_LOOP('',(#3135,#3136,#3137,#3138,#3139));
#644=EDGE_LOOP('',(#3140,#3141,#3142,#3143,#3144));
#645=EDGE_LOOP('',(#3145,#3146,#3147,#3148,#3149,#3150,#3151,#3152,#3153,
#3154,#3155,#3156,#3157,#3158,#3159,#3160,#3161,#3162));
#646=EDGE_LOOP('',(#3163,#3164,#3165,#3166));
#647=EDGE_LOOP('',(#3167,#3168,#3169,#3170,#3171,#3172));
#648=EDGE_LOOP('',(#3173,#3174,#3175,#3176));
#649=EDGE_LOOP('',(#3177,#3178,#3179,#3180));
#650=EDGE_LOOP('',(#3181,#3182,#3183,#3184));
#651=EDGE_LOOP('',(#3185,#3186,#3187,#3188));
#652=EDGE_LOOP('',(#3189,#3190,#3191,#3192));
#653=EDGE_LOOP('',(#3193,#3194,#3195,#3196,#3197));
#654=EDGE_LOOP('',(#3198,#3199,#3200));
#655=EDGE_LOOP('',(#3201,#3202,#3203,#3204));
#656=EDGE_LOOP('',(#3205,#3206,#3207,#3208));
#657=EDGE_LOOP('',(#3209,#3210,#3211,#3212));
#658=EDGE_LOOP('',(#3213,#3214,#3215,#3216,#3217));
#659=EDGE_LOOP('',(#3218,#3219,#3220,#3221));
#660=EDGE_LOOP('',(#3222,#3223,#3224));
#661=EDGE_LOOP('',(#3225,#3226,#3227,#3228));
#662=EDGE_LOOP('',(#3229,#3230,#3231,#3232));
#663=EDGE_LOOP('',(#3233,#3234,#3235,#3236));
#664=EDGE_LOOP('',(#3237,#3238,#3239,#3240,#3241));
#665=EDGE_LOOP('',(#3242,#3243,#3244,#3245));
#666=EDGE_LOOP('',(#3246,#3247,#3248,#3249));
#667=EDGE_LOOP('',(#3250,#3251,#3252,#3253));
#668=EDGE_LOOP('',(#3254,#3255,#3256,#3257));
#669=EDGE_LOOP('',(#3258,#3259,#3260,#3261));
#670=EDGE_LOOP('',(#3262,#3263,#3264,#3265,#3266));
#671=EDGE_LOOP('',(#3267,#3268,#3269,#3270,#3271,#3272,#3273,#3274,#3275,
#3276,#3277,#3278,#3279,#3280,#3281,#3282,#3283,#3284));
#672=EDGE_LOOP('',(#3285,#3286,#3287,#3288));
#673=EDGE_LOOP('',(#3289,#3290,#3291,#3292,#3293,#3294));
#674=EDGE_LOOP('',(#3295,#3296,#3297,#3298,#3299,#3300,#3301));
#675=EDGE_LOOP('',(#3302,#3303,#3304,#3305,#3306,#3307,#3308));
#676=EDGE_LOOP('',(#3309,#3310,#3311,#3312));
#677=EDGE_LOOP('',(#3313,#3314,#3315,#3316));
#678=EDGE_LOOP('',(#3317,#3318,#3319,#3320));
#679=EDGE_LOOP('',(#3321,#3322,#3323,#3324));
#680=EDGE_LOOP('',(#3325,#3326,#3327,#3328,#3329,#3330));
#681=EDGE_LOOP('',(#3331,#3332,#3333,#3334));
#682=EDGE_LOOP('',(#3335,#3336,#3337,#3338,#3339,#3340));
#683=EDGE_LOOP('',(#3341,#3342,#3343,#3344));
#684=EDGE_LOOP('',(#3345,#3346,#3347,#3348));
#685=EDGE_LOOP('',(#3349,#3350,#3351,#3352));
#686=EDGE_LOOP('',(#3353,#3354,#3355,#3356));
#687=EDGE_LOOP('',(#3357,#3358,#3359,#3360));
#688=EDGE_LOOP('',(#3361,#3362,#3363,#3364,#3365));
#689=EDGE_LOOP('',(#3366,#3367,#3368,#3369,#3370,#3371,#3372,#3373,#3374,
#3375,#3376));
#690=EDGE_LOOP('',(#3377,#3378,#3379,#3380));
#691=EDGE_LOOP('',(#3381,#3382,#3383,#3384));
#692=EDGE_LOOP('',(#3385,#3386,#3387,#3388));
#693=EDGE_LOOP('',(#3389,#3390,#3391,#3392));
#694=EDGE_LOOP('',(#3393,#3394,#3395,#3396));
#695=EDGE_LOOP('',(#3397,#3398,#3399,#3400,#3401,#3402,#3403,#3404,#3405,
#3406,#3407,#3408));
#696=EDGE_LOOP('',(#3409,#3410,#3411,#3412));
#697=EDGE_LOOP('',(#3413,#3414,#3415,#3416));
#698=EDGE_LOOP('',(#3417,#3418,#3419,#3420));
#699=EDGE_LOOP('',(#3421,#3422,#3423,#3424));
#700=EDGE_LOOP('',(#3425,#3426,#3427,#3428));
#701=EDGE_LOOP('',(#3429,#3430,#3431,#3432));
#702=EDGE_LOOP('',(#3433,#3434,#3435,#3436));
#703=EDGE_LOOP('',(#3437,#3438,#3439,#3440));
#704=EDGE_LOOP('',(#3441,#3442,#3443,#3444));
#705=EDGE_LOOP('',(#3445,#3446,#3447,#3448));
#706=EDGE_LOOP('',(#3449,#3450,#3451,#3452));
#707=EDGE_LOOP('',(#3453,#3454,#3455,#3456));
#708=EDGE_LOOP('',(#3457,#3458,#3459,#3460,#3461,#3462,#3463));
#709=EDGE_LOOP('',(#3464,#3465,#3466,#3467,#3468,#3469,#3470));
#710=EDGE_LOOP('',(#3471,#3472,#3473,#3474));
#711=EDGE_LOOP('',(#3475,#3476,#3477,#3478));
#712=EDGE_LOOP('',(#3479,#3480,#3481,#3482));
#713=EDGE_LOOP('',(#3483,#3484,#3485,#3486));
#714=EDGE_LOOP('',(#3487,#3488,#3489,#3490));
#715=EDGE_LOOP('',(#3491,#3492,#3493,#3494));
#716=EDGE_LOOP('',(#3495,#3496,#3497,#3498));
#717=EDGE_LOOP('',(#3499,#3500,#3501,#3502));
#718=EDGE_LOOP('',(#3503,#3504,#3505,#3506,#3507,#3508,#3509));
#719=EDGE_LOOP('',(#3510,#3511,#3512,#3513));
#720=EDGE_LOOP('',(#3514,#3515,#3516,#3517));
#721=EDGE_LOOP('',(#3518,#3519,#3520,#3521,#3522,#3523,#3524));
#722=EDGE_LOOP('',(#3525,#3526,#3527,#3528,#3529,#3530,#3531));
#723=EDGE_LOOP('',(#3532,#3533,#3534,#3535,#3536,#3537,#3538));
#724=EDGE_LOOP('',(#3539,#3540,#3541,#3542,#3543,#3544,#3545));
#725=EDGE_LOOP('',(#3546,#3547,#3548,#3549,#3550,#3551,#3552));
#726=EDGE_LOOP('',(#3553,#3554,#3555,#3556));
#727=EDGE_LOOP('',(#3557,#3558,#3559,#3560));
#728=EDGE_LOOP('',(#3561,#3562,#3563,#3564));
#729=EDGE_LOOP('',(#3565,#3566,#3567,#3568,#3569,#3570));
#730=EDGE_LOOP('',(#3571,#3572,#3573,#3574));
#731=EDGE_LOOP('',(#3575,#3576,#3577,#3578));
#732=EDGE_LOOP('',(#3579,#3580,#3581,#3582,#3583,#3584));
#733=EDGE_LOOP('',(#3585,#3586,#3587,#3588));
#734=EDGE_LOOP('',(#3589,#3590,#3591,#3592,#3593,#3594,#3595));
#735=EDGE_LOOP('',(#3596,#3597,#3598,#3599,#3600,#3601,#3602));
#736=EDGE_LOOP('',(#3603,#3604,#3605,#3606));
#737=EDGE_LOOP('',(#3607,#3608,#3609,#3610));
#738=EDGE_LOOP('',(#3611));
#739=EDGE_LOOP('',(#3612,#3613,#3614,#3615));
#740=EDGE_LOOP('',(#3616,#3617,#3618,#3619));
#741=EDGE_LOOP('',(#3620,#3621,#3622,#3623));
#742=EDGE_LOOP('',(#3624,#3625,#3626,#3627));
#743=EDGE_LOOP('',(#3628,#3629,#3630,#3631));
#744=EDGE_LOOP('',(#3632,#3633,#3634,#3635));
#745=EDGE_LOOP('',(#3636));
#746=EDGE_LOOP('',(#3637,#3638,#3639,#3640));
#747=EDGE_LOOP('',(#3641,#3642,#3643,#3644));
#748=EDGE_LOOP('',(#3645,#3646,#3647,#3648,#3649,#3650,#3651,#3652,#3653,
#3654,#3655,#3656,#3657,#3658,#3659,#3660,#3661,#3662,#3663,#3664));
#749=EDGE_LOOP('',(#3665,#3666,#3667,#3668));
#750=EDGE_LOOP('',(#3669,#3670,#3671,#3672));
#751=EDGE_LOOP('',(#3673,#3674,#3675,#3676));
#752=EDGE_LOOP('',(#3677,#3678,#3679,#3680,#3681,#3682,#3683,#3684,#3685,
#3686,#3687,#3688,#3689,#3690,#3691,#3692,#3693,#3694,#3695,#3696));
#753=EDGE_LOOP('',(#3697,#3698,#3699,#3700));
#754=EDGE_LOOP('',(#3701,#3702,#3703,#3704));
#755=EDGE_LOOP('',(#3705,#3706,#3707,#3708));
#756=EDGE_LOOP('',(#3709,#3710,#3711,#3712));
#757=EDGE_LOOP('',(#3713,#3714,#3715,#3716));
#758=EDGE_LOOP('',(#3717,#3718,#3719,#3720));
#759=EDGE_LOOP('',(#3721,#3722,#3723,#3724));
#760=EDGE_LOOP('',(#3725,#3726,#3727,#3728));
#761=EDGE_LOOP('',(#3729,#3730,#3731,#3732));
#762=EDGE_LOOP('',(#3733,#3734,#3735,#3736));
#763=EDGE_LOOP('',(#3737,#3738,#3739,#3740));
#764=EDGE_LOOP('',(#3741,#3742,#3743,#3744));
#765=EDGE_LOOP('',(#3745,#3746,#3747,#3748));
#766=EDGE_LOOP('',(#3749,#3750,#3751,#3752));
#767=EDGE_LOOP('',(#3753,#3754,#3755,#3756));
#768=EDGE_LOOP('',(#3757,#3758,#3759,#3760));
#769=EDGE_LOOP('',(#3761,#3762,#3763,#3764));
#770=EDGE_LOOP('',(#3765,#3766,#3767,#3768));
#771=EDGE_LOOP('',(#3769,#3770,#3771,#3772));
#772=EDGE_LOOP('',(#3773,#3774,#3775,#3776));
#773=EDGE_LOOP('',(#3777,#3778,#3779,#3780));
#774=EDGE_LOOP('',(#3781,#3782,#3783,#3784));
#775=EDGE_LOOP('',(#3785,#3786,#3787,#3788));
#776=EDGE_LOOP('',(#3789,#3790,#3791,#3792));
#777=EDGE_LOOP('',(#3793,#3794,#3795,#3796));
#778=EDGE_LOOP('',(#3797,#3798,#3799,#3800));
#779=EDGE_LOOP('',(#3801,#3802,#3803,#3804));
#780=EDGE_LOOP('',(#3805,#3806,#3807,#3808));
#781=EDGE_LOOP('',(#3809,#3810,#3811,#3812));
#782=EDGE_LOOP('',(#3813,#3814,#3815,#3816));
#783=EDGE_LOOP('',(#3817,#3818,#3819,#3820));
#784=EDGE_LOOP('',(#3821,#3822,#3823,#3824));
#785=EDGE_LOOP('',(#3825,#3826,#3827,#3828));
#786=EDGE_LOOP('',(#3829,#3830,#3831,#3832,#3833,#3834,#3835,#3836,#3837,
#3838,#3839,#3840,#3841,#3842,#3843,#3844,#3845,#3846,#3847,#3848));
#787=EDGE_LOOP('',(#3849,#3850,#3851,#3852));
#788=EDGE_LOOP('',(#3853,#3854,#3855,#3856,#3857,#3858,#3859,#3860,#3861,
#3862,#3863,#3864,#3865,#3866,#3867,#3868,#3869,#3870,#3871,#3872));
#789=EDGE_LOOP('',(#3873,#3874,#3875,#3876));
#790=EDGE_LOOP('',(#3877,#3878,#3879,#3880));
#791=EDGE_LOOP('',(#3881,#3882,#3883,#3884));
#792=EDGE_LOOP('',(#3885,#3886,#3887,#3888));
#793=EDGE_LOOP('',(#3889,#3890,#3891,#3892));
#794=EDGE_LOOP('',(#3893,#3894,#3895,#3896));
#795=EDGE_LOOP('',(#3897,#3898,#3899,#3900));
#796=EDGE_LOOP('',(#3901,#3902,#3903,#3904));
#797=EDGE_LOOP('',(#3905,#3906,#3907,#3908));
#798=EDGE_LOOP('',(#3909,#3910,#3911,#3912));
#799=EDGE_LOOP('',(#3913,#3914,#3915,#3916,#3917,#3918,#3919,#3920,#3921,
#3922,#3923,#3924,#3925,#3926,#3927,#3928,#3929,#3930,#3931,#3932,#3933,
#3934,#3935,#3936,#3937,#3938,#3939,#3940,#3941,#3942,#3943,#3944,#3945,
#3946,#3947,#3948));
#800=EDGE_LOOP('',(#3949));
#801=EDGE_LOOP('',(#3950,#3951,#3952,#3953));
#802=EDGE_LOOP('',(#3954,#3955,#3956,#3957));
#803=EDGE_LOOP('',(#3958,#3959,#3960,#3961));
#804=EDGE_LOOP('',(#3962,#3963,#3964,#3965));
#805=EDGE_LOOP('',(#3966,#3967,#3968,#3969));
#806=EDGE_LOOP('',(#3970,#3971,#3972,#3973));
#807=EDGE_LOOP('',(#3974,#3975,#3976,#3977));
#808=EDGE_LOOP('',(#3978,#3979,#3980,#3981));
#809=EDGE_LOOP('',(#3982,#3983,#3984,#3985));
#810=EDGE_LOOP('',(#3986,#3987,#3988,#3989));
#811=EDGE_LOOP('',(#3990,#3991,#3992,#3993));
#812=EDGE_LOOP('',(#3994,#3995,#3996,#3997));
#813=EDGE_LOOP('',(#3998,#3999,#4000,#4001));
#814=EDGE_LOOP('',(#4002,#4003,#4004,#4005));
#815=EDGE_LOOP('',(#4006,#4007,#4008,#4009));
#816=EDGE_LOOP('',(#4010,#4011,#4012,#4013));
#817=EDGE_LOOP('',(#4014,#4015,#4016,#4017));
#818=EDGE_LOOP('',(#4018,#4019,#4020,#4021));
#819=EDGE_LOOP('',(#4022,#4023,#4024,#4025));
#820=EDGE_LOOP('',(#4026,#4027,#4028,#4029));
#821=EDGE_LOOP('',(#4030,#4031,#4032,#4033));
#822=EDGE_LOOP('',(#4034,#4035,#4036,#4037));
#823=EDGE_LOOP('',(#4038,#4039,#4040,#4041));
#824=EDGE_LOOP('',(#4042,#4043,#4044,#4045));
#825=EDGE_LOOP('',(#4046,#4047,#4048,#4049));
#826=EDGE_LOOP('',(#4050,#4051,#4052,#4053));
#827=EDGE_LOOP('',(#4054,#4055,#4056,#4057));
#828=EDGE_LOOP('',(#4058,#4059,#4060,#4061));
#829=EDGE_LOOP('',(#4062,#4063,#4064,#4065));
#830=EDGE_LOOP('',(#4066,#4067,#4068,#4069));
#831=EDGE_LOOP('',(#4070,#4071,#4072,#4073));
#832=EDGE_LOOP('',(#4074,#4075,#4076,#4077));
#833=EDGE_LOOP('',(#4078,#4079,#4080,#4081));
#834=EDGE_LOOP('',(#4082,#4083,#4084,#4085));
#835=EDGE_LOOP('',(#4086,#4087,#4088,#4089));
#836=EDGE_LOOP('',(#4090,#4091,#4092,#4093));
#837=EDGE_LOOP('',(#4094,#4095,#4096,#4097,#4098,#4099,#4100,#4101,#4102,
#4103,#4104,#4105,#4106,#4107,#4108,#4109,#4110,#4111,#4112,#4113,#4114,
#4115,#4116,#4117,#4118,#4119,#4120,#4121,#4122,#4123,#4124,#4125,#4126,
#4127,#4128,#4129));
#838=EDGE_LOOP('',(#4130));
#839=EDGE_LOOP('',(#4131,#4132,#4133,#4134));
#840=EDGE_LOOP('',(#4135,#4136,#4137,#4138));
#841=EDGE_LOOP('',(#4139,#4140,#4141,#4142));
#842=EDGE_LOOP('',(#4143,#4144,#4145,#4146));
#843=EDGE_LOOP('',(#4147,#4148,#4149,#4150));
#844=EDGE_LOOP('',(#4151,#4152,#4153,#4154));
#845=EDGE_LOOP('',(#4155,#4156,#4157,#4158));
#846=EDGE_LOOP('',(#4159,#4160,#4161,#4162));
#847=EDGE_LOOP('',(#4163,#4164,#4165,#4166));
#848=EDGE_LOOP('',(#4167,#4168,#4169,#4170));
#849=EDGE_LOOP('',(#4171,#4172,#4173,#4174));
#850=EDGE_LOOP('',(#4175,#4176,#4177,#4178));
#851=EDGE_LOOP('',(#4179,#4180,#4181,#4182));
#852=EDGE_LOOP('',(#4183,#4184,#4185,#4186));
#853=EDGE_LOOP('',(#4187,#4188,#4189,#4190));
#854=EDGE_LOOP('',(#4191,#4192,#4193,#4194));
#855=EDGE_LOOP('',(#4195,#4196,#4197,#4198));
#856=EDGE_LOOP('',(#4199,#4200,#4201,#4202));
#857=ELLIPSE('',#4647,0.014142135623731,0.01);
#858=ELLIPSE('',#4648,0.014142135623731,0.01);
#859=ELLIPSE('',#4677,0.014142135623731,0.01);
#860=ELLIPSE('',#4678,0.014142135623731,0.01);
#861=ELLIPSE('',#4697,0.014142135623731,0.01);
#862=ELLIPSE('',#4710,0.012930887204336,0.01);
#863=ELLIPSE('',#4712,0.0129308872043361,0.01);
#864=ELLIPSE('',#4714,0.0129308872043357,0.01);
#865=ELLIPSE('',#4716,0.014142135623731,0.01);
#866=ELLIPSE('',#4718,0.0129308872043358,0.01);
#867=ELLIPSE('',#4733,0.014142135623731,0.01);
#868=ELLIPSE('',#4735,0.010378634273483,0.01);
#869=ELLIPSE('',#4738,0.0141421356237312,0.01);
#870=ELLIPSE('',#4742,0.010378634273483,0.01);
#871=ELLIPSE('',#4749,0.014142135623731,0.01);
#872=ELLIPSE('',#4763,0.0129308872043361,0.01);
#873=ELLIPSE('',#4764,0.0129308872043358,0.01);
#874=ELLIPSE('',#4766,0.0129308872043357,0.01);
#875=ELLIPSE('',#4768,0.014142135623731,0.01);
#876=ELLIPSE('',#4770,0.0141421356237314,0.01);
#877=ELLIPSE('',#4771,0.010378634273483,0.01);
#878=ELLIPSE('',#4783,0.012930887204336,0.01);
#879=ELLIPSE('',#4792,0.0141421356237311,0.01);
#880=ELLIPSE('',#4794,0.010378634273483,0.01);
#881=LINE('',#6367,#1375);
#882=LINE('',#6371,#1376);
#883=LINE('',#6391,#1377);
#884=LINE('',#6392,#1378);
#885=LINE('',#6394,#1379);
#886=LINE('',#6395,#1380);
#887=LINE('',#6397,#1381);
#888=LINE('',#6398,#1382);
#889=LINE('',#6403,#1383);
#890=LINE('',#6404,#1384);
#891=LINE('',#6406,#1385);
#892=LINE('',#6407,#1386);
#893=LINE('',#6410,#1387);
#894=LINE('',#6411,#1388);
#895=LINE('',#6414,#1389);
#896=LINE('',#6416,#1390);
#897=LINE('',#6418,#1391);
#898=LINE('',#6420,#1392);
#899=LINE('',#6424,#1393);
#900=LINE('',#6426,#1394);
#901=LINE('',#6428,#1395);
#902=LINE('',#6430,#1396);
#903=LINE('',#6432,#1397);
#904=LINE('',#6436,#1398);
#905=LINE('',#6438,#1399);
#906=LINE('',#6440,#1400);
#907=LINE('',#6442,#1401);
#908=LINE('',#6444,#1402);
#909=LINE('',#6446,#1403);
#910=LINE('',#6448,#1404);
#911=LINE('',#6450,#1405);
#912=LINE('',#6452,#1406);
#913=LINE('',#6456,#1407);
#914=LINE('',#6458,#1408);
#915=LINE('',#6460,#1409);
#916=LINE('',#6462,#1410);
#917=LINE('',#6464,#1411);
#918=LINE('',#6468,#1412);
#919=LINE('',#6470,#1413);
#920=LINE('',#6471,#1414);
#921=LINE('',#6476,#1415);
#922=LINE('',#6480,#1416);
#923=LINE('',#6484,#1417);
#924=LINE('',#6487,#1418);
#925=LINE('',#6489,#1419);
#926=LINE('',#6495,#1420);
#927=LINE('',#6508,#1421);
#928=LINE('',#6509,#1422);
#929=LINE('',#6511,#1423);
#930=LINE('',#6512,#1424);
#931=LINE('',#6521,#1425);
#932=LINE('',#6522,#1426);
#933=LINE('',#6524,#1427);
#934=LINE('',#6525,#1428);
#935=LINE('',#6530,#1429);
#936=LINE('',#6531,#1430);
#937=LINE('',#6534,#1431);
#938=LINE('',#6536,#1432);
#939=LINE('',#6538,#1433);
#940=LINE('',#6540,#1434);
#941=LINE('',#6542,#1435);
#942=LINE('',#6544,#1436);
#943=LINE('',#6546,#1437);
#944=LINE('',#6548,#1438);
#945=LINE('',#6550,#1439);
#946=LINE('',#6552,#1440);
#947=LINE('',#6553,#1441);
#948=LINE('',#6555,#1442);
#949=LINE('',#6557,#1443);
#950=LINE('',#6559,#1444);
#951=LINE('',#6561,#1445);
#952=LINE('',#6563,#1446);
#953=LINE('',#6565,#1447);
#954=LINE('',#6567,#1448);
#955=LINE('',#6569,#1449);
#956=LINE('',#6571,#1450);
#957=LINE('',#6573,#1451);
#958=LINE('',#6574,#1452);
#959=LINE('',#6578,#1453);
#960=LINE('',#6581,#1454);
#961=LINE('',#6592,#1455);
#962=LINE('',#6593,#1456);
#963=LINE('',#6602,#1457);
#964=LINE('',#6603,#1458);
#965=LINE('',#6606,#1459);
#966=LINE('',#6608,#1460);
#967=LINE('',#6611,#1461);
#968=LINE('',#6613,#1462);
#969=LINE('',#6617,#1463);
#970=LINE('',#6621,#1464);
#971=LINE('',#6624,#1465);
#972=LINE('',#6627,#1466);
#973=LINE('',#6629,#1467);
#974=LINE('',#6648,#1468);
#975=LINE('',#6649,#1469);
#976=LINE('',#6651,#1470);
#977=LINE('',#6652,#1471);
#978=LINE('',#6655,#1472);
#979=LINE('',#6657,#1473);
#980=LINE('',#6672,#1474);
#981=LINE('',#6674,#1475);
#982=LINE('',#6677,#1476);
#983=LINE('',#6679,#1477);
#984=LINE('',#6682,#1478);
#985=LINE('',#6683,#1479);
#986=LINE('',#6686,#1480);
#987=LINE('',#6688,#1481);
#988=LINE('',#6692,#1482);
#989=LINE('',#6694,#1483);
#990=LINE('',#6708,#1484);
#991=LINE('',#6711,#1485);
#992=LINE('',#6714,#1486);
#993=LINE('',#6716,#1487);
#994=LINE('',#6717,#1488);
#995=LINE('',#6720,#1489);
#996=LINE('',#6721,#1490);
#997=LINE('',#6724,#1491);
#998=LINE('',#6726,#1492);
#999=LINE('',#6727,#1493);
#1000=LINE('',#6732,#1494);
#1001=LINE('',#6735,#1495);
#1002=LINE('',#6746,#1496);
#1003=LINE('',#6747,#1497);
#1004=LINE('',#6750,#1498);
#1005=LINE('',#6752,#1499);
#1006=LINE('',#6774,#1500);
#1007=LINE('',#6778,#1501);
#1008=LINE('',#6783,#1502);
#1009=LINE('',#6786,#1503);
#1010=LINE('',#6789,#1504);
#1011=LINE('',#6793,#1505);
#1012=LINE('',#6806,#1506);
#1013=LINE('',#6827,#1507);
#1014=LINE('',#6828,#1508);
#1015=LINE('',#6831,#1509);
#1016=LINE('',#6833,#1510);
#1017=LINE('',#6836,#1511);
#1018=LINE('',#6837,#1512);
#1019=LINE('',#6840,#1513);
#1020=LINE('',#6841,#1514);
#1021=LINE('',#6844,#1515);
#1022=LINE('',#6845,#1516);
#1023=LINE('',#6847,#1517);
#1024=LINE('',#6848,#1518);
#1025=LINE('',#6850,#1519);
#1026=LINE('',#6851,#1520);
#1027=LINE('',#6853,#1521);
#1028=LINE('',#6854,#1522);
#1029=LINE('',#6857,#1523);
#1030=LINE('',#6859,#1524);
#1031=LINE('',#6863,#1525);
#1032=LINE('',#6865,#1526);
#1033=LINE('',#6868,#1527);
#1034=LINE('',#6870,#1528);
#1035=LINE('',#6871,#1529);
#1036=LINE('',#6874,#1530);
#1037=LINE('',#6875,#1531);
#1038=LINE('',#6878,#1532);
#1039=LINE('',#6880,#1533);
#1040=LINE('',#6881,#1534);
#1041=LINE('',#6884,#1535);
#1042=LINE('',#6885,#1536);
#1043=LINE('',#6886,#1537);
#1044=LINE('',#6889,#1538);
#1045=LINE('',#6891,#1539);
#1046=LINE('',#6892,#1540);
#1047=LINE('',#6898,#1541);
#1048=LINE('',#6900,#1542);
#1049=LINE('',#6902,#1543);
#1050=LINE('',#6903,#1544);
#1051=LINE('',#6906,#1545);
#1052=LINE('',#6908,#1546);
#1053=LINE('',#6909,#1547);
#1054=LINE('',#6914,#1548);
#1055=LINE('',#6917,#1549);
#1056=LINE('',#6921,#1550);
#1057=LINE('',#6923,#1551);
#1058=LINE('',#6925,#1552);
#1059=LINE('',#6926,#1553);
#1060=LINE('',#6932,#1554);
#1061=LINE('',#6935,#1555);
#1062=LINE('',#6936,#1556);
#1063=LINE('',#6940,#1557);
#1064=LINE('',#6942,#1558);
#1065=LINE('',#6944,#1559);
#1066=LINE('',#6945,#1560);
#1067=LINE('',#6949,#1561);
#1068=LINE('',#6951,#1562);
#1069=LINE('',#6953,#1563);
#1070=LINE('',#6954,#1564);
#1071=LINE('',#6956,#1565);
#1072=LINE('',#6957,#1566);
#1073=LINE('',#6959,#1567);
#1074=LINE('',#6960,#1568);
#1075=LINE('',#6962,#1569);
#1076=LINE('',#6963,#1570);
#1077=LINE('',#6965,#1571);
#1078=LINE('',#6966,#1572);
#1079=LINE('',#6968,#1573);
#1080=LINE('',#6970,#1574);
#1081=LINE('',#6972,#1575);
#1082=LINE('',#6974,#1576);
#1083=LINE('',#6976,#1577);
#1084=LINE('',#6978,#1578);
#1085=LINE('',#6982,#1579);
#1086=LINE('',#6983,#1580);
#1087=LINE('',#6986,#1581);
#1088=LINE('',#6987,#1582);
#1089=LINE('',#6989,#1583);
#1090=LINE('',#6993,#1584);
#1091=LINE('',#6994,#1585);
#1092=LINE('',#6997,#1586);
#1093=LINE('',#6998,#1587);
#1094=LINE('',#7000,#1588);
#1095=LINE('',#7004,#1589);
#1096=LINE('',#7005,#1590);
#1097=LINE('',#7007,#1591);
#1098=LINE('',#7010,#1592);
#1099=LINE('',#7011,#1593);
#1100=LINE('',#7014,#1594);
#1101=LINE('',#7015,#1595);
#1102=LINE('',#7018,#1596);
#1103=LINE('',#7020,#1597);
#1104=LINE('',#7021,#1598);
#1105=LINE('',#7024,#1599);
#1106=LINE('',#7026,#1600);
#1107=LINE('',#7027,#1601);
#1108=LINE('',#7029,#1602);
#1109=LINE('',#7031,#1603);
#1110=LINE('',#7033,#1604);
#1111=LINE('',#7036,#1605);
#1112=LINE('',#7038,#1606);
#1113=LINE('',#7039,#1607);
#1114=LINE('',#7041,#1608);
#1115=LINE('',#7043,#1609);
#1116=LINE('',#7046,#1610);
#1117=LINE('',#7048,#1611);
#1118=LINE('',#7050,#1612);
#1119=LINE('',#7052,#1613);
#1120=LINE('',#7055,#1614);
#1121=LINE('',#7057,#1615);
#1122=LINE('',#7058,#1616);
#1123=LINE('',#7061,#1617);
#1124=LINE('',#7062,#1618);
#1125=LINE('',#7063,#1619);
#1126=LINE('',#7065,#1620);
#1127=LINE('',#7068,#1621);
#1128=LINE('',#7069,#1622);
#1129=LINE('',#7071,#1623);
#1130=LINE('',#7073,#1624);
#1131=LINE('',#7076,#1625);
#1132=LINE('',#7077,#1626);
#1133=LINE('',#7079,#1627);
#1134=LINE('',#7083,#1628);
#1135=LINE('',#7084,#1629);
#1136=LINE('',#7086,#1630);
#1137=LINE('',#7100,#1631);
#1138=LINE('',#7106,#1632);
#1139=LINE('',#7108,#1633);
#1140=LINE('',#7110,#1634);
#1141=LINE('',#7111,#1635);
#1142=LINE('',#7114,#1636);
#1143=LINE('',#7116,#1637);
#1144=LINE('',#7117,#1638);
#1145=LINE('',#7120,#1639);
#1146=LINE('',#7122,#1640);
#1147=LINE('',#7123,#1641);
#1148=LINE('',#7125,#1642);
#1149=LINE('',#7126,#1643);
#1150=LINE('',#7135,#1644);
#1151=LINE('',#7138,#1645);
#1152=LINE('',#7141,#1646);
#1153=LINE('',#7143,#1647);
#1154=LINE('',#7144,#1648);
#1155=LINE('',#7147,#1649);
#1156=LINE('',#7151,#1650);
#1157=LINE('',#7155,#1651);
#1158=LINE('',#7159,#1652);
#1159=LINE('',#7163,#1653);
#1160=LINE('',#7167,#1654);
#1161=LINE('',#7171,#1655);
#1162=LINE('',#7173,#1656);
#1163=LINE('',#7175,#1657);
#1164=LINE('',#7177,#1658);
#1165=LINE('',#7179,#1659);
#1166=LINE('',#7184,#1660);
#1167=LINE('',#7187,#1661);
#1168=LINE('',#7188,#1662);
#1169=LINE('',#7194,#1663);
#1170=LINE('',#7197,#1664);
#1171=LINE('',#7200,#1665);
#1172=LINE('',#7204,#1666);
#1173=LINE('',#7206,#1667);
#1174=LINE('',#7208,#1668);
#1175=LINE('',#7210,#1669);
#1176=LINE('',#7212,#1670);
#1177=LINE('',#7216,#1671);
#1178=LINE('',#7220,#1672);
#1179=LINE('',#7224,#1673);
#1180=LINE('',#7228,#1674);
#1181=LINE('',#7232,#1675);
#1182=LINE('',#7235,#1676);
#1183=LINE('',#7238,#1677);
#1184=LINE('',#7239,#1678);
#1185=LINE('',#7243,#1679);
#1186=LINE('',#7248,#1680);
#1187=LINE('',#7249,#1681);
#1188=LINE('',#7252,#1682);
#1189=LINE('',#7253,#1683);
#1190=LINE('',#7257,#1684);
#1191=LINE('',#7262,#1685);
#1192=LINE('',#7263,#1686);
#1193=LINE('',#7266,#1687);
#1194=LINE('',#7267,#1688);
#1195=LINE('',#7271,#1689);
#1196=LINE('',#7274,#1690);
#1197=LINE('',#7275,#1691);
#1198=LINE('',#7280,#1692);
#1199=LINE('',#7281,#1693);
#1200=LINE('',#7284,#1694);
#1201=LINE('',#7285,#1695);
#1202=LINE('',#7290,#1696);
#1203=LINE('',#7291,#1697);
#1204=LINE('',#7293,#1698);
#1205=LINE('',#7296,#1699);
#1206=LINE('',#7299,#1700);
#1207=LINE('',#7302,#1701);
#1208=LINE('',#7303,#1702);
#1209=LINE('',#7306,#1703);
#1210=LINE('',#7310,#1704);
#1211=LINE('',#7311,#1705);
#1212=LINE('',#7315,#1706);
#1213=LINE('',#7318,#1707);
#1214=LINE('',#7321,#1708);
#1215=LINE('',#7323,#1709);
#1216=LINE('',#7328,#1710);
#1217=LINE('',#7329,#1711);
#1218=LINE('',#7331,#1712);
#1219=LINE('',#7334,#1713);
#1220=LINE('',#7337,#1714);
#1221=LINE('',#7340,#1715);
#1222=LINE('',#7341,#1716);
#1223=LINE('',#7344,#1717);
#1224=LINE('',#7345,#1718);
#1225=LINE('',#7348,#1719);
#1226=LINE('',#7349,#1720);
#1227=LINE('',#7352,#1721);
#1228=LINE('',#7353,#1722);
#1229=LINE('',#7356,#1723);
#1230=LINE('',#7357,#1724);
#1231=LINE('',#7360,#1725);
#1232=LINE('',#7361,#1726);
#1233=LINE('',#7363,#1727);
#1234=LINE('',#7365,#1728);
#1235=LINE('',#7367,#1729);
#1236=LINE('',#7369,#1730);
#1237=LINE('',#7374,#1731);
#1238=LINE('',#7377,#1732);
#1239=LINE('',#7381,#1733);
#1240=LINE('',#7384,#1734);
#1241=LINE('',#7387,#1735);
#1242=LINE('',#7392,#1736);
#1243=LINE('',#7397,#1737);
#1244=LINE('',#7400,#1738);
#1245=LINE('',#7403,#1739);
#1246=LINE('',#7406,#1740);
#1247=LINE('',#7408,#1741);
#1248=LINE('',#7409,#1742);
#1249=LINE('',#7413,#1743);
#1250=LINE('',#7415,#1744);
#1251=LINE('',#7417,#1745);
#1252=LINE('',#7418,#1746);
#1253=LINE('',#7420,#1747);
#1254=LINE('',#7421,#1748);
#1255=LINE('',#7424,#1749);
#1256=LINE('',#7426,#1750);
#1257=LINE('',#7428,#1751);
#1258=LINE('',#7430,#1752);
#1259=LINE('',#7432,#1753);
#1260=LINE('',#7434,#1754);
#1261=LINE('',#7438,#1755);
#1262=LINE('',#7440,#1756);
#1263=LINE('',#7442,#1757);
#1264=LINE('',#7446,#1758);
#1265=LINE('',#7448,#1759);
#1266=LINE('',#7450,#1760);
#1267=LINE('',#7452,#1761);
#1268=LINE('',#7454,#1762);
#1269=LINE('',#7455,#1763);
#1270=LINE('',#7457,#1764);
#1271=LINE('',#7459,#1765);
#1272=LINE('',#7461,#1766);
#1273=LINE('',#7463,#1767);
#1274=LINE('',#7465,#1768);
#1275=LINE('',#7467,#1769);
#1276=LINE('',#7471,#1770);
#1277=LINE('',#7473,#1771);
#1278=LINE('',#7475,#1772);
#1279=LINE('',#7479,#1773);
#1280=LINE('',#7481,#1774);
#1281=LINE('',#7482,#1775);
#1282=LINE('',#7487,#1776);
#1283=LINE('',#7489,#1777);
#1284=LINE('',#7490,#1778);
#1285=LINE('',#7493,#1779);
#1286=LINE('',#7494,#1780);
#1287=LINE('',#7496,#1781);
#1288=LINE('',#7499,#1782);
#1289=LINE('',#7500,#1783);
#1290=LINE('',#7503,#1784);
#1291=LINE('',#7504,#1785);
#1292=LINE('',#7507,#1786);
#1293=LINE('',#7509,#1787);
#1294=LINE('',#7510,#1788);
#1295=LINE('',#7512,#1789);
#1296=LINE('',#7515,#1790);
#1297=LINE('',#7517,#1791);
#1298=LINE('',#7518,#1792);
#1299=LINE('',#7521,#1793);
#1300=LINE('',#7522,#1794);
#1301=LINE('',#7524,#1795);
#1302=LINE('',#7527,#1796);
#1303=LINE('',#7528,#1797);
#1304=LINE('',#7532,#1798);
#1305=LINE('',#7537,#1799);
#1306=LINE('',#7539,#1800);
#1307=LINE('',#7541,#1801);
#1308=LINE('',#7542,#1802);
#1309=LINE('',#7545,#1803);
#1310=LINE('',#7547,#1804);
#1311=LINE('',#7548,#1805);
#1312=LINE('',#7550,#1806);
#1313=LINE('',#7553,#1807);
#1314=LINE('',#7556,#1808);
#1315=LINE('',#7560,#1809);
#1316=LINE('',#7561,#1810);
#1317=LINE('',#7563,#1811);
#1318=LINE('',#7566,#1812);
#1319=LINE('',#7570,#1813);
#1320=LINE('',#7575,#1814);
#1321=LINE('',#7577,#1815);
#1322=LINE('',#7579,#1816);
#1323=LINE('',#7580,#1817);
#1324=LINE('',#7583,#1818);
#1325=LINE('',#7585,#1819);
#1326=LINE('',#7586,#1820);
#1327=LINE('',#7588,#1821);
#1328=LINE('',#7591,#1822);
#1329=LINE('',#7594,#1823);
#1330=LINE('',#7598,#1824);
#1331=LINE('',#7599,#1825);
#1332=LINE('',#7601,#1826);
#1333=LINE('',#7604,#1827);
#1334=LINE('',#7607,#1828);
#1335=LINE('',#7608,#1829);
#1336=LINE('',#7611,#1830);
#1337=LINE('',#7613,#1831);
#1338=LINE('',#7614,#1832);
#1339=LINE('',#7619,#1833);
#1340=LINE('',#7620,#1834);
#1341=LINE('',#7624,#1835);
#1342=LINE('',#7627,#1836);
#1343=LINE('',#7628,#1837);
#1344=LINE('',#7631,#1838);
#1345=LINE('',#7632,#1839);
#1346=LINE('',#7634,#1840);
#1347=LINE('',#7635,#1841);
#1348=LINE('',#7637,#1842);
#1349=LINE('',#7639,#1843);
#1350=LINE('',#7641,#1844);
#1351=LINE('',#7644,#1845);
#1352=LINE('',#7646,#1846);
#1353=LINE('',#7650,#1847);
#1354=LINE('',#7651,#1848);
#1355=LINE('',#7655,#1849);
#1356=LINE('',#7657,#1850);
#1357=LINE('',#7658,#1851);
#1358=LINE('',#7661,#1852);
#1359=LINE('',#7663,#1853);
#1360=LINE('',#7665,#1854);
#1361=LINE('',#7667,#1855);
#1362=LINE('',#7671,#1856);
#1363=LINE('',#7678,#1857);
#1364=LINE('',#7680,#1858);
#1365=LINE('',#7682,#1859);
#1366=LINE('',#7683,#1860);
#1367=LINE('',#7686,#1861);
#1368=LINE('',#7688,#1862);
#1369=LINE('',#7689,#1863);
#1370=LINE('',#7692,#1864);
#1371=LINE('',#7694,#1865);
#1372=LINE('',#7695,#1866);
#1373=LINE('',#7697,#1867);
#1374=LINE('',#7698,#1868);
#1375=VECTOR('',#5058,10.);
#1376=VECTOR('',#5061,10.);
#1377=VECTOR('',#5084,10.);
#1378=VECTOR('',#5085,10.);
#1379=VECTOR('',#5088,10.);
#1380=VECTOR('',#5089,10.);
#1381=VECTOR('',#5092,10.);
#1382=VECTOR('',#5093,10.);
#1383=VECTOR('',#5098,10.);
#1384=VECTOR('',#5099,10.);
#1385=VECTOR('',#5102,10.);
#1386=VECTOR('',#5103,10.);
#1387=VECTOR('',#5106,10.);
#1388=VECTOR('',#5107,10.);
#1389=VECTOR('',#5110,10.);
#1390=VECTOR('',#5111,10.);
#1391=VECTOR('',#5112,10.);
#1392=VECTOR('',#5113,10.);
#1393=VECTOR('',#5116,10.);
#1394=VECTOR('',#5117,10.);
#1395=VECTOR('',#5118,10.);
#1396=VECTOR('',#5119,10.);
#1397=VECTOR('',#5120,10.);
#1398=VECTOR('',#5123,10.);
#1399=VECTOR('',#5124,10.);
#1400=VECTOR('',#5125,10.);
#1401=VECTOR('',#5126,10.);
#1402=VECTOR('',#5127,10.);
#1403=VECTOR('',#5128,10.);
#1404=VECTOR('',#5129,10.);
#1405=VECTOR('',#5130,10.);
#1406=VECTOR('',#5131,10.);
#1407=VECTOR('',#5134,10.);
#1408=VECTOR('',#5135,10.);
#1409=VECTOR('',#5136,10.);
#1410=VECTOR('',#5137,10.);
#1411=VECTOR('',#5138,10.);
#1412=VECTOR('',#5141,10.);
#1413=VECTOR('',#5142,10.);
#1414=VECTOR('',#5143,10.);
#1415=VECTOR('',#5146,10.);
#1416=VECTOR('',#5149,10.);
#1417=VECTOR('',#5152,10.);
#1418=VECTOR('',#5155,10.);
#1419=VECTOR('',#5158,10.);
#1420=VECTOR('',#5165,10.);
#1421=VECTOR('',#5180,10.);
#1422=VECTOR('',#5181,10.);
#1423=VECTOR('',#5184,10.);
#1424=VECTOR('',#5185,10.);
#1425=VECTOR('',#5196,10.);
#1426=VECTOR('',#5197,10.);
#1427=VECTOR('',#5200,10.);
#1428=VECTOR('',#5201,10.);
#1429=VECTOR('',#5206,10.);
#1430=VECTOR('',#5207,10.);
#1431=VECTOR('',#5210,10.);
#1432=VECTOR('',#5211,10.);
#1433=VECTOR('',#5212,10.);
#1434=VECTOR('',#5213,10.);
#1435=VECTOR('',#5214,10.);
#1436=VECTOR('',#5215,10.);
#1437=VECTOR('',#5216,10.);
#1438=VECTOR('',#5217,10.);
#1439=VECTOR('',#5218,10.);
#1440=VECTOR('',#5219,10.);
#1441=VECTOR('',#5220,10.);
#1442=VECTOR('',#5221,10.);
#1443=VECTOR('',#5222,10.);
#1444=VECTOR('',#5223,10.);
#1445=VECTOR('',#5224,10.);
#1446=VECTOR('',#5225,10.);
#1447=VECTOR('',#5226,10.);
#1448=VECTOR('',#5227,10.);
#1449=VECTOR('',#5228,10.);
#1450=VECTOR('',#5229,10.);
#1451=VECTOR('',#5230,10.);
#1452=VECTOR('',#5231,10.);
#1453=VECTOR('',#5236,10.);
#1454=VECTOR('',#5239,10.);
#1455=VECTOR('',#5252,10.);
#1456=VECTOR('',#5253,10.);
#1457=VECTOR('',#5264,10.);
#1458=VECTOR('',#5265,10.);
#1459=VECTOR('',#5268,10.);
#1460=VECTOR('',#5269,10.);
#1461=VECTOR('',#5274,10.);
#1462=VECTOR('',#5275,10.);
#1463=VECTOR('',#5280,10.);
#1464=VECTOR('',#5285,10.);
#1465=VECTOR('',#5288,10.);
#1466=VECTOR('',#5291,10.);
#1467=VECTOR('',#5292,10.);
#1468=VECTOR('',#5315,10.);
#1469=VECTOR('',#5316,10.);
#1470=VECTOR('',#5319,10.);
#1471=VECTOR('',#5320,10.);
#1472=VECTOR('',#5323,10.);
#1473=VECTOR('',#5324,10.);
#1474=VECTOR('',#5329,10.);
#1475=VECTOR('',#5330,10.);
#1476=VECTOR('',#5335,10.);
#1477=VECTOR('',#5336,10.);
#1478=VECTOR('',#5341,10.);
#1479=VECTOR('',#5342,10.);
#1480=VECTOR('',#5345,10.);
#1481=VECTOR('',#5346,10.);
#1482=VECTOR('',#5351,10.);
#1483=VECTOR('',#5352,10.);
#1484=VECTOR('',#5357,10.);
#1485=VECTOR('',#5360,10.);
#1486=VECTOR('',#5363,10.);
#1487=VECTOR('',#5364,10.);
#1488=VECTOR('',#5365,10.);
#1489=VECTOR('',#5368,10.);
#1490=VECTOR('',#5369,10.);
#1491=VECTOR('',#5372,10.);
#1492=VECTOR('',#5373,10.);
#1493=VECTOR('',#5374,10.);
#1494=VECTOR('',#5381,10.);
#1495=VECTOR('',#5384,10.);
#1496=VECTOR('',#5397,10.);
#1497=VECTOR('',#5398,10.);
#1498=VECTOR('',#5401,10.);
#1499=VECTOR('',#5402,10.);
#1500=VECTOR('',#5415,10.);
#1501=VECTOR('',#5418,10.);
#1502=VECTOR('',#5425,10.);
#1503=VECTOR('',#5428,10.);
#1504=VECTOR('',#5431,10.);
#1505=VECTOR('',#5434,10.);
#1506=VECTOR('',#5435,10.);
#1507=VECTOR('',#5460,10.);
#1508=VECTOR('',#5461,10.);
#1509=VECTOR('',#5464,10.);
#1510=VECTOR('',#5465,10.);
#1511=VECTOR('',#5470,10.);
#1512=VECTOR('',#5471,10.);
#1513=VECTOR('',#5474,10.);
#1514=VECTOR('',#5475,10.);
#1515=VECTOR('',#5480,10.);
#1516=VECTOR('',#5481,10.);
#1517=VECTOR('',#5484,10.);
#1518=VECTOR('',#5485,10.);
#1519=VECTOR('',#5488,10.);
#1520=VECTOR('',#5489,10.);
#1521=VECTOR('',#5492,10.);
#1522=VECTOR('',#5493,10.);
#1523=VECTOR('',#5496,10.);
#1524=VECTOR('',#5497,10.);
#1525=VECTOR('',#5502,10.);
#1526=VECTOR('',#5505,10.);
#1527=VECTOR('',#5508,10.);
#1528=VECTOR('',#5509,10.);
#1529=VECTOR('',#5510,10.);
#1530=VECTOR('',#5513,10.);
#1531=VECTOR('',#5514,10.);
#1532=VECTOR('',#5517,10.);
#1533=VECTOR('',#5518,10.);
#1534=VECTOR('',#5519,10.);
#1535=VECTOR('',#5522,10.);
#1536=VECTOR('',#5523,10.);
#1537=VECTOR('',#5524,10.);
#1538=VECTOR('',#5527,10.);
#1539=VECTOR('',#5528,10.);
#1540=VECTOR('',#5529,10.);
#1541=VECTOR('',#5536,10.);
#1542=VECTOR('',#5537,10.);
#1543=VECTOR('',#5538,10.);
#1544=VECTOR('',#5539,10.);
#1545=VECTOR('',#5542,10.);
#1546=VECTOR('',#5543,10.);
#1547=VECTOR('',#5544,10.);
#1548=VECTOR('',#5549,10.);
#1549=VECTOR('',#5552,10.);
#1550=VECTOR('',#5555,10.);
#1551=VECTOR('',#5556,10.);
#1552=VECTOR('',#5557,10.);
#1553=VECTOR('',#5558,10.);
#1554=VECTOR('',#5563,10.);
#1555=VECTOR('',#5566,10.);
#1556=VECTOR('',#5567,10.);
#1557=VECTOR('',#5570,10.);
#1558=VECTOR('',#5571,10.);
#1559=VECTOR('',#5572,10.);
#1560=VECTOR('',#5573,10.);
#1561=VECTOR('',#5576,10.);
#1562=VECTOR('',#5577,10.);
#1563=VECTOR('',#5578,10.);
#1564=VECTOR('',#5579,10.);
#1565=VECTOR('',#5582,10.);
#1566=VECTOR('',#5583,10.);
#1567=VECTOR('',#5586,10.);
#1568=VECTOR('',#5587,10.);
#1569=VECTOR('',#5590,10.);
#1570=VECTOR('',#5591,10.);
#1571=VECTOR('',#5594,10.);
#1572=VECTOR('',#5595,10.);
#1573=VECTOR('',#5598,10.);
#1574=VECTOR('',#5601,10.);
#1575=VECTOR('',#5604,10.);
#1576=VECTOR('',#5607,10.);
#1577=VECTOR('',#5610,10.);
#1578=VECTOR('',#5613,10.);
#1579=VECTOR('',#5618,10.);
#1580=VECTOR('',#5619,10.);
#1581=VECTOR('',#5622,10.);
#1582=VECTOR('',#5623,10.);
#1583=VECTOR('',#5626,10.);
#1584=VECTOR('',#5631,10.);
#1585=VECTOR('',#5632,10.);
#1586=VECTOR('',#5635,10.);
#1587=VECTOR('',#5636,10.);
#1588=VECTOR('',#5639,10.);
#1589=VECTOR('',#5644,10.);
#1590=VECTOR('',#5645,10.);
#1591=VECTOR('',#5648,10.);
#1592=VECTOR('',#5651,10.);
#1593=VECTOR('',#5652,10.);
#1594=VECTOR('',#5655,10.);
#1595=VECTOR('',#5656,10.);
#1596=VECTOR('',#5659,10.);
#1597=VECTOR('',#5660,10.);
#1598=VECTOR('',#5661,10.);
#1599=VECTOR('',#5664,10.);
#1600=VECTOR('',#5665,10.);
#1601=VECTOR('',#5666,10.);
#1602=VECTOR('',#5669,10.);
#1603=VECTOR('',#5672,10.);
#1604=VECTOR('',#5675,10.);
#1605=VECTOR('',#5678,10.);
#1606=VECTOR('',#5679,10.);
#1607=VECTOR('',#5680,10.);
#1608=VECTOR('',#5683,10.);
#1609=VECTOR('',#5686,10.);
#1610=VECTOR('',#5691,10.);
#1611=VECTOR('',#5694,10.);
#1612=VECTOR('',#5697,10.);
#1613=VECTOR('',#5700,10.);
#1614=VECTOR('',#5703,10.);
#1615=VECTOR('',#5704,10.);
#1616=VECTOR('',#5705,10.);
#1617=VECTOR('',#5708,10.);
#1618=VECTOR('',#5709,10.);
#1619=VECTOR('',#5710,10.);
#1620=VECTOR('',#5713,10.);
#1621=VECTOR('',#5716,10.);
#1622=VECTOR('',#5717,10.);
#1623=VECTOR('',#5720,10.);
#1624=VECTOR('',#5723,10.);
#1625=VECTOR('',#5726,10.);
#1626=VECTOR('',#5727,10.);
#1627=VECTOR('',#5730,10.);
#1628=VECTOR('',#5735,10.);
#1629=VECTOR('',#5736,10.);
#1630=VECTOR('',#5739,10.);
#1631=VECTOR('',#5760,0.875);
#1632=VECTOR('',#5767,10.);
#1633=VECTOR('',#5768,10.);
#1634=VECTOR('',#5769,10.);
#1635=VECTOR('',#5770,10.);
#1636=VECTOR('',#5773,10.);
#1637=VECTOR('',#5774,10.);
#1638=VECTOR('',#5775,10.);
#1639=VECTOR('',#5778,10.);
#1640=VECTOR('',#5779,10.);
#1641=VECTOR('',#5780,10.);
#1642=VECTOR('',#5783,10.);
#1643=VECTOR('',#5784,10.);
#1644=VECTOR('',#5795,10.);
#1645=VECTOR('',#5798,10.);
#1646=VECTOR('',#5801,10.);
#1647=VECTOR('',#5802,10.);
#1648=VECTOR('',#5803,10.);
#1649=VECTOR('',#5806,10.);
#1650=VECTOR('',#5809,10.);
#1651=VECTOR('',#5812,10.);
#1652=VECTOR('',#5815,10.);
#1653=VECTOR('',#5818,10.);
#1654=VECTOR('',#5821,10.);
#1655=VECTOR('',#5824,10.);
#1656=VECTOR('',#5825,10.);
#1657=VECTOR('',#5826,10.);
#1658=VECTOR('',#5827,0.1035);
#1659=VECTOR('',#5828,10.);
#1660=VECTOR('',#5835,10.);
#1661=VECTOR('',#5838,10.);
#1662=VECTOR('',#5839,10.);
#1663=VECTOR('',#5844,10.);
#1664=VECTOR('',#5847,10.);
#1665=VECTOR('',#5850,10.);
#1666=VECTOR('',#5853,10.);
#1667=VECTOR('',#5854,10.);
#1668=VECTOR('',#5855,10.);
#1669=VECTOR('',#5856,0.1035);
#1670=VECTOR('',#5857,10.);
#1671=VECTOR('',#5860,10.);
#1672=VECTOR('',#5863,10.);
#1673=VECTOR('',#5866,10.);
#1674=VECTOR('',#5869,10.);
#1675=VECTOR('',#5872,10.);
#1676=VECTOR('',#5875,10.);
#1677=VECTOR('',#5878,10.);
#1678=VECTOR('',#5879,10.);
#1679=VECTOR('',#5884,10.);
#1680=VECTOR('',#5889,10.);
#1681=VECTOR('',#5890,10.);
#1682=VECTOR('',#5893,10.);
#1683=VECTOR('',#5894,10.);
#1684=VECTOR('',#5899,10.);
#1685=VECTOR('',#5904,10.);
#1686=VECTOR('',#5905,10.);
#1687=VECTOR('',#5908,10.);
#1688=VECTOR('',#5909,10.);
#1689=VECTOR('',#5914,10.);
#1690=VECTOR('',#5917,10.);
#1691=VECTOR('',#5918,10.);
#1692=VECTOR('',#5923,10.);
#1693=VECTOR('',#5924,10.);
#1694=VECTOR('',#5927,10.);
#1695=VECTOR('',#5928,10.);
#1696=VECTOR('',#5933,10.);
#1697=VECTOR('',#5934,10.);
#1698=VECTOR('',#5937,10.);
#1699=VECTOR('',#5940,10.);
#1700=VECTOR('',#5943,10.);
#1701=VECTOR('',#5946,10.);
#1702=VECTOR('',#5947,10.);
#1703=VECTOR('',#5950,10.);
#1704=VECTOR('',#5955,10.);
#1705=VECTOR('',#5956,10.);
#1706=VECTOR('',#5961,10.);
#1707=VECTOR('',#5964,10.);
#1708=VECTOR('',#5967,10.);
#1709=VECTOR('',#5970,10.);
#1710=VECTOR('',#5975,10.);
#1711=VECTOR('',#5976,10.);
#1712=VECTOR('',#5979,10.);
#1713=VECTOR('',#5982,10.);
#1714=VECTOR('',#5987,10.);
#1715=VECTOR('',#5990,10.);
#1716=VECTOR('',#5991,10.);
#1717=VECTOR('',#5994,10.);
#1718=VECTOR('',#5995,0.1035);
#1719=VECTOR('',#5998,0.1035);
#1720=VECTOR('',#5999,10.);
#1721=VECTOR('',#6002,10.);
#1722=VECTOR('',#6003,10.);
#1723=VECTOR('',#6006,0.1035);
#1724=VECTOR('',#6007,10.);
#1725=VECTOR('',#6010,10.);
#1726=VECTOR('',#6011,0.1035);
#1727=VECTOR('',#6014,10.);
#1728=VECTOR('',#6017,10.);
#1729=VECTOR('',#6020,10.);
#1730=VECTOR('',#6023,10.);
#1731=VECTOR('',#6028,10.);
#1732=VECTOR('',#6033,10.);
#1733=VECTOR('',#6038,10.);
#1734=VECTOR('',#6041,10.);
#1735=VECTOR('',#6046,10.);
#1736=VECTOR('',#6051,10.);
#1737=VECTOR('',#6058,10.);
#1738=VECTOR('',#6061,10.);
#1739=VECTOR('',#6066,10.);
#1740=VECTOR('',#6069,10.);
#1741=VECTOR('',#6070,10.);
#1742=VECTOR('',#6071,10.);
#1743=VECTOR('',#6074,10.);
#1744=VECTOR('',#6075,10.);
#1745=VECTOR('',#6076,10.);
#1746=VECTOR('',#6077,10.);
#1747=VECTOR('',#6080,10.);
#1748=VECTOR('',#6081,10.);
#1749=VECTOR('',#6084,10.);
#1750=VECTOR('',#6085,10.);
#1751=VECTOR('',#6086,10.);
#1752=VECTOR('',#6087,10.);
#1753=VECTOR('',#6088,10.);
#1754=VECTOR('',#6089,10.);
#1755=VECTOR('',#6092,10.);
#1756=VECTOR('',#6093,10.);
#1757=VECTOR('',#6094,10.);
#1758=VECTOR('',#6097,10.);
#1759=VECTOR('',#6098,10.);
#1760=VECTOR('',#6099,10.);
#1761=VECTOR('',#6100,10.);
#1762=VECTOR('',#6101,10.);
#1763=VECTOR('',#6102,10.);
#1764=VECTOR('',#6103,10.);
#1765=VECTOR('',#6104,10.);
#1766=VECTOR('',#6105,10.);
#1767=VECTOR('',#6106,10.);
#1768=VECTOR('',#6107,10.);
#1769=VECTOR('',#6108,10.);
#1770=VECTOR('',#6111,10.);
#1771=VECTOR('',#6112,10.);
#1772=VECTOR('',#6113,10.);
#1773=VECTOR('',#6116,10.);
#1774=VECTOR('',#6117,10.);
#1775=VECTOR('',#6118,10.);
#1776=VECTOR('',#6123,10.);
#1777=VECTOR('',#6124,10.);
#1778=VECTOR('',#6125,10.);
#1779=VECTOR('',#6128,10.);
#1780=VECTOR('',#6129,10.);
#1781=VECTOR('',#6132,10.);
#1782=VECTOR('',#6135,10.);
#1783=VECTOR('',#6136,10.);
#1784=VECTOR('',#6139,10.);
#1785=VECTOR('',#6140,10.);
#1786=VECTOR('',#6143,10.);
#1787=VECTOR('',#6144,10.);
#1788=VECTOR('',#6145,10.);
#1789=VECTOR('',#6148,10.);
#1790=VECTOR('',#6151,10.);
#1791=VECTOR('',#6152,10.);
#1792=VECTOR('',#6153,10.);
#1793=VECTOR('',#6156,10.);
#1794=VECTOR('',#6157,10.);
#1795=VECTOR('',#6160,10.);
#1796=VECTOR('',#6163,10.);
#1797=VECTOR('',#6164,10.);
#1798=VECTOR('',#6167,10.);
#1799=VECTOR('',#6174,10.);
#1800=VECTOR('',#6175,0.1035);
#1801=VECTOR('',#6176,10.);
#1802=VECTOR('',#6177,0.1035);
#1803=VECTOR('',#6180,10.);
#1804=VECTOR('',#6181,0.1035);
#1805=VECTOR('',#6182,10.);
#1806=VECTOR('',#6185,10.);
#1807=VECTOR('',#6188,10.);
#1808=VECTOR('',#6191,10.);
#1809=VECTOR('',#6196,10.);
#1810=VECTOR('',#6197,10.);
#1811=VECTOR('',#6200,10.);
#1812=VECTOR('',#6205,10.);
#1813=VECTOR('',#6208,10.);
#1814=VECTOR('',#6215,10.);
#1815=VECTOR('',#6216,0.1035);
#1816=VECTOR('',#6217,10.);
#1817=VECTOR('',#6218,0.1035);
#1818=VECTOR('',#6221,10.);
#1819=VECTOR('',#6222,0.1035);
#1820=VECTOR('',#6223,10.);
#1821=VECTOR('',#6226,10.);
#1822=VECTOR('',#6229,10.);
#1823=VECTOR('',#6232,10.);
#1824=VECTOR('',#6237,10.);
#1825=VECTOR('',#6238,10.);
#1826=VECTOR('',#6241,10.);
#1827=VECTOR('',#6246,10.);
#1828=VECTOR('',#6249,10.);
#1829=VECTOR('',#6250,10.);
#1830=VECTOR('',#6253,10.);
#1831=VECTOR('',#6254,10.);
#1832=VECTOR('',#6255,10.);
#1833=VECTOR('',#6262,10.);
#1834=VECTOR('',#6263,10.);
#1835=VECTOR('',#6268,10.);
#1836=VECTOR('',#6271,10.);
#1837=VECTOR('',#6272,10.);
#1838=VECTOR('',#6275,10.);
#1839=VECTOR('',#6276,10.);
#1840=VECTOR('',#6279,10.);
#1841=VECTOR('',#6280,10.);
#1842=VECTOR('',#6281,10.);
#1843=VECTOR('',#6282,10.);
#1844=VECTOR('',#6283,10.);
#1845=VECTOR('',#6286,10.);
#1846=VECTOR('',#6287,10.);
#1847=VECTOR('',#6290,10.);
#1848=VECTOR('',#6291,10.);
#1849=VECTOR('',#6296,10.);
#1850=VECTOR('',#6299,10.);
#1851=VECTOR('',#6300,10.);
#1852=VECTOR('',#6305,10.);
#1853=VECTOR('',#6308,10.);
#1854=VECTOR('',#6311,10.);
#1855=VECTOR('',#6314,10.);
#1856=VECTOR('',#6321,0.95);
#1857=VECTOR('',#6330,10.);
#1858=VECTOR('',#6331,10.);
#1859=VECTOR('',#6332,10.);
#1860=VECTOR('',#6333,10.);
#1861=VECTOR('',#6336,10.);
#1862=VECTOR('',#6337,10.);
#1863=VECTOR('',#6338,10.);
#1864=VECTOR('',#6341,10.);
#1865=VECTOR('',#6342,10.);
#1866=VECTOR('',#6343,10.);
#1867=VECTOR('',#6346,10.);
#1868=VECTOR('',#6347,10.);
#1869=VERTEX_POINT('',#6365);
#1870=VERTEX_POINT('',#6366);
#1871=VERTEX_POINT('',#6368);
#1872=VERTEX_POINT('',#6370);
#1873=VERTEX_POINT('',#6374);
#1874=VERTEX_POINT('',#6375);
#1875=VERTEX_POINT('',#6377);
#1876=VERTEX_POINT('',#6381);
#1877=VERTEX_POINT('',#6382);
#1878=VERTEX_POINT('',#6384);
#1879=VERTEX_POINT('',#6388);
#1880=VERTEX_POINT('',#6389);
#1881=VERTEX_POINT('',#6400);
#1882=VERTEX_POINT('',#6401);
#1883=VERTEX_POINT('',#6409);
#1884=VERTEX_POINT('',#6413);
#1885=VERTEX_POINT('',#6415);
#1886=VERTEX_POINT('',#6417);
#1887=VERTEX_POINT('',#6419);
#1888=VERTEX_POINT('',#6421);
#1889=VERTEX_POINT('',#6423);
#1890=VERTEX_POINT('',#6425);
#1891=VERTEX_POINT('',#6427);
#1892=VERTEX_POINT('',#6429);
#1893=VERTEX_POINT('',#6431);
#1894=VERTEX_POINT('',#6433);
#1895=VERTEX_POINT('',#6435);
#1896=VERTEX_POINT('',#6437);
#1897=VERTEX_POINT('',#6439);
#1898=VERTEX_POINT('',#6441);
#1899=VERTEX_POINT('',#6443);
#1900=VERTEX_POINT('',#6445);
#1901=VERTEX_POINT('',#6447);
#1902=VERTEX_POINT('',#6449);
#1903=VERTEX_POINT('',#6451);
#1904=VERTEX_POINT('',#6453);
#1905=VERTEX_POINT('',#6455);
#1906=VERTEX_POINT('',#6457);
#1907=VERTEX_POINT('',#6459);
#1908=VERTEX_POINT('',#6461);
#1909=VERTEX_POINT('',#6463);
#1910=VERTEX_POINT('',#6465);
#1911=VERTEX_POINT('',#6467);
#1912=VERTEX_POINT('',#6469);
#1913=VERTEX_POINT('',#6472);
#1914=VERTEX_POINT('',#6473);
#1915=VERTEX_POINT('',#6475);
#1916=VERTEX_POINT('',#6477);
#1917=VERTEX_POINT('',#6479);
#1918=VERTEX_POINT('',#6481);
#1919=VERTEX_POINT('',#6483);
#1920=VERTEX_POINT('',#6485);
#1921=VERTEX_POINT('',#6492);
#1922=VERTEX_POINT('',#6494);
#1923=VERTEX_POINT('',#6498);
#1924=VERTEX_POINT('',#6499);
#1925=VERTEX_POINT('',#6501);
#1926=VERTEX_POINT('',#6505);
#1927=VERTEX_POINT('',#6506);
#1928=VERTEX_POINT('',#6514);
#1929=VERTEX_POINT('',#6515);
#1930=VERTEX_POINT('',#6517);
#1931=VERTEX_POINT('',#6527);
#1932=VERTEX_POINT('',#6528);
#1933=VERTEX_POINT('',#6533);
#1934=VERTEX_POINT('',#6535);
#1935=VERTEX_POINT('',#6537);
#1936=VERTEX_POINT('',#6539);
#1937=VERTEX_POINT('',#6541);
#1938=VERTEX_POINT('',#6543);
#1939=VERTEX_POINT('',#6545);
#1940=VERTEX_POINT('',#6547);
#1941=VERTEX_POINT('',#6549);
#1942=VERTEX_POINT('',#6551);
#1943=VERTEX_POINT('',#6554);
#1944=VERTEX_POINT('',#6556);
#1945=VERTEX_POINT('',#6558);
#1946=VERTEX_POINT('',#6560);
#1947=VERTEX_POINT('',#6562);
#1948=VERTEX_POINT('',#6564);
#1949=VERTEX_POINT('',#6566);
#1950=VERTEX_POINT('',#6568);
#1951=VERTEX_POINT('',#6570);
#1952=VERTEX_POINT('',#6572);
#1953=VERTEX_POINT('',#6577);
#1954=VERTEX_POINT('',#6579);
#1955=VERTEX_POINT('',#6583);
#1956=VERTEX_POINT('',#6584);
#1957=VERTEX_POINT('',#6586);
#1958=VERTEX_POINT('',#6588);
#1959=VERTEX_POINT('',#6595);
#1960=VERTEX_POINT('',#6596);
#1961=VERTEX_POINT('',#6598);
#1962=VERTEX_POINT('',#6605);
#1963=VERTEX_POINT('',#6607);
#1964=VERTEX_POINT('',#6612);
#1965=VERTEX_POINT('',#6616);
#1966=VERTEX_POINT('',#6620);
#1967=VERTEX_POINT('',#6622);
#1968=VERTEX_POINT('',#6626);
#1969=VERTEX_POINT('',#6628);
#1970=VERTEX_POINT('',#6632);
#1971=VERTEX_POINT('',#6633);
#1972=VERTEX_POINT('',#6635);
#1973=VERTEX_POINT('',#6637);
#1974=VERTEX_POINT('',#6641);
#1975=VERTEX_POINT('',#6642);
#1976=VERTEX_POINT('',#6644);
#1977=VERTEX_POINT('',#6654);
#1978=VERTEX_POINT('',#6656);
#1979=VERTEX_POINT('',#6658);
#1980=VERTEX_POINT('',#6671);
#1981=VERTEX_POINT('',#6673);
#1982=VERTEX_POINT('',#6678);
#1983=VERTEX_POINT('',#6685);
#1984=VERTEX_POINT('',#6687);
#1985=VERTEX_POINT('',#6691);
#1986=VERTEX_POINT('',#6693);
#1987=VERTEX_POINT('',#6695);
#1988=VERTEX_POINT('',#6709);
#1989=VERTEX_POINT('',#6713);
#1990=VERTEX_POINT('',#6715);
#1991=VERTEX_POINT('',#6719);
#1992=VERTEX_POINT('',#6723);
#1993=VERTEX_POINT('',#6725);
#1994=VERTEX_POINT('',#6731);
#1995=VERTEX_POINT('',#6733);
#1996=VERTEX_POINT('',#6737);
#1997=VERTEX_POINT('',#6738);
#1998=VERTEX_POINT('',#6740);
#1999=VERTEX_POINT('',#6742);
#2000=VERTEX_POINT('',#6749);
#2001=VERTEX_POINT('',#6751);
#2002=VERTEX_POINT('',#6753);
#2003=VERTEX_POINT('',#6766);
#2004=VERTEX_POINT('',#6767);
#2005=VERTEX_POINT('',#6769);
#2006=VERTEX_POINT('',#6773);
#2007=VERTEX_POINT('',#6775);
#2008=VERTEX_POINT('',#6777);
#2009=VERTEX_POINT('',#6781);
#2010=VERTEX_POINT('',#6785);
#2011=VERTEX_POINT('',#6787);
#2012=VERTEX_POINT('',#6791);
#2013=VERTEX_POINT('',#6792);
#2014=VERTEX_POINT('',#6794);
#2015=VERTEX_POINT('',#6805);
#2016=VERTEX_POINT('',#6807);
#2017=VERTEX_POINT('',#6811);
#2018=VERTEX_POINT('',#6812);
#2019=VERTEX_POINT('',#6814);
#2020=VERTEX_POINT('',#6816);
#2021=VERTEX_POINT('',#6820);
#2022=VERTEX_POINT('',#6821);
#2023=VERTEX_POINT('',#6823);
#2024=VERTEX_POINT('',#6830);
#2025=VERTEX_POINT('',#6832);
#2026=VERTEX_POINT('',#6839);
#2027=VERTEX_POINT('',#6856);
#2028=VERTEX_POINT('',#6858);
#2029=VERTEX_POINT('',#6862);
#2030=VERTEX_POINT('',#6867);
#2031=VERTEX_POINT('',#6869);
#2032=VERTEX_POINT('',#6873);
#2033=VERTEX_POINT('',#6877);
#2034=VERTEX_POINT('',#6879);
#2035=VERTEX_POINT('',#6883);
#2036=VERTEX_POINT('',#6888);
#2037=VERTEX_POINT('',#6890);
#2038=VERTEX_POINT('',#6896);
#2039=VERTEX_POINT('',#6897);
#2040=VERTEX_POINT('',#6899);
#2041=VERTEX_POINT('',#6901);
#2042=VERTEX_POINT('',#6905);
#2043=VERTEX_POINT('',#6907);
#2044=VERTEX_POINT('',#6911);
#2045=VERTEX_POINT('',#6912);
#2046=VERTEX_POINT('',#6915);
#2047=VERTEX_POINT('',#6919);
#2048=VERTEX_POINT('',#6920);
#2049=VERTEX_POINT('',#6922);
#2050=VERTEX_POINT('',#6924);
#2051=VERTEX_POINT('',#6928);
#2052=VERTEX_POINT('',#6929);
#2053=VERTEX_POINT('',#6931);
#2054=VERTEX_POINT('',#6933);
#2055=VERTEX_POINT('',#6938);
#2056=VERTEX_POINT('',#6939);
#2057=VERTEX_POINT('',#6941);
#2058=VERTEX_POINT('',#6943);
#2059=VERTEX_POINT('',#6947);
#2060=VERTEX_POINT('',#6948);
#2061=VERTEX_POINT('',#6950);
#2062=VERTEX_POINT('',#6952);
#2063=VERTEX_POINT('',#6981);
#2064=VERTEX_POINT('',#6985);
#2065=VERTEX_POINT('',#6992);
#2066=VERTEX_POINT('',#6996);
#2067=VERTEX_POINT('',#7003);
#2068=VERTEX_POINT('',#7009);
#2069=VERTEX_POINT('',#7013);
#2070=VERTEX_POINT('',#7017);
#2071=VERTEX_POINT('',#7019);
#2072=VERTEX_POINT('',#7023);
#2073=VERTEX_POINT('',#7025);
#2074=VERTEX_POINT('',#7035);
#2075=VERTEX_POINT('',#7037);
#2076=VERTEX_POINT('',#7054);
#2077=VERTEX_POINT('',#7056);
#2078=VERTEX_POINT('',#7060);
#2079=VERTEX_POINT('',#7067);
#2080=VERTEX_POINT('',#7075);
#2081=VERTEX_POINT('',#7082);
#2082=VERTEX_POINT('',#7093);
#2083=VERTEX_POINT('',#7095);
#2084=VERTEX_POINT('',#7099);
#2085=VERTEX_POINT('',#7104);
#2086=VERTEX_POINT('',#7105);
#2087=VERTEX_POINT('',#7107);
#2088=VERTEX_POINT('',#7109);
#2089=VERTEX_POINT('',#7113);
#2090=VERTEX_POINT('',#7115);
#2091=VERTEX_POINT('',#7119);
#2092=VERTEX_POINT('',#7121);
#2093=VERTEX_POINT('',#7131);
#2094=VERTEX_POINT('',#7132);
#2095=VERTEX_POINT('',#7134);
#2096=VERTEX_POINT('',#7136);
#2097=VERTEX_POINT('',#7140);
#2098=VERTEX_POINT('',#7142);
#2099=VERTEX_POINT('',#7146);
#2100=VERTEX_POINT('',#7148);
#2101=VERTEX_POINT('',#7150);
#2102=VERTEX_POINT('',#7152);
#2103=VERTEX_POINT('',#7154);
#2104=VERTEX_POINT('',#7156);
#2105=VERTEX_POINT('',#7158);
#2106=VERTEX_POINT('',#7160);
#2107=VERTEX_POINT('',#7162);
#2108=VERTEX_POINT('',#7164);
#2109=VERTEX_POINT('',#7166);
#2110=VERTEX_POINT('',#7168);
#2111=VERTEX_POINT('',#7170);
#2112=VERTEX_POINT('',#7172);
#2113=VERTEX_POINT('',#7174);
#2114=VERTEX_POINT('',#7176);
#2115=VERTEX_POINT('',#7178);
#2116=VERTEX_POINT('',#7182);
#2117=VERTEX_POINT('',#7186);
#2118=VERTEX_POINT('',#7190);
#2119=VERTEX_POINT('',#7191);
#2120=VERTEX_POINT('',#7193);
#2121=VERTEX_POINT('',#7195);
#2122=VERTEX_POINT('',#7199);
#2123=VERTEX_POINT('',#7201);
#2124=VERTEX_POINT('',#7203);
#2125=VERTEX_POINT('',#7205);
#2126=VERTEX_POINT('',#7207);
#2127=VERTEX_POINT('',#7209);
#2128=VERTEX_POINT('',#7211);
#2129=VERTEX_POINT('',#7213);
#2130=VERTEX_POINT('',#7215);
#2131=VERTEX_POINT('',#7217);
#2132=VERTEX_POINT('',#7219);
#2133=VERTEX_POINT('',#7221);
#2134=VERTEX_POINT('',#7223);
#2135=VERTEX_POINT('',#7225);
#2136=VERTEX_POINT('',#7227);
#2137=VERTEX_POINT('',#7229);
#2138=VERTEX_POINT('',#7231);
#2139=VERTEX_POINT('',#7233);
#2140=VERTEX_POINT('',#7237);
#2141=VERTEX_POINT('',#7241);
#2142=VERTEX_POINT('',#7245);
#2143=VERTEX_POINT('',#7246);
#2144=VERTEX_POINT('',#7251);
#2145=VERTEX_POINT('',#7255);
#2146=VERTEX_POINT('',#7259);
#2147=VERTEX_POINT('',#7260);
#2148=VERTEX_POINT('',#7265);
#2149=VERTEX_POINT('',#7269);
#2150=VERTEX_POINT('',#7273);
#2151=VERTEX_POINT('',#7277);
#2152=VERTEX_POINT('',#7278);
#2153=VERTEX_POINT('',#7283);
#2154=VERTEX_POINT('',#7287);
#2155=VERTEX_POINT('',#7288);
#2156=VERTEX_POINT('',#7295);
#2157=VERTEX_POINT('',#7297);
#2158=VERTEX_POINT('',#7301);
#2159=VERTEX_POINT('',#7305);
#2160=VERTEX_POINT('',#7309);
#2161=VERTEX_POINT('',#7313);
#2162=VERTEX_POINT('',#7317);
#2163=VERTEX_POINT('',#7319);
#2164=VERTEX_POINT('',#7325);
#2165=VERTEX_POINT('',#7326);
#2166=VERTEX_POINT('',#7333);
#2167=VERTEX_POINT('',#7339);
#2168=VERTEX_POINT('',#7343);
#2169=VERTEX_POINT('',#7347);
#2170=VERTEX_POINT('',#7351);
#2171=VERTEX_POINT('',#7355);
#2172=VERTEX_POINT('',#7359);
#2173=VERTEX_POINT('',#7371);
#2174=VERTEX_POINT('',#7373);
#2175=VERTEX_POINT('',#7379);
#2176=VERTEX_POINT('',#7383);
#2177=VERTEX_POINT('',#7389);
#2178=VERTEX_POINT('',#7391);
#2179=VERTEX_POINT('',#7395);
#2180=VERTEX_POINT('',#7399);
#2181=VERTEX_POINT('',#7405);
#2182=VERTEX_POINT('',#7407);
#2183=VERTEX_POINT('',#7411);
#2184=VERTEX_POINT('',#7412);
#2185=VERTEX_POINT('',#7414);
#2186=VERTEX_POINT('',#7416);
#2187=VERTEX_POINT('',#7423);
#2188=VERTEX_POINT('',#7425);
#2189=VERTEX_POINT('',#7427);
#2190=VERTEX_POINT('',#7429);
#2191=VERTEX_POINT('',#7431);
#2192=VERTEX_POINT('',#7433);
#2193=VERTEX_POINT('',#7435);
#2194=VERTEX_POINT('',#7437);
#2195=VERTEX_POINT('',#7439);
#2196=VERTEX_POINT('',#7441);
#2197=VERTEX_POINT('',#7443);
#2198=VERTEX_POINT('',#7445);
#2199=VERTEX_POINT('',#7447);
#2200=VERTEX_POINT('',#7449);
#2201=VERTEX_POINT('',#7451);
#2202=VERTEX_POINT('',#7453);
#2203=VERTEX_POINT('',#7456);
#2204=VERTEX_POINT('',#7458);
#2205=VERTEX_POINT('',#7460);
#2206=VERTEX_POINT('',#7462);
#2207=VERTEX_POINT('',#7464);
#2208=VERTEX_POINT('',#7466);
#2209=VERTEX_POINT('',#7468);
#2210=VERTEX_POINT('',#7470);
#2211=VERTEX_POINT('',#7472);
#2212=VERTEX_POINT('',#7474);
#2213=VERTEX_POINT('',#7476);
#2214=VERTEX_POINT('',#7478);
#2215=VERTEX_POINT('',#7480);
#2216=VERTEX_POINT('',#7483);
#2217=VERTEX_POINT('',#7486);
#2218=VERTEX_POINT('',#7488);
#2219=VERTEX_POINT('',#7492);
#2220=VERTEX_POINT('',#7498);
#2221=VERTEX_POINT('',#7502);
#2222=VERTEX_POINT('',#7506);
#2223=VERTEX_POINT('',#7508);
#2224=VERTEX_POINT('',#7514);
#2225=VERTEX_POINT('',#7516);
#2226=VERTEX_POINT('',#7520);
#2227=VERTEX_POINT('',#7526);
#2228=VERTEX_POINT('',#7530);
#2229=VERTEX_POINT('',#7531);
#2230=VERTEX_POINT('',#7536);
#2231=VERTEX_POINT('',#7538);
#2232=VERTEX_POINT('',#7540);
#2233=VERTEX_POINT('',#7544);
#2234=VERTEX_POINT('',#7546);
#2235=VERTEX_POINT('',#7551);
#2236=VERTEX_POINT('',#7555);
#2237=VERTEX_POINT('',#7559);
#2238=VERTEX_POINT('',#7568);
#2239=VERTEX_POINT('',#7569);
#2240=VERTEX_POINT('',#7574);
#2241=VERTEX_POINT('',#7576);
#2242=VERTEX_POINT('',#7578);
#2243=VERTEX_POINT('',#7582);
#2244=VERTEX_POINT('',#7584);
#2245=VERTEX_POINT('',#7589);
#2246=VERTEX_POINT('',#7593);
#2247=VERTEX_POINT('',#7597);
#2248=VERTEX_POINT('',#7606);
#2249=VERTEX_POINT('',#7610);
#2250=VERTEX_POINT('',#7612);
#2251=VERTEX_POINT('',#7618);
#2252=VERTEX_POINT('',#7622);
#2253=VERTEX_POINT('',#7626);
#2254=VERTEX_POINT('',#7630);
#2255=VERTEX_POINT('',#7636);
#2256=VERTEX_POINT('',#7638);
#2257=VERTEX_POINT('',#7640);
#2258=VERTEX_POINT('',#7642);
#2259=VERTEX_POINT('',#7645);
#2260=VERTEX_POINT('',#7647);
#2261=VERTEX_POINT('',#7649);
#2262=VERTEX_POINT('',#7652);
#2263=VERTEX_POINT('',#7676);
#2264=VERTEX_POINT('',#7677);
#2265=VERTEX_POINT('',#7679);
#2266=VERTEX_POINT('',#7681);
#2267=VERTEX_POINT('',#7685);
#2268=VERTEX_POINT('',#7687);
#2269=VERTEX_POINT('',#7691);
#2270=VERTEX_POINT('',#7693);
#2271=EDGE_CURVE('',#1869,#1870,#881,.T.);
#2272=EDGE_CURVE('',#1870,#1871,#857,.T.);
#2273=EDGE_CURVE('',#1871,#1872,#882,.T.);
#2274=EDGE_CURVE('',#1872,#1869,#858,.T.);
#2275=EDGE_CURVE('',#1873,#1874,#219,.F.);
#2276=EDGE_CURVE('',#1875,#1873,#220,.F.);
#2277=EDGE_CURVE('',#1874,#1875,#221,.F.);
#2278=EDGE_CURVE('',#1876,#1877,#222,.F.);
#2279=EDGE_CURVE('',#1878,#1876,#223,.F.);
#2280=EDGE_CURVE('',#1877,#1878,#224,.F.);
#2281=EDGE_CURVE('',#1879,#1880,#225,.F.);
#2282=EDGE_CURVE('',#1880,#1878,#883,.T.);
#2283=EDGE_CURVE('',#1876,#1879,#884,.T.);
#2284=EDGE_CURVE('',#1873,#1877,#885,.T.);
#2285=EDGE_CURVE('',#1878,#1875,#886,.T.);
#2286=EDGE_CURVE('',#1870,#1876,#887,.T.);
#2287=EDGE_CURVE('',#1877,#1871,#888,.T.);
#2288=EDGE_CURVE('',#1881,#1882,#226,.F.);
#2289=EDGE_CURVE('',#1882,#1874,#889,.T.);
#2290=EDGE_CURVE('',#1875,#1881,#890,.T.);
#2291=EDGE_CURVE('',#1872,#1873,#891,.T.);
#2292=EDGE_CURVE('',#1874,#1869,#892,.T.);
#2293=EDGE_CURVE('',#1870,#1883,#893,.T.);
#2294=EDGE_CURVE('',#1883,#1879,#894,.T.);
#2295=EDGE_CURVE('',#1884,#1869,#895,.T.);
#2296=EDGE_CURVE('',#1885,#1884,#896,.T.);
#2297=EDGE_CURVE('',#1885,#1886,#897,.T.);
#2298=EDGE_CURVE('',#1886,#1887,#898,.T.);
#2299=EDGE_CURVE('',#1888,#1887,#227,.T.);
#2300=EDGE_CURVE('',#1889,#1888,#899,.T.);
#2301=EDGE_CURVE('',#1889,#1890,#900,.T.);
#2302=EDGE_CURVE('',#1890,#1891,#901,.T.);
#2303=EDGE_CURVE('',#1891,#1892,#902,.T.);
#2304=EDGE_CURVE('',#1893,#1892,#903,.T.);
#2305=EDGE_CURVE('',#1894,#1893,#228,.T.);
#2306=EDGE_CURVE('',#1894,#1895,#904,.T.);
#2307=EDGE_CURVE('',#1895,#1896,#905,.T.);
#2308=EDGE_CURVE('',#1897,#1896,#906,.T.);
#2309=EDGE_CURVE('',#1898,#1897,#907,.T.);
#2310=EDGE_CURVE('',#1899,#1898,#908,.T.);
#2311=EDGE_CURVE('',#1900,#1899,#909,.T.);
#2312=EDGE_CURVE('',#1901,#1900,#910,.T.);
#2313=EDGE_CURVE('',#1901,#1902,#911,.T.);
#2314=EDGE_CURVE('',#1902,#1903,#912,.T.);
#2315=EDGE_CURVE('',#1904,#1903,#229,.T.);
#2316=EDGE_CURVE('',#1905,#1904,#913,.T.);
#2317=EDGE_CURVE('',#1905,#1906,#914,.T.);
#2318=EDGE_CURVE('',#1906,#1907,#915,.T.);
#2319=EDGE_CURVE('',#1907,#1908,#916,.T.);
#2320=EDGE_CURVE('',#1909,#1908,#917,.T.);
#2321=EDGE_CURVE('',#1910,#1909,#230,.T.);
#2322=EDGE_CURVE('',#1910,#1911,#918,.T.);
#2323=EDGE_CURVE('',#1911,#1912,#919,.T.);
#2324=EDGE_CURVE('',#1883,#1912,#920,.T.);
#2325=EDGE_CURVE('',#1913,#1914,#231,.T.);
#2326=EDGE_CURVE('',#1914,#1915,#921,.T.);
#2327=EDGE_CURVE('',#1915,#1916,#232,.T.);
#2328=EDGE_CURVE('',#1916,#1917,#922,.T.);
#2329=EDGE_CURVE('',#1917,#1918,#233,.T.);
#2330=EDGE_CURVE('',#1918,#1919,#923,.T.);
#2331=EDGE_CURVE('',#1919,#1920,#234,.T.);
#2332=EDGE_CURVE('',#1920,#1913,#924,.T.);
#2333=EDGE_CURVE('',#1884,#1882,#925,.T.);
#2334=EDGE_CURVE('',#1898,#1921,#859,.T.);
#2335=EDGE_CURVE('',#1921,#1922,#926,.T.);
#2336=EDGE_CURVE('',#1922,#1899,#860,.T.);
#2337=EDGE_CURVE('',#1923,#1924,#235,.F.);
#2338=EDGE_CURVE('',#1925,#1923,#236,.F.);
#2339=EDGE_CURVE('',#1924,#1925,#237,.F.);
#2340=EDGE_CURVE('',#1926,#1927,#238,.F.);
#2341=EDGE_CURVE('',#1927,#1925,#927,.T.);
#2342=EDGE_CURVE('',#1923,#1926,#928,.T.);
#2343=EDGE_CURVE('',#1922,#1924,#929,.T.);
#2344=EDGE_CURVE('',#1925,#1899,#930,.T.);
#2345=EDGE_CURVE('',#1928,#1929,#239,.F.);
#2346=EDGE_CURVE('',#1930,#1928,#240,.F.);
#2347=EDGE_CURVE('',#1929,#1930,#241,.F.);
#2348=EDGE_CURVE('',#1924,#1930,#931,.T.);
#2349=EDGE_CURVE('',#1928,#1923,#932,.T.);
#2350=EDGE_CURVE('',#1898,#1929,#933,.T.);
#2351=EDGE_CURVE('',#1930,#1921,#934,.T.);
#2352=EDGE_CURVE('',#1931,#1932,#242,.F.);
#2353=EDGE_CURVE('',#1932,#1928,#935,.T.);
#2354=EDGE_CURVE('',#1929,#1931,#936,.T.);
#2355=EDGE_CURVE('',#1933,#1880,#937,.T.);
#2356=EDGE_CURVE('',#1933,#1934,#938,.T.);
#2357=EDGE_CURVE('',#1934,#1935,#939,.T.);
#2358=EDGE_CURVE('',#1935,#1936,#940,.T.);
#2359=EDGE_CURVE('',#1936,#1937,#941,.T.);
#2360=EDGE_CURVE('',#1938,#1937,#942,.T.);
#2361=EDGE_CURVE('',#1939,#1938,#943,.T.);
#2362=EDGE_CURVE('',#1939,#1940,#944,.T.);
#2363=EDGE_CURVE('',#1940,#1941,#945,.T.);
#2364=EDGE_CURVE('',#1941,#1942,#946,.T.);
#2365=EDGE_CURVE('',#1926,#1942,#947,.T.);
#2366=EDGE_CURVE('',#1943,#1932,#948,.T.);
#2367=EDGE_CURVE('',#1943,#1944,#949,.T.);
#2368=EDGE_CURVE('',#1944,#1945,#950,.T.);
#2369=EDGE_CURVE('',#1945,#1946,#951,.T.);
#2370=EDGE_CURVE('',#1947,#1946,#952,.T.);
#2371=EDGE_CURVE('',#1948,#1947,#953,.T.);
#2372=EDGE_CURVE('',#1948,#1949,#954,.T.);
#2373=EDGE_CURVE('',#1949,#1950,#955,.T.);
#2374=EDGE_CURVE('',#1950,#1951,#956,.T.);
#2375=EDGE_CURVE('',#1951,#1952,#957,.T.);
#2376=EDGE_CURVE('',#1881,#1952,#958,.T.);
#2377=EDGE_CURVE('',#1893,#1953,#959,.T.);
#2378=EDGE_CURVE('',#1953,#1954,#861,.T.);
#2379=EDGE_CURVE('',#1954,#1894,#960,.T.);
#2380=EDGE_CURVE('',#1955,#1956,#243,.F.);
#2381=EDGE_CURVE('',#1957,#1955,#244,.T.);
#2382=EDGE_CURVE('',#1957,#1958,#245,.T.);
#2383=EDGE_CURVE('',#1956,#1958,#246,.T.);
#2384=EDGE_CURVE('',#1953,#1957,#961,.T.);
#2385=EDGE_CURVE('',#1955,#1954,#962,.T.);
#2386=EDGE_CURVE('',#1959,#1960,#247,.F.);
#2387=EDGE_CURVE('',#1961,#1959,#248,.F.);
#2388=EDGE_CURVE('',#1960,#1961,#249,.F.);
#2389=EDGE_CURVE('',#1959,#1956,#963,.T.);
#2390=EDGE_CURVE('',#1958,#1961,#964,.T.);
#2391=EDGE_CURVE('',#1962,#1960,#965,.T.);
#2392=EDGE_CURVE('',#1961,#1963,#966,.T.);
#2393=EDGE_CURVE('',#1963,#1962,#862,.T.);
#2394=EDGE_CURVE('',#1947,#1962,#967,.T.);
#2395=EDGE_CURVE('',#1963,#1964,#968,.T.);
#2396=EDGE_CURVE('',#1964,#1947,#863,.T.);
#2397=EDGE_CURVE('',#1964,#1965,#969,.T.);
#2398=EDGE_CURVE('',#1965,#1948,#864,.T.);
#2399=EDGE_CURVE('',#1887,#1966,#970,.T.);
#2400=EDGE_CURVE('',#1966,#1967,#865,.T.);
#2401=EDGE_CURVE('',#1967,#1888,#971,.T.);
#2402=EDGE_CURVE('',#1968,#1948,#972,.T.);
#2403=EDGE_CURVE('',#1965,#1969,#973,.T.);
#2404=EDGE_CURVE('',#1969,#1968,#866,.T.);
#2405=EDGE_CURVE('',#1970,#1971,#250,.F.);
#2406=EDGE_CURVE('',#1972,#1970,#251,.T.);
#2407=EDGE_CURVE('',#1972,#1973,#252,.T.);
#2408=EDGE_CURVE('',#1971,#1973,#253,.T.);
#2409=EDGE_CURVE('',#1974,#1975,#254,.F.);
#2410=EDGE_CURVE('',#1976,#1974,#255,.F.);
#2411=EDGE_CURVE('',#1975,#1976,#256,.F.);
#2412=EDGE_CURVE('',#1969,#1976,#974,.T.);
#2413=EDGE_CURVE('',#1974,#1968,#975,.T.);
#2414=EDGE_CURVE('',#1970,#1975,#976,.T.);
#2415=EDGE_CURVE('',#1976,#1972,#977,.T.);
#2416=EDGE_CURVE('',#1977,#1970,#978,.T.);
#2417=EDGE_CURVE('',#1971,#1978,#979,.T.);
#2418=EDGE_CURVE('',#1978,#1979,#257,.T.);
#2419=EDGE_CURVE('',#1979,#1977,#47,.T.);
#2420=EDGE_CURVE('',#1980,#1974,#980,.T.);
#2421=EDGE_CURVE('',#1975,#1981,#981,.T.);
#2422=EDGE_CURVE('',#1981,#1980,#867,.T.);
#2423=EDGE_CURVE('',#1981,#1977,#982,.T.);
#2424=EDGE_CURVE('',#1979,#1982,#983,.T.);
#2425=EDGE_CURVE('',#1982,#1980,#868,.T.);
#2426=EDGE_CURVE('',#1966,#1971,#984,.T.);
#2427=EDGE_CURVE('',#1973,#1967,#985,.T.);
#2428=EDGE_CURVE('',#1983,#1959,#986,.T.);
#2429=EDGE_CURVE('',#1960,#1984,#987,.T.);
#2430=EDGE_CURVE('',#1983,#1984,#869,.T.);
#2431=EDGE_CURVE('',#1985,#1955,#988,.T.);
#2432=EDGE_CURVE('',#1956,#1986,#989,.T.);
#2433=EDGE_CURVE('',#1986,#1987,#48,.T.);
#2434=EDGE_CURVE('',#1987,#1985,#258,.T.);
#2435=EDGE_CURVE('',#1986,#1983,#990,.T.);
#2436=EDGE_CURVE('',#1984,#1988,#870,.T.);
#2437=EDGE_CURVE('',#1988,#1987,#991,.T.);
#2438=EDGE_CURVE('',#1892,#1989,#992,.T.);
#2439=EDGE_CURVE('',#1989,#1990,#993,.T.);
#2440=EDGE_CURVE('',#1990,#1889,#994,.T.);
#2441=EDGE_CURVE('',#1991,#1954,#995,.T.);
#2442=EDGE_CURVE('',#1895,#1991,#996,.T.);
#2443=EDGE_CURVE('',#1992,#1985,#997,.T.);
#2444=EDGE_CURVE('',#1993,#1992,#998,.T.);
#2445=EDGE_CURVE('',#1993,#1991,#999,.T.);
#2446=EDGE_CURVE('',#1903,#1994,#1000,.T.);
#2447=EDGE_CURVE('',#1994,#1995,#871,.T.);
#2448=EDGE_CURVE('',#1995,#1904,#1001,.T.);
#2449=EDGE_CURVE('',#1996,#1997,#259,.T.);
#2450=EDGE_CURVE('',#1998,#1997,#260,.T.);
#2451=EDGE_CURVE('',#1999,#1998,#261,.F.);
#2452=EDGE_CURVE('',#1996,#1999,#262,.T.);
#2453=EDGE_CURVE('',#1994,#1998,#1002,.T.);
#2454=EDGE_CURVE('',#1997,#1995,#1003,.T.);
#2455=EDGE_CURVE('',#2000,#1999,#1004,.T.);
#2456=EDGE_CURVE('',#1998,#2001,#1005,.T.);
#2457=EDGE_CURVE('',#2001,#2002,#263,.T.);
#2458=EDGE_CURVE('',#2002,#2000,#49,.T.);
#2459=EDGE_CURVE('',#2003,#2004,#264,.F.);
#2460=EDGE_CURVE('',#2005,#2003,#265,.F.);
#2461=EDGE_CURVE('',#2004,#2005,#266,.F.);
#2462=EDGE_CURVE('',#2006,#1938,#1006,.T.);
#2463=EDGE_CURVE('',#1938,#2007,#872,.T.);
#2464=EDGE_CURVE('',#2007,#2008,#1007,.T.);
#2465=EDGE_CURVE('',#2008,#2006,#873,.T.);
#2466=EDGE_CURVE('',#1937,#2009,#874,.T.);
#2467=EDGE_CURVE('',#2009,#2007,#1008,.T.);
#2468=EDGE_CURVE('',#1909,#2010,#1009,.T.);
#2469=EDGE_CURVE('',#2010,#2011,#875,.T.);
#2470=EDGE_CURVE('',#2011,#1910,#1010,.T.);
#2471=EDGE_CURVE('',#2012,#2013,#1011,.T.);
#2472=EDGE_CURVE('',#2014,#2013,#50,.T.);
#2473=EDGE_CURVE('',#2014,#2015,#1012,.T.);
#2474=EDGE_CURVE('',#2015,#2016,#876,.T.);
#2475=EDGE_CURVE('',#2016,#2012,#877,.T.);
#2476=EDGE_CURVE('',#2017,#2018,#267,.T.);
#2477=EDGE_CURVE('',#2019,#2018,#268,.T.);
#2478=EDGE_CURVE('',#2020,#2019,#269,.F.);
#2479=EDGE_CURVE('',#2017,#2020,#270,.T.);
#2480=EDGE_CURVE('',#2021,#2022,#271,.F.);
#2481=EDGE_CURVE('',#2023,#2021,#272,.F.);
#2482=EDGE_CURVE('',#2022,#2023,#273,.F.);
#2483=EDGE_CURVE('',#2018,#2023,#1013,.T.);
#2484=EDGE_CURVE('',#2021,#2019,#1014,.T.);
#2485=EDGE_CURVE('',#2024,#2022,#1015,.T.);
#2486=EDGE_CURVE('',#2023,#2025,#1016,.T.);
#2487=EDGE_CURVE('',#2025,#2024,#878,.T.);
#2488=EDGE_CURVE('',#2015,#2021,#1017,.T.);
#2489=EDGE_CURVE('',#2022,#2016,#1018,.T.);
#2490=EDGE_CURVE('',#2026,#2020,#1019,.T.);
#2491=EDGE_CURVE('',#2019,#2014,#1020,.T.);
#2492=EDGE_CURVE('',#2013,#2026,#274,.T.);
#2493=EDGE_CURVE('',#2010,#2017,#1021,.T.);
#2494=EDGE_CURVE('',#2020,#2011,#1022,.T.);
#2495=EDGE_CURVE('',#1937,#2024,#1023,.T.);
#2496=EDGE_CURVE('',#2025,#2009,#1024,.T.);
#2497=EDGE_CURVE('',#2008,#2005,#1025,.T.);
#2498=EDGE_CURVE('',#2003,#2006,#1026,.T.);
#2499=EDGE_CURVE('',#2005,#1996,#1027,.T.);
#2500=EDGE_CURVE('',#1999,#2004,#1028,.T.);
#2501=EDGE_CURVE('',#2027,#2003,#1029,.T.);
#2502=EDGE_CURVE('',#2004,#2028,#1030,.T.);
#2503=EDGE_CURVE('',#2028,#2027,#879,.T.);
#2504=EDGE_CURVE('',#2002,#2029,#1031,.T.);
#2505=EDGE_CURVE('',#2029,#2027,#880,.T.);
#2506=EDGE_CURVE('',#2028,#2000,#1032,.T.);
#2507=EDGE_CURVE('',#1908,#2030,#1033,.T.);
#2508=EDGE_CURVE('',#2030,#2031,#1034,.T.);
#2509=EDGE_CURVE('',#2031,#1905,#1035,.T.);
#2510=EDGE_CURVE('',#2032,#2011,#1036,.T.);
#2511=EDGE_CURVE('',#1911,#2032,#1037,.T.);
#2512=EDGE_CURVE('',#2026,#2033,#1038,.T.);
#2513=EDGE_CURVE('',#2034,#2033,#1039,.T.);
#2514=EDGE_CURVE('',#2034,#2032,#1040,.T.);
#2515=EDGE_CURVE('',#2035,#2012,#1041,.T.);
#2516=EDGE_CURVE('',#2035,#1934,#1042,.T.);
#2517=EDGE_CURVE('',#2033,#1933,#1043,.T.);
#2518=EDGE_CURVE('',#2024,#2036,#1044,.T.);
#2519=EDGE_CURVE('',#2036,#2037,#1045,.T.);
#2520=EDGE_CURVE('',#2037,#2035,#1046,.T.);
#2521=EDGE_CURVE('',#2038,#2039,#1047,.T.);
#2522=EDGE_CURVE('',#2038,#2040,#1048,.T.);
#2523=EDGE_CURVE('',#2040,#2041,#1049,.T.);
#2524=EDGE_CURVE('',#2039,#2041,#1050,.T.);
#2525=EDGE_CURVE('',#2042,#2038,#1051,.T.);
#2526=EDGE_CURVE('',#2042,#2043,#1052,.T.);
#2527=EDGE_CURVE('',#2043,#2040,#1053,.T.);
#2528=EDGE_CURVE('',#2044,#2045,#275,.T.);
#2529=EDGE_CURVE('',#2041,#2044,#1054,.T.);
#2530=EDGE_CURVE('',#2046,#2043,#276,.T.);
#2531=EDGE_CURVE('',#2045,#2046,#1055,.T.);
#2532=EDGE_CURVE('',#2047,#2048,#1056,.T.);
#2533=EDGE_CURVE('',#2047,#2049,#1057,.T.);
#2534=EDGE_CURVE('',#2049,#2050,#1058,.T.);
#2535=EDGE_CURVE('',#2048,#2050,#1059,.T.);
#2536=EDGE_CURVE('',#2051,#2052,#277,.T.);
#2537=EDGE_CURVE('',#2053,#2051,#1060,.T.);
#2538=EDGE_CURVE('',#2054,#2053,#278,.T.);
#2539=EDGE_CURVE('',#2050,#2054,#1061,.T.);
#2540=EDGE_CURVE('',#2052,#2049,#1062,.T.);
#2541=EDGE_CURVE('',#2055,#2056,#1063,.T.);
#2542=EDGE_CURVE('',#2055,#2057,#1064,.T.);
#2543=EDGE_CURVE('',#2057,#2058,#1065,.T.);
#2544=EDGE_CURVE('',#2056,#2058,#1066,.T.);
#2545=EDGE_CURVE('',#2059,#2060,#1067,.T.);
#2546=EDGE_CURVE('',#2059,#2061,#1068,.T.);
#2547=EDGE_CURVE('',#2061,#2062,#1069,.T.);
#2548=EDGE_CURVE('',#2060,#2062,#1070,.T.);
#2549=EDGE_CURVE('',#2058,#2061,#1071,.T.);
#2550=EDGE_CURVE('',#2062,#2057,#1072,.T.);
#2551=EDGE_CURVE('',#2055,#2048,#1073,.T.);
#2552=EDGE_CURVE('',#2047,#2056,#1074,.T.);
#2553=EDGE_CURVE('',#2059,#2039,#1075,.T.);
#2554=EDGE_CURVE('',#2038,#2060,#1076,.T.);
#2555=EDGE_CURVE('',#1917,#2046,#1077,.T.);
#2556=EDGE_CURVE('',#1918,#2042,#1078,.T.);
#2557=EDGE_CURVE('',#1919,#2054,#1079,.T.);
#2558=EDGE_CURVE('',#1920,#2053,#1080,.T.);
#2559=EDGE_CURVE('',#1913,#2051,#1081,.T.);
#2560=EDGE_CURVE('',#1914,#2052,#1082,.T.);
#2561=EDGE_CURVE('',#1916,#2045,#1083,.T.);
#2562=EDGE_CURVE('',#1915,#2044,#1084,.T.);
#2563=EDGE_CURVE('',#2063,#1990,#1085,.T.);
#2564=EDGE_CURVE('',#1890,#2063,#1086,.T.);
#2565=EDGE_CURVE('',#1989,#2064,#1087,.T.);
#2566=EDGE_CURVE('',#1891,#2064,#1088,.T.);
#2567=EDGE_CURVE('',#2064,#2063,#1089,.T.);
#2568=EDGE_CURVE('',#2030,#2065,#1090,.T.);
#2569=EDGE_CURVE('',#1907,#2065,#1091,.T.);
#2570=EDGE_CURVE('',#2065,#2066,#1092,.T.);
#2571=EDGE_CURVE('',#1906,#2066,#1093,.T.);
#2572=EDGE_CURVE('',#2066,#2031,#1094,.T.);
#2573=EDGE_CURVE('',#2067,#1968,#1095,.T.);
#2574=EDGE_CURVE('',#1949,#2067,#1096,.T.);
#2575=EDGE_CURVE('',#2036,#1936,#1097,.T.);
#2576=EDGE_CURVE('',#2068,#1946,#1098,.T.);
#2577=EDGE_CURVE('',#1962,#2068,#1099,.T.);
#2578=EDGE_CURVE('',#2069,#2006,#1100,.T.);
#2579=EDGE_CURVE('',#1939,#2069,#1101,.T.);
#2580=EDGE_CURVE('',#2029,#2070,#1102,.T.);
#2581=EDGE_CURVE('',#2070,#2071,#1103,.T.);
#2582=EDGE_CURVE('',#2071,#2069,#1104,.T.);
#2583=EDGE_CURVE('',#2068,#2072,#1105,.T.);
#2584=EDGE_CURVE('',#2072,#2073,#1106,.T.);
#2585=EDGE_CURVE('',#2073,#1988,#1107,.T.);
#2586=EDGE_CURVE('',#2071,#1940,#1108,.T.);
#2587=EDGE_CURVE('',#2037,#1935,#1109,.T.);
#2588=EDGE_CURVE('',#2072,#1945,#1110,.T.);
#2589=EDGE_CURVE('',#2074,#1951,#1111,.T.);
#2590=EDGE_CURVE('',#2075,#1950,#1112,.T.);
#2591=EDGE_CURVE('',#2074,#2075,#1113,.T.);
#2592=EDGE_CURVE('',#2073,#1944,#1114,.T.);
#2593=EDGE_CURVE('',#2070,#1941,#1115,.T.);
#2594=EDGE_CURVE('',#2075,#2067,#1116,.T.);
#2595=EDGE_CURVE('',#1992,#1943,#1117,.T.);
#2596=EDGE_CURVE('',#1897,#1931,#1118,.T.);
#2597=EDGE_CURVE('',#1900,#1927,#1119,.T.);
#2598=EDGE_CURVE('',#1942,#2076,#1120,.T.);
#2599=EDGE_CURVE('',#2076,#2077,#1121,.T.);
#2600=EDGE_CURVE('',#2077,#1901,#1122,.T.);
#2601=EDGE_CURVE('',#1978,#2078,#1123,.T.);
#2602=EDGE_CURVE('',#1952,#2078,#1124,.T.);
#2603=EDGE_CURVE('',#1982,#2074,#1125,.T.);
#2604=EDGE_CURVE('',#1896,#1993,#1126,.T.);
#2605=EDGE_CURVE('',#2078,#2079,#1127,.T.);
#2606=EDGE_CURVE('',#2079,#1885,#1128,.T.);
#2607=EDGE_CURVE('',#2076,#2001,#1129,.T.);
#2608=EDGE_CURVE('',#1912,#2034,#1130,.T.);
#2609=EDGE_CURVE('',#2077,#2080,#1131,.T.);
#2610=EDGE_CURVE('',#1902,#2080,#1132,.T.);
#2611=EDGE_CURVE('',#2080,#1994,#1133,.T.);
#2612=EDGE_CURVE('',#2079,#2081,#1134,.T.);
#2613=EDGE_CURVE('',#1886,#2081,#1135,.T.);
#2614=EDGE_CURVE('',#2081,#1966,#1136,.T.);
#2615=EDGE_CURVE('',#2082,#2082,#279,.T.);
#2616=EDGE_CURVE('',#2082,#2083,#280,.T.);
#2617=EDGE_CURVE('',#2083,#2083,#281,.T.);
#2618=EDGE_CURVE('',#2082,#2084,#1137,.T.);
#2619=EDGE_CURVE('',#2084,#2084,#282,.T.);
#2620=EDGE_CURVE('',#2085,#2086,#1138,.T.);
#2621=EDGE_CURVE('',#2087,#2086,#1139,.T.);
#2622=EDGE_CURVE('',#2087,#2088,#1140,.T.);
#2623=EDGE_CURVE('',#2088,#2085,#1141,.T.);
#2624=EDGE_CURVE('',#2086,#2089,#1142,.T.);
#2625=EDGE_CURVE('',#2090,#2089,#1143,.T.);
#2626=EDGE_CURVE('',#2090,#2087,#1144,.T.);
#2627=EDGE_CURVE('',#2089,#2091,#1145,.T.);
#2628=EDGE_CURVE('',#2092,#2091,#1146,.T.);
#2629=EDGE_CURVE('',#2092,#2090,#1147,.T.);
#2630=EDGE_CURVE('',#2091,#2085,#1148,.T.);
#2631=EDGE_CURVE('',#2088,#2092,#1149,.T.);
#2632=EDGE_CURVE('',#2093,#2094,#283,.T.);
#2633=EDGE_CURVE('',#2094,#2095,#1150,.T.);
#2634=EDGE_CURVE('',#2095,#2096,#284,.T.);
#2635=EDGE_CURVE('',#2096,#2093,#1151,.T.);
#2636=EDGE_CURVE('',#2096,#2097,#1152,.T.);
#2637=EDGE_CURVE('',#2098,#2097,#1153,.T.);
#2638=EDGE_CURVE('',#2093,#2098,#1154,.T.);
#2639=EDGE_CURVE('',#2099,#2095,#1155,.T.);
#2640=EDGE_CURVE('',#2100,#2099,#285,.T.);
#2641=EDGE_CURVE('',#2100,#2101,#1156,.T.);
#2642=EDGE_CURVE('',#2102,#2101,#286,.T.);
#2643=EDGE_CURVE('',#2102,#2103,#1157,.T.);
#2644=EDGE_CURVE('',#2104,#2103,#287,.T.);
#2645=EDGE_CURVE('',#2104,#2105,#1158,.T.);
#2646=EDGE_CURVE('',#2106,#2105,#288,.T.);
#2647=EDGE_CURVE('',#2107,#2106,#1159,.T.);
#2648=EDGE_CURVE('',#2108,#2107,#289,.T.);
#2649=EDGE_CURVE('',#2109,#2108,#1160,.T.);
#2650=EDGE_CURVE('',#2110,#2109,#290,.T.);
#2651=EDGE_CURVE('',#2111,#2110,#1161,.T.);
#2652=EDGE_CURVE('',#2112,#2111,#1162,.T.);
#2653=EDGE_CURVE('',#2112,#2113,#1163,.T.);
#2654=EDGE_CURVE('',#2114,#2113,#1164,.T.);
#2655=EDGE_CURVE('',#2115,#2114,#1165,.T.);
#2656=EDGE_CURVE('',#2097,#2115,#291,.T.);
#2657=EDGE_CURVE('',#2116,#2098,#292,.T.);
#2658=EDGE_CURVE('',#2115,#2116,#1166,.T.);
#2659=EDGE_CURVE('',#2117,#2114,#1167,.T.);
#2660=EDGE_CURVE('',#2116,#2117,#1168,.T.);
#2661=EDGE_CURVE('',#2118,#2119,#293,.T.);
#2662=EDGE_CURVE('',#2119,#2120,#1169,.T.);
#2663=EDGE_CURVE('',#2120,#2121,#294,.T.);
#2664=EDGE_CURVE('',#2121,#2118,#1170,.T.);
#2665=EDGE_CURVE('',#2120,#2122,#1171,.T.);
#2666=EDGE_CURVE('',#2123,#2122,#295,.T.);
#2667=EDGE_CURVE('',#2123,#2124,#1172,.T.);
#2668=EDGE_CURVE('',#2125,#2124,#1173,.T.);
#2669=EDGE_CURVE('',#2125,#2126,#1174,.T.);
#2670=EDGE_CURVE('',#2127,#2126,#1175,.T.);
#2671=EDGE_CURVE('',#2127,#2128,#1176,.T.);
#2672=EDGE_CURVE('',#2129,#2128,#296,.T.);
#2673=EDGE_CURVE('',#2129,#2130,#1177,.T.);
#2674=EDGE_CURVE('',#2131,#2130,#297,.T.);
#2675=EDGE_CURVE('',#2131,#2132,#1178,.T.);
#2676=EDGE_CURVE('',#2133,#2132,#298,.T.);
#2677=EDGE_CURVE('',#2133,#2134,#1179,.T.);
#2678=EDGE_CURVE('',#2135,#2134,#299,.T.);
#2679=EDGE_CURVE('',#2135,#2136,#1180,.T.);
#2680=EDGE_CURVE('',#2137,#2136,#300,.T.);
#2681=EDGE_CURVE('',#2137,#2138,#1181,.T.);
#2682=EDGE_CURVE('',#2139,#2138,#301,.T.);
#2683=EDGE_CURVE('',#2121,#2139,#1182,.T.);
#2684=EDGE_CURVE('',#2119,#2140,#1183,.T.);
#2685=EDGE_CURVE('',#2122,#2140,#1184,.T.);
#2686=EDGE_CURVE('',#2140,#2141,#302,.T.);
#2687=EDGE_CURVE('',#2141,#2123,#1185,.T.);
#2688=EDGE_CURVE('',#2142,#2143,#303,.T.);
#2689=EDGE_CURVE('',#2143,#2108,#1186,.T.);
#2690=EDGE_CURVE('',#2107,#2142,#1187,.T.);
#2691=EDGE_CURVE('',#2144,#2143,#1188,.T.);
#2692=EDGE_CURVE('',#2109,#2144,#1189,.T.);
#2693=EDGE_CURVE('',#2144,#2145,#304,.T.);
#2694=EDGE_CURVE('',#2145,#2110,#1190,.T.);
#2695=EDGE_CURVE('',#2146,#2147,#305,.T.);
#2696=EDGE_CURVE('',#2147,#2131,#1191,.T.);
#2697=EDGE_CURVE('',#2130,#2146,#1192,.T.);
#2698=EDGE_CURVE('',#2148,#2129,#1193,.T.);
#2699=EDGE_CURVE('',#2148,#2146,#1194,.T.);
#2700=EDGE_CURVE('',#2149,#2148,#306,.T.);
#2701=EDGE_CURVE('',#2128,#2149,#1195,.T.);
#2702=EDGE_CURVE('',#2150,#2127,#1196,.T.);
#2703=EDGE_CURVE('',#2150,#2149,#1197,.T.);
#2704=EDGE_CURVE('',#2151,#2152,#307,.T.);
#2705=EDGE_CURVE('',#2152,#2104,#1198,.T.);
#2706=EDGE_CURVE('',#2103,#2151,#1199,.T.);
#2707=EDGE_CURVE('',#2153,#2152,#1200,.T.);
#2708=EDGE_CURVE('',#2105,#2153,#1201,.T.);
#2709=EDGE_CURVE('',#2154,#2155,#308,.T.);
#2710=EDGE_CURVE('',#2155,#2102,#1202,.T.);
#2711=EDGE_CURVE('',#2101,#2154,#1203,.T.);
#2712=EDGE_CURVE('',#2151,#2155,#1204,.T.);
#2713=EDGE_CURVE('',#2136,#2156,#1205,.T.);
#2714=EDGE_CURVE('',#2156,#2157,#309,.T.);
#2715=EDGE_CURVE('',#2157,#2137,#1206,.T.);
#2716=EDGE_CURVE('',#2158,#2135,#1207,.T.);
#2717=EDGE_CURVE('',#2156,#2158,#1208,.T.);
#2718=EDGE_CURVE('',#2134,#2159,#1209,.T.);
#2719=EDGE_CURVE('',#2159,#2158,#310,.T.);
#2720=EDGE_CURVE('',#2160,#2133,#1210,.T.);
#2721=EDGE_CURVE('',#2159,#2160,#1211,.T.);
#2722=EDGE_CURVE('',#2153,#2161,#311,.T.);
#2723=EDGE_CURVE('',#2161,#2106,#1212,.T.);
#2724=EDGE_CURVE('',#2099,#2162,#1213,.T.);
#2725=EDGE_CURVE('',#2162,#2163,#312,.T.);
#2726=EDGE_CURVE('',#2163,#2100,#1214,.T.);
#2727=EDGE_CURVE('',#2162,#2094,#1215,.T.);
#2728=EDGE_CURVE('',#2164,#2165,#313,.T.);
#2729=EDGE_CURVE('',#2165,#2139,#1216,.T.);
#2730=EDGE_CURVE('',#2138,#2164,#1217,.T.);
#2731=EDGE_CURVE('',#2164,#2157,#1218,.T.);
#2732=EDGE_CURVE('',#2132,#2166,#1219,.T.);
#2733=EDGE_CURVE('',#2166,#2160,#314,.T.);
#2734=EDGE_CURVE('',#2147,#2166,#1220,.T.);
#2735=EDGE_CURVE('',#2167,#2145,#1221,.T.);
#2736=EDGE_CURVE('',#2111,#2167,#1222,.T.);
#2737=EDGE_CURVE('',#2113,#2168,#1223,.T.);
#2738=EDGE_CURVE('',#2117,#2168,#1224,.T.);
#2739=EDGE_CURVE('',#2167,#2169,#1225,.T.);
#2740=EDGE_CURVE('',#2169,#2112,#1226,.T.);
#2741=EDGE_CURVE('',#2141,#2170,#1227,.T.);
#2742=EDGE_CURVE('',#2124,#2170,#1228,.T.);
#2743=EDGE_CURVE('',#2170,#2171,#1229,.T.);
#2744=EDGE_CURVE('',#2171,#2125,#1230,.T.);
#2745=EDGE_CURVE('',#2126,#2172,#1231,.T.);
#2746=EDGE_CURVE('',#2150,#2172,#1232,.T.);
#2747=EDGE_CURVE('',#2154,#2163,#1233,.T.);
#2748=EDGE_CURVE('',#2118,#2165,#1234,.T.);
#2749=EDGE_CURVE('',#2142,#2161,#1235,.T.);
#2750=EDGE_CURVE('',#2168,#2169,#1236,.T.);
#2751=EDGE_CURVE('',#2173,#2125,#315,.T.);
#2752=EDGE_CURVE('',#2173,#2174,#1237,.T.);
#2753=EDGE_CURVE('',#2126,#2174,#316,.T.);
#2754=EDGE_CURVE('',#2172,#2171,#1238,.T.);
#2755=EDGE_CURVE('',#2171,#2175,#317,.T.);
#2756=EDGE_CURVE('',#2175,#2173,#1239,.T.);
#2757=EDGE_CURVE('',#2174,#2176,#1240,.T.);
#2758=EDGE_CURVE('',#2172,#2176,#318,.T.);
#2759=EDGE_CURVE('',#2176,#2175,#1241,.T.);
#2760=EDGE_CURVE('',#2177,#2112,#319,.T.);
#2761=EDGE_CURVE('',#2177,#2178,#1242,.T.);
#2762=EDGE_CURVE('',#2113,#2178,#320,.T.);
#2763=EDGE_CURVE('',#2169,#2179,#321,.T.);
#2764=EDGE_CURVE('',#2179,#2177,#1243,.T.);
#2765=EDGE_CURVE('',#2178,#2180,#1244,.T.);
#2766=EDGE_CURVE('',#2168,#2180,#322,.T.);
#2767=EDGE_CURVE('',#2180,#2179,#1245,.T.);
#2768=EDGE_CURVE('',#2181,#2178,#1246,.T.);
#2769=EDGE_CURVE('',#2182,#2181,#1247,.T.);
#2770=EDGE_CURVE('',#2180,#2182,#1248,.T.);
#2771=EDGE_CURVE('',#2183,#2184,#1249,.T.);
#2772=EDGE_CURVE('',#2185,#2183,#1250,.T.);
#2773=EDGE_CURVE('',#2186,#2185,#1251,.T.);
#2774=EDGE_CURVE('',#2186,#2184,#1252,.T.);
#2775=EDGE_CURVE('',#2184,#2181,#1253,.T.);
#2776=EDGE_CURVE('',#2182,#2186,#1254,.T.);
#2777=EDGE_CURVE('',#2177,#2187,#1255,.T.);
#2778=EDGE_CURVE('',#2187,#2188,#1256,.T.);
#2779=EDGE_CURVE('',#2188,#2189,#1257,.T.);
#2780=EDGE_CURVE('',#2190,#2189,#1258,.T.);
#2781=EDGE_CURVE('',#2191,#2190,#1259,.T.);
#2782=EDGE_CURVE('',#2191,#2192,#1260,.T.);
#2783=EDGE_CURVE('',#2192,#2193,#323,.T.);
#2784=EDGE_CURVE('',#2193,#2194,#1261,.T.);
#2785=EDGE_CURVE('',#2194,#2195,#1262,.T.);
#2786=EDGE_CURVE('',#2195,#2196,#1263,.T.);
#2787=EDGE_CURVE('',#2196,#2197,#324,.T.);
#2788=EDGE_CURVE('',#2197,#2198,#1264,.T.);
#2789=EDGE_CURVE('',#2199,#2198,#1265,.T.);
#2790=EDGE_CURVE('',#2200,#2199,#1266,.T.);
#2791=EDGE_CURVE('',#2200,#2201,#1267,.T.);
#2792=EDGE_CURVE('',#2201,#2202,#1268,.T.);
#2793=EDGE_CURVE('',#2202,#2174,#1269,.T.);
#2794=EDGE_CURVE('',#2173,#2203,#1270,.T.);
#2795=EDGE_CURVE('',#2203,#2204,#1271,.T.);
#2796=EDGE_CURVE('',#2204,#2205,#1272,.T.);
#2797=EDGE_CURVE('',#2206,#2205,#1273,.T.);
#2798=EDGE_CURVE('',#2207,#2206,#1274,.T.);
#2799=EDGE_CURVE('',#2207,#2208,#1275,.T.);
#2800=EDGE_CURVE('',#2208,#2209,#325,.T.);
#2801=EDGE_CURVE('',#2209,#2210,#1276,.T.);
#2802=EDGE_CURVE('',#2210,#2211,#1277,.T.);
#2803=EDGE_CURVE('',#2211,#2212,#1278,.T.);
#2804=EDGE_CURVE('',#2212,#2213,#326,.T.);
#2805=EDGE_CURVE('',#2213,#2214,#1279,.T.);
#2806=EDGE_CURVE('',#2215,#2214,#1280,.T.);
#2807=EDGE_CURVE('',#2183,#2215,#1281,.T.);
#2808=EDGE_CURVE('',#2216,#2216,#327,.T.);
#2809=EDGE_CURVE('',#2217,#2188,#1282,.T.);
#2810=EDGE_CURVE('',#2218,#2217,#1283,.T.);
#2811=EDGE_CURVE('',#2189,#2218,#1284,.T.);
#2812=EDGE_CURVE('',#2219,#2179,#1285,.T.);
#2813=EDGE_CURVE('',#2219,#2187,#1286,.T.);
#2814=EDGE_CURVE('',#2217,#2219,#1287,.T.);
#2815=EDGE_CURVE('',#2218,#2220,#1288,.T.);
#2816=EDGE_CURVE('',#2220,#2190,#1289,.T.);
#2817=EDGE_CURVE('',#2221,#2202,#1290,.T.);
#2818=EDGE_CURVE('',#2176,#2221,#1291,.T.);
#2819=EDGE_CURVE('',#2222,#2200,#1292,.T.);
#2820=EDGE_CURVE('',#2223,#2222,#1293,.T.);
#2821=EDGE_CURVE('',#2223,#2201,#1294,.T.);
#2822=EDGE_CURVE('',#2221,#2223,#1295,.T.);
#2823=EDGE_CURVE('',#2224,#2204,#1296,.T.);
#2824=EDGE_CURVE('',#2225,#2224,#1297,.T.);
#2825=EDGE_CURVE('',#2205,#2225,#1298,.T.);
#2826=EDGE_CURVE('',#2226,#2175,#1299,.T.);
#2827=EDGE_CURVE('',#2226,#2203,#1300,.T.);
#2828=EDGE_CURVE('',#2224,#2226,#1301,.T.);
#2829=EDGE_CURVE('',#2225,#2227,#1302,.T.);
#2830=EDGE_CURVE('',#2227,#2206,#1303,.T.);
#2831=EDGE_CURVE('',#2228,#2229,#1304,.T.);
#2832=EDGE_CURVE('',#2195,#2228,#328,.T.);
#2833=EDGE_CURVE('',#2229,#2194,#329,.T.);
#2834=EDGE_CURVE('',#2229,#2230,#1305,.T.);
#2835=EDGE_CURVE('',#2231,#2230,#1306,.T.);
#2836=EDGE_CURVE('',#2231,#2232,#1307,.T.);
#2837=EDGE_CURVE('',#2232,#2229,#1308,.T.);
#2838=EDGE_CURVE('',#2230,#2233,#1309,.T.);
#2839=EDGE_CURVE('',#2234,#2233,#1310,.T.);
#2840=EDGE_CURVE('',#2234,#2231,#1311,.T.);
#2841=EDGE_CURVE('',#2233,#2228,#1312,.T.);
#2842=EDGE_CURVE('',#2233,#2235,#330,.T.);
#2843=EDGE_CURVE('',#2235,#2195,#1313,.T.);
#2844=EDGE_CURVE('',#2236,#2194,#1314,.T.);
#2845=EDGE_CURVE('',#2230,#2236,#331,.T.);
#2846=EDGE_CURVE('',#2228,#2237,#1315,.T.);
#2847=EDGE_CURVE('',#2234,#2237,#1316,.T.);
#2848=EDGE_CURVE('',#2237,#2232,#1317,.T.);
#2849=EDGE_CURVE('',#2235,#2236,#1318,.T.);
#2850=EDGE_CURVE('',#2238,#2239,#1319,.T.);
#2851=EDGE_CURVE('',#2211,#2238,#332,.T.);
#2852=EDGE_CURVE('',#2239,#2210,#333,.T.);
#2853=EDGE_CURVE('',#2239,#2240,#1320,.T.);
#2854=EDGE_CURVE('',#2241,#2240,#1321,.T.);
#2855=EDGE_CURVE('',#2241,#2242,#1322,.T.);
#2856=EDGE_CURVE('',#2242,#2239,#1323,.T.);
#2857=EDGE_CURVE('',#2240,#2243,#1324,.T.);
#2858=EDGE_CURVE('',#2244,#2243,#1325,.T.);
#2859=EDGE_CURVE('',#2244,#2241,#1326,.T.);
#2860=EDGE_CURVE('',#2243,#2238,#1327,.T.);
#2861=EDGE_CURVE('',#2243,#2245,#334,.T.);
#2862=EDGE_CURVE('',#2245,#2211,#1328,.T.);
#2863=EDGE_CURVE('',#2246,#2210,#1329,.T.);
#2864=EDGE_CURVE('',#2240,#2246,#335,.T.);
#2865=EDGE_CURVE('',#2238,#2247,#1330,.T.);
#2866=EDGE_CURVE('',#2244,#2247,#1331,.T.);
#2867=EDGE_CURVE('',#2247,#2242,#1332,.T.);
#2868=EDGE_CURVE('',#2245,#2246,#1333,.T.);
#2869=EDGE_CURVE('',#2248,#2209,#1334,.T.);
#2870=EDGE_CURVE('',#2246,#2248,#1335,.T.);
#2871=EDGE_CURVE('',#2249,#2207,#1336,.T.);
#2872=EDGE_CURVE('',#2250,#2249,#1337,.T.);
#2873=EDGE_CURVE('',#2250,#2208,#1338,.T.);
#2874=EDGE_CURVE('',#2248,#2250,#336,.T.);
#2875=EDGE_CURVE('',#2251,#2245,#1339,.T.);
#2876=EDGE_CURVE('',#2251,#2212,#1340,.T.);
#2877=EDGE_CURVE('',#2252,#2251,#337,.T.);
#2878=EDGE_CURVE('',#2252,#2213,#1341,.T.);
#2879=EDGE_CURVE('',#2253,#2252,#1342,.T.);
#2880=EDGE_CURVE('',#2214,#2253,#1343,.T.);
#2881=EDGE_CURVE('',#2253,#2254,#1344,.T.);
#2882=EDGE_CURVE('',#2254,#2215,#1345,.T.);
#2883=EDGE_CURVE('',#2254,#2185,#1346,.T.);
#2884=EDGE_CURVE('',#2227,#2249,#1347,.T.);
#2885=EDGE_CURVE('',#2255,#2222,#1348,.T.);
#2886=EDGE_CURVE('',#2256,#2255,#1349,.T.);
#2887=EDGE_CURVE('',#2256,#2257,#1350,.T.);
#2888=EDGE_CURVE('',#2257,#2258,#338,.T.);
#2889=EDGE_CURVE('',#2258,#2235,#1351,.T.);
#2890=EDGE_CURVE('',#2236,#2259,#1352,.T.);
#2891=EDGE_CURVE('',#2259,#2260,#339,.T.);
#2892=EDGE_CURVE('',#2260,#2261,#1353,.T.);
#2893=EDGE_CURVE('',#2220,#2261,#1354,.T.);
#2894=EDGE_CURVE('',#2262,#2262,#340,.T.);
#2895=EDGE_CURVE('',#2259,#2193,#1355,.T.);
#2896=EDGE_CURVE('',#2261,#2191,#1356,.T.);
#2897=EDGE_CURVE('',#2260,#2192,#1357,.T.);
#2898=EDGE_CURVE('',#2258,#2196,#1358,.T.);
#2899=EDGE_CURVE('',#2257,#2197,#1359,.T.);
#2900=EDGE_CURVE('',#2198,#2256,#1360,.T.);
#2901=EDGE_CURVE('',#2255,#2199,#1361,.T.);
#2902=EDGE_CURVE('',#2262,#2216,#1362,.T.);
#2903=EDGE_CURVE('',#2263,#2264,#1363,.T.);
#2904=EDGE_CURVE('',#2265,#2264,#1364,.T.);
#2905=EDGE_CURVE('',#2265,#2266,#1365,.T.);
#2906=EDGE_CURVE('',#2266,#2263,#1366,.T.);
#2907=EDGE_CURVE('',#2264,#2267,#1367,.T.);
#2908=EDGE_CURVE('',#2268,#2267,#1368,.T.);
#2909=EDGE_CURVE('',#2268,#2265,#1369,.T.);
#2910=EDGE_CURVE('',#2267,#2269,#1370,.T.);
#2911=EDGE_CURVE('',#2270,#2269,#1371,.T.);
#2912=EDGE_CURVE('',#2270,#2268,#1372,.T.);
#2913=EDGE_CURVE('',#2269,#2263,#1373,.T.);
#2914=EDGE_CURVE('',#2266,#2270,#1374,.T.);
#2915=ORIENTED_EDGE('',*,*,#2271,.T.);
#2916=ORIENTED_EDGE('',*,*,#2272,.T.);
#2917=ORIENTED_EDGE('',*,*,#2273,.T.);
#2918=ORIENTED_EDGE('',*,*,#2274,.T.);
#2919=ORIENTED_EDGE('',*,*,#2275,.F.);
#2920=ORIENTED_EDGE('',*,*,#2276,.F.);
#2921=ORIENTED_EDGE('',*,*,#2277,.F.);
#2922=ORIENTED_EDGE('',*,*,#2278,.F.);
#2923=ORIENTED_EDGE('',*,*,#2279,.F.);
#2924=ORIENTED_EDGE('',*,*,#2280,.F.);
#2925=ORIENTED_EDGE('',*,*,#2281,.T.);
#2926=ORIENTED_EDGE('',*,*,#2282,.T.);
#2927=ORIENTED_EDGE('',*,*,#2279,.T.);
#2928=ORIENTED_EDGE('',*,*,#2283,.T.);
#2929=ORIENTED_EDGE('',*,*,#2276,.T.);
#2930=ORIENTED_EDGE('',*,*,#2284,.T.);
#2931=ORIENTED_EDGE('',*,*,#2280,.T.);
#2932=ORIENTED_EDGE('',*,*,#2285,.T.);
#2933=ORIENTED_EDGE('',*,*,#2286,.T.);
#2934=ORIENTED_EDGE('',*,*,#2278,.T.);
#2935=ORIENTED_EDGE('',*,*,#2287,.T.);
#2936=ORIENTED_EDGE('',*,*,#2272,.F.);
#2937=ORIENTED_EDGE('',*,*,#2288,.T.);
#2938=ORIENTED_EDGE('',*,*,#2289,.T.);
#2939=ORIENTED_EDGE('',*,*,#2277,.T.);
#2940=ORIENTED_EDGE('',*,*,#2290,.T.);
#2941=ORIENTED_EDGE('',*,*,#2291,.T.);
#2942=ORIENTED_EDGE('',*,*,#2275,.T.);
#2943=ORIENTED_EDGE('',*,*,#2292,.T.);
#2944=ORIENTED_EDGE('',*,*,#2274,.F.);
#2945=ORIENTED_EDGE('',*,*,#2283,.F.);
#2946=ORIENTED_EDGE('',*,*,#2286,.F.);
#2947=ORIENTED_EDGE('',*,*,#2293,.T.);
#2948=ORIENTED_EDGE('',*,*,#2294,.T.);
#2949=ORIENTED_EDGE('',*,*,#2271,.F.);
#2950=ORIENTED_EDGE('',*,*,#2295,.F.);
#2951=ORIENTED_EDGE('',*,*,#2296,.F.);
#2952=ORIENTED_EDGE('',*,*,#2297,.T.);
#2953=ORIENTED_EDGE('',*,*,#2298,.T.);
#2954=ORIENTED_EDGE('',*,*,#2299,.F.);
#2955=ORIENTED_EDGE('',*,*,#2300,.F.);
#2956=ORIENTED_EDGE('',*,*,#2301,.T.);
#2957=ORIENTED_EDGE('',*,*,#2302,.T.);
#2958=ORIENTED_EDGE('',*,*,#2303,.T.);
#2959=ORIENTED_EDGE('',*,*,#2304,.F.);
#2960=ORIENTED_EDGE('',*,*,#2305,.F.);
#2961=ORIENTED_EDGE('',*,*,#2306,.T.);
#2962=ORIENTED_EDGE('',*,*,#2307,.T.);
#2963=ORIENTED_EDGE('',*,*,#2308,.F.);
#2964=ORIENTED_EDGE('',*,*,#2309,.F.);
#2965=ORIENTED_EDGE('',*,*,#2310,.F.);
#2966=ORIENTED_EDGE('',*,*,#2311,.F.);
#2967=ORIENTED_EDGE('',*,*,#2312,.F.);
#2968=ORIENTED_EDGE('',*,*,#2313,.T.);
#2969=ORIENTED_EDGE('',*,*,#2314,.T.);
#2970=ORIENTED_EDGE('',*,*,#2315,.F.);
#2971=ORIENTED_EDGE('',*,*,#2316,.F.);
#2972=ORIENTED_EDGE('',*,*,#2317,.T.);
#2973=ORIENTED_EDGE('',*,*,#2318,.T.);
#2974=ORIENTED_EDGE('',*,*,#2319,.T.);
#2975=ORIENTED_EDGE('',*,*,#2320,.F.);
#2976=ORIENTED_EDGE('',*,*,#2321,.F.);
#2977=ORIENTED_EDGE('',*,*,#2322,.T.);
#2978=ORIENTED_EDGE('',*,*,#2323,.T.);
#2979=ORIENTED_EDGE('',*,*,#2324,.F.);
#2980=ORIENTED_EDGE('',*,*,#2293,.F.);
#2981=ORIENTED_EDGE('',*,*,#2325,.T.);
#2982=ORIENTED_EDGE('',*,*,#2326,.T.);
#2983=ORIENTED_EDGE('',*,*,#2327,.T.);
#2984=ORIENTED_EDGE('',*,*,#2328,.T.);
#2985=ORIENTED_EDGE('',*,*,#2329,.T.);
#2986=ORIENTED_EDGE('',*,*,#2330,.T.);
#2987=ORIENTED_EDGE('',*,*,#2331,.T.);
#2988=ORIENTED_EDGE('',*,*,#2332,.T.);
#2989=ORIENTED_EDGE('',*,*,#2292,.F.);
#2990=ORIENTED_EDGE('',*,*,#2289,.F.);
#2991=ORIENTED_EDGE('',*,*,#2333,.F.);
#2992=ORIENTED_EDGE('',*,*,#2295,.T.);
#2993=ORIENTED_EDGE('',*,*,#2284,.F.);
#2994=ORIENTED_EDGE('',*,*,#2291,.F.);
#2995=ORIENTED_EDGE('',*,*,#2273,.F.);
#2996=ORIENTED_EDGE('',*,*,#2287,.F.);
#2997=ORIENTED_EDGE('',*,*,#2310,.T.);
#2998=ORIENTED_EDGE('',*,*,#2334,.T.);
#2999=ORIENTED_EDGE('',*,*,#2335,.T.);
#3000=ORIENTED_EDGE('',*,*,#2336,.T.);
#3001=ORIENTED_EDGE('',*,*,#2337,.F.);
#3002=ORIENTED_EDGE('',*,*,#2338,.F.);
#3003=ORIENTED_EDGE('',*,*,#2339,.F.);
#3004=ORIENTED_EDGE('',*,*,#2340,.T.);
#3005=ORIENTED_EDGE('',*,*,#2341,.T.);
#3006=ORIENTED_EDGE('',*,*,#2338,.T.);
#3007=ORIENTED_EDGE('',*,*,#2342,.T.);
#3008=ORIENTED_EDGE('',*,*,#2343,.T.);
#3009=ORIENTED_EDGE('',*,*,#2339,.T.);
#3010=ORIENTED_EDGE('',*,*,#2344,.T.);
#3011=ORIENTED_EDGE('',*,*,#2336,.F.);
#3012=ORIENTED_EDGE('',*,*,#2345,.F.);
#3013=ORIENTED_EDGE('',*,*,#2346,.F.);
#3014=ORIENTED_EDGE('',*,*,#2347,.F.);
#3015=ORIENTED_EDGE('',*,*,#2337,.T.);
#3016=ORIENTED_EDGE('',*,*,#2348,.T.);
#3017=ORIENTED_EDGE('',*,*,#2346,.T.);
#3018=ORIENTED_EDGE('',*,*,#2349,.T.);
#3019=ORIENTED_EDGE('',*,*,#2350,.T.);
#3020=ORIENTED_EDGE('',*,*,#2347,.T.);
#3021=ORIENTED_EDGE('',*,*,#2351,.T.);
#3022=ORIENTED_EDGE('',*,*,#2334,.F.);
#3023=ORIENTED_EDGE('',*,*,#2352,.T.);
#3024=ORIENTED_EDGE('',*,*,#2353,.T.);
#3025=ORIENTED_EDGE('',*,*,#2345,.T.);
#3026=ORIENTED_EDGE('',*,*,#2354,.T.);
#3027=ORIENTED_EDGE('',*,*,#2355,.F.);
#3028=ORIENTED_EDGE('',*,*,#2356,.T.);
#3029=ORIENTED_EDGE('',*,*,#2357,.T.);
#3030=ORIENTED_EDGE('',*,*,#2358,.T.);
#3031=ORIENTED_EDGE('',*,*,#2359,.T.);
#3032=ORIENTED_EDGE('',*,*,#2360,.F.);
#3033=ORIENTED_EDGE('',*,*,#2361,.F.);
#3034=ORIENTED_EDGE('',*,*,#2362,.T.);
#3035=ORIENTED_EDGE('',*,*,#2363,.T.);
#3036=ORIENTED_EDGE('',*,*,#2364,.T.);
#3037=ORIENTED_EDGE('',*,*,#2365,.F.);
#3038=ORIENTED_EDGE('',*,*,#2342,.F.);
#3039=ORIENTED_EDGE('',*,*,#2349,.F.);
#3040=ORIENTED_EDGE('',*,*,#2353,.F.);
#3041=ORIENTED_EDGE('',*,*,#2366,.F.);
#3042=ORIENTED_EDGE('',*,*,#2367,.T.);
#3043=ORIENTED_EDGE('',*,*,#2368,.T.);
#3044=ORIENTED_EDGE('',*,*,#2369,.T.);
#3045=ORIENTED_EDGE('',*,*,#2370,.F.);
#3046=ORIENTED_EDGE('',*,*,#2371,.F.);
#3047=ORIENTED_EDGE('',*,*,#2372,.T.);
#3048=ORIENTED_EDGE('',*,*,#2373,.T.);
#3049=ORIENTED_EDGE('',*,*,#2374,.T.);
#3050=ORIENTED_EDGE('',*,*,#2375,.T.);
#3051=ORIENTED_EDGE('',*,*,#2376,.F.);
#3052=ORIENTED_EDGE('',*,*,#2290,.F.);
#3053=ORIENTED_EDGE('',*,*,#2285,.F.);
#3054=ORIENTED_EDGE('',*,*,#2282,.F.);
#3055=ORIENTED_EDGE('',*,*,#2335,.F.);
#3056=ORIENTED_EDGE('',*,*,#2351,.F.);
#3057=ORIENTED_EDGE('',*,*,#2348,.F.);
#3058=ORIENTED_EDGE('',*,*,#2343,.F.);
#3059=ORIENTED_EDGE('',*,*,#2305,.T.);
#3060=ORIENTED_EDGE('',*,*,#2377,.T.);
#3061=ORIENTED_EDGE('',*,*,#2378,.T.);
#3062=ORIENTED_EDGE('',*,*,#2379,.T.);
#3063=ORIENTED_EDGE('',*,*,#2380,.F.);
#3064=ORIENTED_EDGE('',*,*,#2381,.F.);
#3065=ORIENTED_EDGE('',*,*,#2382,.T.);
#3066=ORIENTED_EDGE('',*,*,#2383,.F.);
#3067=ORIENTED_EDGE('',*,*,#2384,.T.);
#3068=ORIENTED_EDGE('',*,*,#2381,.T.);
#3069=ORIENTED_EDGE('',*,*,#2385,.T.);
#3070=ORIENTED_EDGE('',*,*,#2378,.F.);
#3071=ORIENTED_EDGE('',*,*,#2386,.F.);
#3072=ORIENTED_EDGE('',*,*,#2387,.F.);
#3073=ORIENTED_EDGE('',*,*,#2388,.F.);
#3074=ORIENTED_EDGE('',*,*,#2387,.T.);
#3075=ORIENTED_EDGE('',*,*,#2389,.T.);
#3076=ORIENTED_EDGE('',*,*,#2383,.T.);
#3077=ORIENTED_EDGE('',*,*,#2390,.T.);
#3078=ORIENTED_EDGE('',*,*,#2391,.T.);
#3079=ORIENTED_EDGE('',*,*,#2388,.T.);
#3080=ORIENTED_EDGE('',*,*,#2392,.T.);
#3081=ORIENTED_EDGE('',*,*,#2393,.T.);
#3082=ORIENTED_EDGE('',*,*,#2394,.T.);
#3083=ORIENTED_EDGE('',*,*,#2393,.F.);
#3084=ORIENTED_EDGE('',*,*,#2395,.T.);
#3085=ORIENTED_EDGE('',*,*,#2396,.T.);
#3086=ORIENTED_EDGE('',*,*,#2371,.T.);
#3087=ORIENTED_EDGE('',*,*,#2396,.F.);
#3088=ORIENTED_EDGE('',*,*,#2397,.T.);
#3089=ORIENTED_EDGE('',*,*,#2398,.T.);
#3090=ORIENTED_EDGE('',*,*,#2299,.T.);
#3091=ORIENTED_EDGE('',*,*,#2399,.T.);
#3092=ORIENTED_EDGE('',*,*,#2400,.T.);
#3093=ORIENTED_EDGE('',*,*,#2401,.T.);
#3094=ORIENTED_EDGE('',*,*,#2402,.T.);
#3095=ORIENTED_EDGE('',*,*,#2398,.F.);
#3096=ORIENTED_EDGE('',*,*,#2403,.T.);
#3097=ORIENTED_EDGE('',*,*,#2404,.T.);
#3098=ORIENTED_EDGE('',*,*,#2405,.F.);
#3099=ORIENTED_EDGE('',*,*,#2406,.F.);
#3100=ORIENTED_EDGE('',*,*,#2407,.T.);
#3101=ORIENTED_EDGE('',*,*,#2408,.F.);
#3102=ORIENTED_EDGE('',*,*,#2409,.F.);
#3103=ORIENTED_EDGE('',*,*,#2410,.F.);
#3104=ORIENTED_EDGE('',*,*,#2411,.F.);
#3105=ORIENTED_EDGE('',*,*,#2412,.T.);
#3106=ORIENTED_EDGE('',*,*,#2410,.T.);
#3107=ORIENTED_EDGE('',*,*,#2413,.T.);
#3108=ORIENTED_EDGE('',*,*,#2404,.F.);
#3109=ORIENTED_EDGE('',*,*,#2406,.T.);
#3110=ORIENTED_EDGE('',*,*,#2414,.T.);
#3111=ORIENTED_EDGE('',*,*,#2411,.T.);
#3112=ORIENTED_EDGE('',*,*,#2415,.T.);
#3113=ORIENTED_EDGE('',*,*,#2416,.T.);
#3114=ORIENTED_EDGE('',*,*,#2405,.T.);
#3115=ORIENTED_EDGE('',*,*,#2417,.T.);
#3116=ORIENTED_EDGE('',*,*,#2418,.T.);
#3117=ORIENTED_EDGE('',*,*,#2419,.T.);
#3118=ORIENTED_EDGE('',*,*,#2420,.T.);
#3119=ORIENTED_EDGE('',*,*,#2409,.T.);
#3120=ORIENTED_EDGE('',*,*,#2421,.T.);
#3121=ORIENTED_EDGE('',*,*,#2422,.T.);
#3122=ORIENTED_EDGE('',*,*,#2423,.T.);
#3123=ORIENTED_EDGE('',*,*,#2419,.F.);
#3124=ORIENTED_EDGE('',*,*,#2424,.T.);
#3125=ORIENTED_EDGE('',*,*,#2425,.T.);
#3126=ORIENTED_EDGE('',*,*,#2422,.F.);
#3127=ORIENTED_EDGE('',*,*,#2426,.T.);
#3128=ORIENTED_EDGE('',*,*,#2408,.T.);
#3129=ORIENTED_EDGE('',*,*,#2427,.T.);
#3130=ORIENTED_EDGE('',*,*,#2400,.F.);
#3131=ORIENTED_EDGE('',*,*,#2428,.T.);
#3132=ORIENTED_EDGE('',*,*,#2386,.T.);
#3133=ORIENTED_EDGE('',*,*,#2429,.T.);
#3134=ORIENTED_EDGE('',*,*,#2430,.F.);
#3135=ORIENTED_EDGE('',*,*,#2431,.T.);
#3136=ORIENTED_EDGE('',*,*,#2380,.T.);
#3137=ORIENTED_EDGE('',*,*,#2432,.T.);
#3138=ORIENTED_EDGE('',*,*,#2433,.T.);
#3139=ORIENTED_EDGE('',*,*,#2434,.T.);
#3140=ORIENTED_EDGE('',*,*,#2435,.T.);
#3141=ORIENTED_EDGE('',*,*,#2430,.T.);
#3142=ORIENTED_EDGE('',*,*,#2436,.T.);
#3143=ORIENTED_EDGE('',*,*,#2437,.T.);
#3144=ORIENTED_EDGE('',*,*,#2433,.F.);
#3145=ORIENTED_EDGE('',*,*,#2401,.F.);
#3146=ORIENTED_EDGE('',*,*,#2427,.F.);
#3147=ORIENTED_EDGE('',*,*,#2407,.F.);
#3148=ORIENTED_EDGE('',*,*,#2415,.F.);
#3149=ORIENTED_EDGE('',*,*,#2412,.F.);
#3150=ORIENTED_EDGE('',*,*,#2403,.F.);
#3151=ORIENTED_EDGE('',*,*,#2397,.F.);
#3152=ORIENTED_EDGE('',*,*,#2395,.F.);
#3153=ORIENTED_EDGE('',*,*,#2392,.F.);
#3154=ORIENTED_EDGE('',*,*,#2390,.F.);
#3155=ORIENTED_EDGE('',*,*,#2382,.F.);
#3156=ORIENTED_EDGE('',*,*,#2384,.F.);
#3157=ORIENTED_EDGE('',*,*,#2377,.F.);
#3158=ORIENTED_EDGE('',*,*,#2304,.T.);
#3159=ORIENTED_EDGE('',*,*,#2438,.T.);
#3160=ORIENTED_EDGE('',*,*,#2439,.T.);
#3161=ORIENTED_EDGE('',*,*,#2440,.T.);
#3162=ORIENTED_EDGE('',*,*,#2300,.T.);
#3163=ORIENTED_EDGE('',*,*,#2379,.F.);
#3164=ORIENTED_EDGE('',*,*,#2441,.F.);
#3165=ORIENTED_EDGE('',*,*,#2442,.F.);
#3166=ORIENTED_EDGE('',*,*,#2306,.F.);
#3167=ORIENTED_EDGE('',*,*,#2385,.F.);
#3168=ORIENTED_EDGE('',*,*,#2431,.F.);
#3169=ORIENTED_EDGE('',*,*,#2443,.F.);
#3170=ORIENTED_EDGE('',*,*,#2444,.F.);
#3171=ORIENTED_EDGE('',*,*,#2445,.T.);
#3172=ORIENTED_EDGE('',*,*,#2441,.T.);
#3173=ORIENTED_EDGE('',*,*,#2389,.F.);
#3174=ORIENTED_EDGE('',*,*,#2428,.F.);
#3175=ORIENTED_EDGE('',*,*,#2435,.F.);
#3176=ORIENTED_EDGE('',*,*,#2432,.F.);
#3177=ORIENTED_EDGE('',*,*,#2414,.F.);
#3178=ORIENTED_EDGE('',*,*,#2416,.F.);
#3179=ORIENTED_EDGE('',*,*,#2423,.F.);
#3180=ORIENTED_EDGE('',*,*,#2421,.F.);
#3181=ORIENTED_EDGE('',*,*,#2315,.T.);
#3182=ORIENTED_EDGE('',*,*,#2446,.T.);
#3183=ORIENTED_EDGE('',*,*,#2447,.T.);
#3184=ORIENTED_EDGE('',*,*,#2448,.T.);
#3185=ORIENTED_EDGE('',*,*,#2449,.T.);
#3186=ORIENTED_EDGE('',*,*,#2450,.F.);
#3187=ORIENTED_EDGE('',*,*,#2451,.F.);
#3188=ORIENTED_EDGE('',*,*,#2452,.F.);
#3189=ORIENTED_EDGE('',*,*,#2453,.T.);
#3190=ORIENTED_EDGE('',*,*,#2450,.T.);
#3191=ORIENTED_EDGE('',*,*,#2454,.T.);
#3192=ORIENTED_EDGE('',*,*,#2447,.F.);
#3193=ORIENTED_EDGE('',*,*,#2455,.T.);
#3194=ORIENTED_EDGE('',*,*,#2451,.T.);
#3195=ORIENTED_EDGE('',*,*,#2456,.T.);
#3196=ORIENTED_EDGE('',*,*,#2457,.T.);
#3197=ORIENTED_EDGE('',*,*,#2458,.T.);
#3198=ORIENTED_EDGE('',*,*,#2459,.F.);
#3199=ORIENTED_EDGE('',*,*,#2460,.F.);
#3200=ORIENTED_EDGE('',*,*,#2461,.F.);
#3201=ORIENTED_EDGE('',*,*,#2462,.T.);
#3202=ORIENTED_EDGE('',*,*,#2463,.T.);
#3203=ORIENTED_EDGE('',*,*,#2464,.T.);
#3204=ORIENTED_EDGE('',*,*,#2465,.T.);
#3205=ORIENTED_EDGE('',*,*,#2360,.T.);
#3206=ORIENTED_EDGE('',*,*,#2466,.T.);
#3207=ORIENTED_EDGE('',*,*,#2467,.T.);
#3208=ORIENTED_EDGE('',*,*,#2463,.F.);
#3209=ORIENTED_EDGE('',*,*,#2321,.T.);
#3210=ORIENTED_EDGE('',*,*,#2468,.T.);
#3211=ORIENTED_EDGE('',*,*,#2469,.T.);
#3212=ORIENTED_EDGE('',*,*,#2470,.T.);
#3213=ORIENTED_EDGE('',*,*,#2471,.T.);
#3214=ORIENTED_EDGE('',*,*,#2472,.F.);
#3215=ORIENTED_EDGE('',*,*,#2473,.T.);
#3216=ORIENTED_EDGE('',*,*,#2474,.T.);
#3217=ORIENTED_EDGE('',*,*,#2475,.T.);
#3218=ORIENTED_EDGE('',*,*,#2476,.T.);
#3219=ORIENTED_EDGE('',*,*,#2477,.F.);
#3220=ORIENTED_EDGE('',*,*,#2478,.F.);
#3221=ORIENTED_EDGE('',*,*,#2479,.F.);
#3222=ORIENTED_EDGE('',*,*,#2480,.F.);
#3223=ORIENTED_EDGE('',*,*,#2481,.F.);
#3224=ORIENTED_EDGE('',*,*,#2482,.F.);
#3225=ORIENTED_EDGE('',*,*,#2477,.T.);
#3226=ORIENTED_EDGE('',*,*,#2483,.T.);
#3227=ORIENTED_EDGE('',*,*,#2481,.T.);
#3228=ORIENTED_EDGE('',*,*,#2484,.T.);
#3229=ORIENTED_EDGE('',*,*,#2485,.T.);
#3230=ORIENTED_EDGE('',*,*,#2482,.T.);
#3231=ORIENTED_EDGE('',*,*,#2486,.T.);
#3232=ORIENTED_EDGE('',*,*,#2487,.T.);
#3233=ORIENTED_EDGE('',*,*,#2488,.T.);
#3234=ORIENTED_EDGE('',*,*,#2480,.T.);
#3235=ORIENTED_EDGE('',*,*,#2489,.T.);
#3236=ORIENTED_EDGE('',*,*,#2474,.F.);
#3237=ORIENTED_EDGE('',*,*,#2490,.T.);
#3238=ORIENTED_EDGE('',*,*,#2478,.T.);
#3239=ORIENTED_EDGE('',*,*,#2491,.T.);
#3240=ORIENTED_EDGE('',*,*,#2472,.T.);
#3241=ORIENTED_EDGE('',*,*,#2492,.T.);
#3242=ORIENTED_EDGE('',*,*,#2493,.T.);
#3243=ORIENTED_EDGE('',*,*,#2479,.T.);
#3244=ORIENTED_EDGE('',*,*,#2494,.T.);
#3245=ORIENTED_EDGE('',*,*,#2469,.F.);
#3246=ORIENTED_EDGE('',*,*,#2495,.T.);
#3247=ORIENTED_EDGE('',*,*,#2487,.F.);
#3248=ORIENTED_EDGE('',*,*,#2496,.T.);
#3249=ORIENTED_EDGE('',*,*,#2466,.F.);
#3250=ORIENTED_EDGE('',*,*,#2497,.T.);
#3251=ORIENTED_EDGE('',*,*,#2460,.T.);
#3252=ORIENTED_EDGE('',*,*,#2498,.T.);
#3253=ORIENTED_EDGE('',*,*,#2465,.F.);
#3254=ORIENTED_EDGE('',*,*,#2461,.T.);
#3255=ORIENTED_EDGE('',*,*,#2499,.T.);
#3256=ORIENTED_EDGE('',*,*,#2452,.T.);
#3257=ORIENTED_EDGE('',*,*,#2500,.T.);
#3258=ORIENTED_EDGE('',*,*,#2501,.T.);
#3259=ORIENTED_EDGE('',*,*,#2459,.T.);
#3260=ORIENTED_EDGE('',*,*,#2502,.T.);
#3261=ORIENTED_EDGE('',*,*,#2503,.T.);
#3262=ORIENTED_EDGE('',*,*,#2504,.T.);
#3263=ORIENTED_EDGE('',*,*,#2505,.T.);
#3264=ORIENTED_EDGE('',*,*,#2503,.F.);
#3265=ORIENTED_EDGE('',*,*,#2506,.T.);
#3266=ORIENTED_EDGE('',*,*,#2458,.F.);
#3267=ORIENTED_EDGE('',*,*,#2448,.F.);
#3268=ORIENTED_EDGE('',*,*,#2454,.F.);
#3269=ORIENTED_EDGE('',*,*,#2449,.F.);
#3270=ORIENTED_EDGE('',*,*,#2499,.F.);
#3271=ORIENTED_EDGE('',*,*,#2497,.F.);
#3272=ORIENTED_EDGE('',*,*,#2464,.F.);
#3273=ORIENTED_EDGE('',*,*,#2467,.F.);
#3274=ORIENTED_EDGE('',*,*,#2496,.F.);
#3275=ORIENTED_EDGE('',*,*,#2486,.F.);
#3276=ORIENTED_EDGE('',*,*,#2483,.F.);
#3277=ORIENTED_EDGE('',*,*,#2476,.F.);
#3278=ORIENTED_EDGE('',*,*,#2493,.F.);
#3279=ORIENTED_EDGE('',*,*,#2468,.F.);
#3280=ORIENTED_EDGE('',*,*,#2320,.T.);
#3281=ORIENTED_EDGE('',*,*,#2507,.T.);
#3282=ORIENTED_EDGE('',*,*,#2508,.T.);
#3283=ORIENTED_EDGE('',*,*,#2509,.T.);
#3284=ORIENTED_EDGE('',*,*,#2316,.T.);
#3285=ORIENTED_EDGE('',*,*,#2470,.F.);
#3286=ORIENTED_EDGE('',*,*,#2510,.F.);
#3287=ORIENTED_EDGE('',*,*,#2511,.F.);
#3288=ORIENTED_EDGE('',*,*,#2322,.F.);
#3289=ORIENTED_EDGE('',*,*,#2494,.F.);
#3290=ORIENTED_EDGE('',*,*,#2490,.F.);
#3291=ORIENTED_EDGE('',*,*,#2512,.T.);
#3292=ORIENTED_EDGE('',*,*,#2513,.F.);
#3293=ORIENTED_EDGE('',*,*,#2514,.T.);
#3294=ORIENTED_EDGE('',*,*,#2510,.T.);
#3295=ORIENTED_EDGE('',*,*,#2492,.F.);
#3296=ORIENTED_EDGE('',*,*,#2471,.F.);
#3297=ORIENTED_EDGE('',*,*,#2515,.F.);
#3298=ORIENTED_EDGE('',*,*,#2516,.T.);
#3299=ORIENTED_EDGE('',*,*,#2356,.F.);
#3300=ORIENTED_EDGE('',*,*,#2517,.F.);
#3301=ORIENTED_EDGE('',*,*,#2512,.F.);
#3302=ORIENTED_EDGE('',*,*,#2475,.F.);
#3303=ORIENTED_EDGE('',*,*,#2489,.F.);
#3304=ORIENTED_EDGE('',*,*,#2485,.F.);
#3305=ORIENTED_EDGE('',*,*,#2518,.T.);
#3306=ORIENTED_EDGE('',*,*,#2519,.T.);
#3307=ORIENTED_EDGE('',*,*,#2520,.T.);
#3308=ORIENTED_EDGE('',*,*,#2515,.T.);
#3309=ORIENTED_EDGE('',*,*,#2455,.F.);
#3310=ORIENTED_EDGE('',*,*,#2506,.F.);
#3311=ORIENTED_EDGE('',*,*,#2502,.F.);
#3312=ORIENTED_EDGE('',*,*,#2500,.F.);
#3313=ORIENTED_EDGE('',*,*,#2484,.F.);
#3314=ORIENTED_EDGE('',*,*,#2488,.F.);
#3315=ORIENTED_EDGE('',*,*,#2473,.F.);
#3316=ORIENTED_EDGE('',*,*,#2491,.F.);
#3317=ORIENTED_EDGE('',*,*,#2521,.F.);
#3318=ORIENTED_EDGE('',*,*,#2522,.T.);
#3319=ORIENTED_EDGE('',*,*,#2523,.T.);
#3320=ORIENTED_EDGE('',*,*,#2524,.F.);
#3321=ORIENTED_EDGE('',*,*,#2525,.F.);
#3322=ORIENTED_EDGE('',*,*,#2526,.T.);
#3323=ORIENTED_EDGE('',*,*,#2527,.T.);
#3324=ORIENTED_EDGE('',*,*,#2522,.F.);
#3325=ORIENTED_EDGE('',*,*,#2528,.F.);
#3326=ORIENTED_EDGE('',*,*,#2529,.F.);
#3327=ORIENTED_EDGE('',*,*,#2523,.F.);
#3328=ORIENTED_EDGE('',*,*,#2527,.F.);
#3329=ORIENTED_EDGE('',*,*,#2530,.F.);
#3330=ORIENTED_EDGE('',*,*,#2531,.F.);
#3331=ORIENTED_EDGE('',*,*,#2532,.F.);
#3332=ORIENTED_EDGE('',*,*,#2533,.T.);
#3333=ORIENTED_EDGE('',*,*,#2534,.T.);
#3334=ORIENTED_EDGE('',*,*,#2535,.F.);
#3335=ORIENTED_EDGE('',*,*,#2536,.F.);
#3336=ORIENTED_EDGE('',*,*,#2537,.F.);
#3337=ORIENTED_EDGE('',*,*,#2538,.F.);
#3338=ORIENTED_EDGE('',*,*,#2539,.F.);
#3339=ORIENTED_EDGE('',*,*,#2534,.F.);
#3340=ORIENTED_EDGE('',*,*,#2540,.F.);
#3341=ORIENTED_EDGE('',*,*,#2541,.F.);
#3342=ORIENTED_EDGE('',*,*,#2542,.T.);
#3343=ORIENTED_EDGE('',*,*,#2543,.T.);
#3344=ORIENTED_EDGE('',*,*,#2544,.F.);
#3345=ORIENTED_EDGE('',*,*,#2545,.F.);
#3346=ORIENTED_EDGE('',*,*,#2546,.T.);
#3347=ORIENTED_EDGE('',*,*,#2547,.T.);
#3348=ORIENTED_EDGE('',*,*,#2548,.F.);
#3349=ORIENTED_EDGE('',*,*,#2549,.F.);
#3350=ORIENTED_EDGE('',*,*,#2543,.F.);
#3351=ORIENTED_EDGE('',*,*,#2550,.F.);
#3352=ORIENTED_EDGE('',*,*,#2547,.F.);
#3353=ORIENTED_EDGE('',*,*,#2532,.T.);
#3354=ORIENTED_EDGE('',*,*,#2551,.F.);
#3355=ORIENTED_EDGE('',*,*,#2541,.T.);
#3356=ORIENTED_EDGE('',*,*,#2552,.F.);
#3357=ORIENTED_EDGE('',*,*,#2521,.T.);
#3358=ORIENTED_EDGE('',*,*,#2553,.F.);
#3359=ORIENTED_EDGE('',*,*,#2545,.T.);
#3360=ORIENTED_EDGE('',*,*,#2554,.F.);
#3361=ORIENTED_EDGE('',*,*,#2329,.F.);
#3362=ORIENTED_EDGE('',*,*,#2555,.T.);
#3363=ORIENTED_EDGE('',*,*,#2530,.T.);
#3364=ORIENTED_EDGE('',*,*,#2526,.F.);
#3365=ORIENTED_EDGE('',*,*,#2556,.F.);
#3366=ORIENTED_EDGE('',*,*,#2330,.F.);
#3367=ORIENTED_EDGE('',*,*,#2556,.T.);
#3368=ORIENTED_EDGE('',*,*,#2525,.T.);
#3369=ORIENTED_EDGE('',*,*,#2554,.T.);
#3370=ORIENTED_EDGE('',*,*,#2548,.T.);
#3371=ORIENTED_EDGE('',*,*,#2550,.T.);
#3372=ORIENTED_EDGE('',*,*,#2542,.F.);
#3373=ORIENTED_EDGE('',*,*,#2551,.T.);
#3374=ORIENTED_EDGE('',*,*,#2535,.T.);
#3375=ORIENTED_EDGE('',*,*,#2539,.T.);
#3376=ORIENTED_EDGE('',*,*,#2557,.F.);
#3377=ORIENTED_EDGE('',*,*,#2331,.F.);
#3378=ORIENTED_EDGE('',*,*,#2557,.T.);
#3379=ORIENTED_EDGE('',*,*,#2538,.T.);
#3380=ORIENTED_EDGE('',*,*,#2558,.F.);
#3381=ORIENTED_EDGE('',*,*,#2332,.F.);
#3382=ORIENTED_EDGE('',*,*,#2558,.T.);
#3383=ORIENTED_EDGE('',*,*,#2537,.T.);
#3384=ORIENTED_EDGE('',*,*,#2559,.F.);
#3385=ORIENTED_EDGE('',*,*,#2325,.F.);
#3386=ORIENTED_EDGE('',*,*,#2559,.T.);
#3387=ORIENTED_EDGE('',*,*,#2536,.T.);
#3388=ORIENTED_EDGE('',*,*,#2560,.F.);
#3389=ORIENTED_EDGE('',*,*,#2328,.F.);
#3390=ORIENTED_EDGE('',*,*,#2561,.T.);
#3391=ORIENTED_EDGE('',*,*,#2531,.T.);
#3392=ORIENTED_EDGE('',*,*,#2555,.F.);
#3393=ORIENTED_EDGE('',*,*,#2327,.F.);
#3394=ORIENTED_EDGE('',*,*,#2562,.T.);
#3395=ORIENTED_EDGE('',*,*,#2528,.T.);
#3396=ORIENTED_EDGE('',*,*,#2561,.F.);
#3397=ORIENTED_EDGE('',*,*,#2326,.F.);
#3398=ORIENTED_EDGE('',*,*,#2560,.T.);
#3399=ORIENTED_EDGE('',*,*,#2540,.T.);
#3400=ORIENTED_EDGE('',*,*,#2533,.F.);
#3401=ORIENTED_EDGE('',*,*,#2552,.T.);
#3402=ORIENTED_EDGE('',*,*,#2544,.T.);
#3403=ORIENTED_EDGE('',*,*,#2549,.T.);
#3404=ORIENTED_EDGE('',*,*,#2546,.F.);
#3405=ORIENTED_EDGE('',*,*,#2553,.T.);
#3406=ORIENTED_EDGE('',*,*,#2524,.T.);
#3407=ORIENTED_EDGE('',*,*,#2529,.T.);
#3408=ORIENTED_EDGE('',*,*,#2562,.F.);
#3409=ORIENTED_EDGE('',*,*,#2563,.F.);
#3410=ORIENTED_EDGE('',*,*,#2564,.F.);
#3411=ORIENTED_EDGE('',*,*,#2301,.F.);
#3412=ORIENTED_EDGE('',*,*,#2440,.F.);
#3413=ORIENTED_EDGE('',*,*,#2565,.F.);
#3414=ORIENTED_EDGE('',*,*,#2438,.F.);
#3415=ORIENTED_EDGE('',*,*,#2303,.F.);
#3416=ORIENTED_EDGE('',*,*,#2566,.T.);
#3417=ORIENTED_EDGE('',*,*,#2567,.F.);
#3418=ORIENTED_EDGE('',*,*,#2566,.F.);
#3419=ORIENTED_EDGE('',*,*,#2302,.F.);
#3420=ORIENTED_EDGE('',*,*,#2564,.T.);
#3421=ORIENTED_EDGE('',*,*,#2563,.T.);
#3422=ORIENTED_EDGE('',*,*,#2439,.F.);
#3423=ORIENTED_EDGE('',*,*,#2565,.T.);
#3424=ORIENTED_EDGE('',*,*,#2567,.T.);
#3425=ORIENTED_EDGE('',*,*,#2568,.F.);
#3426=ORIENTED_EDGE('',*,*,#2507,.F.);
#3427=ORIENTED_EDGE('',*,*,#2319,.F.);
#3428=ORIENTED_EDGE('',*,*,#2569,.T.);
#3429=ORIENTED_EDGE('',*,*,#2570,.F.);
#3430=ORIENTED_EDGE('',*,*,#2569,.F.);
#3431=ORIENTED_EDGE('',*,*,#2318,.F.);
#3432=ORIENTED_EDGE('',*,*,#2571,.T.);
#3433=ORIENTED_EDGE('',*,*,#2572,.F.);
#3434=ORIENTED_EDGE('',*,*,#2571,.F.);
#3435=ORIENTED_EDGE('',*,*,#2317,.F.);
#3436=ORIENTED_EDGE('',*,*,#2509,.F.);
#3437=ORIENTED_EDGE('',*,*,#2508,.F.);
#3438=ORIENTED_EDGE('',*,*,#2568,.T.);
#3439=ORIENTED_EDGE('',*,*,#2570,.T.);
#3440=ORIENTED_EDGE('',*,*,#2572,.T.);
#3441=ORIENTED_EDGE('',*,*,#2402,.F.);
#3442=ORIENTED_EDGE('',*,*,#2573,.F.);
#3443=ORIENTED_EDGE('',*,*,#2574,.F.);
#3444=ORIENTED_EDGE('',*,*,#2372,.F.);
#3445=ORIENTED_EDGE('',*,*,#2495,.F.);
#3446=ORIENTED_EDGE('',*,*,#2359,.F.);
#3447=ORIENTED_EDGE('',*,*,#2575,.F.);
#3448=ORIENTED_EDGE('',*,*,#2518,.F.);
#3449=ORIENTED_EDGE('',*,*,#2394,.F.);
#3450=ORIENTED_EDGE('',*,*,#2370,.T.);
#3451=ORIENTED_EDGE('',*,*,#2576,.F.);
#3452=ORIENTED_EDGE('',*,*,#2577,.F.);
#3453=ORIENTED_EDGE('',*,*,#2462,.F.);
#3454=ORIENTED_EDGE('',*,*,#2578,.F.);
#3455=ORIENTED_EDGE('',*,*,#2579,.F.);
#3456=ORIENTED_EDGE('',*,*,#2361,.T.);
#3457=ORIENTED_EDGE('',*,*,#2505,.F.);
#3458=ORIENTED_EDGE('',*,*,#2580,.T.);
#3459=ORIENTED_EDGE('',*,*,#2581,.T.);
#3460=ORIENTED_EDGE('',*,*,#2582,.T.);
#3461=ORIENTED_EDGE('',*,*,#2578,.T.);
#3462=ORIENTED_EDGE('',*,*,#2498,.F.);
#3463=ORIENTED_EDGE('',*,*,#2501,.F.);
#3464=ORIENTED_EDGE('',*,*,#2391,.F.);
#3465=ORIENTED_EDGE('',*,*,#2577,.T.);
#3466=ORIENTED_EDGE('',*,*,#2583,.T.);
#3467=ORIENTED_EDGE('',*,*,#2584,.T.);
#3468=ORIENTED_EDGE('',*,*,#2585,.T.);
#3469=ORIENTED_EDGE('',*,*,#2436,.F.);
#3470=ORIENTED_EDGE('',*,*,#2429,.F.);
#3471=ORIENTED_EDGE('',*,*,#2579,.T.);
#3472=ORIENTED_EDGE('',*,*,#2582,.F.);
#3473=ORIENTED_EDGE('',*,*,#2586,.T.);
#3474=ORIENTED_EDGE('',*,*,#2362,.F.);
#3475=ORIENTED_EDGE('',*,*,#2575,.T.);
#3476=ORIENTED_EDGE('',*,*,#2358,.F.);
#3477=ORIENTED_EDGE('',*,*,#2587,.F.);
#3478=ORIENTED_EDGE('',*,*,#2519,.F.);
#3479=ORIENTED_EDGE('',*,*,#2576,.T.);
#3480=ORIENTED_EDGE('',*,*,#2369,.F.);
#3481=ORIENTED_EDGE('',*,*,#2588,.F.);
#3482=ORIENTED_EDGE('',*,*,#2583,.F.);
#3483=ORIENTED_EDGE('',*,*,#2589,.T.);
#3484=ORIENTED_EDGE('',*,*,#2374,.F.);
#3485=ORIENTED_EDGE('',*,*,#2590,.F.);
#3486=ORIENTED_EDGE('',*,*,#2591,.F.);
#3487=ORIENTED_EDGE('',*,*,#2592,.F.);
#3488=ORIENTED_EDGE('',*,*,#2584,.F.);
#3489=ORIENTED_EDGE('',*,*,#2588,.T.);
#3490=ORIENTED_EDGE('',*,*,#2368,.F.);
#3491=ORIENTED_EDGE('',*,*,#2593,.T.);
#3492=ORIENTED_EDGE('',*,*,#2363,.F.);
#3493=ORIENTED_EDGE('',*,*,#2586,.F.);
#3494=ORIENTED_EDGE('',*,*,#2581,.F.);
#3495=ORIENTED_EDGE('',*,*,#2516,.F.);
#3496=ORIENTED_EDGE('',*,*,#2520,.F.);
#3497=ORIENTED_EDGE('',*,*,#2587,.T.);
#3498=ORIENTED_EDGE('',*,*,#2357,.F.);
#3499=ORIENTED_EDGE('',*,*,#2574,.T.);
#3500=ORIENTED_EDGE('',*,*,#2594,.F.);
#3501=ORIENTED_EDGE('',*,*,#2590,.T.);
#3502=ORIENTED_EDGE('',*,*,#2373,.F.);
#3503=ORIENTED_EDGE('',*,*,#2437,.F.);
#3504=ORIENTED_EDGE('',*,*,#2585,.F.);
#3505=ORIENTED_EDGE('',*,*,#2592,.T.);
#3506=ORIENTED_EDGE('',*,*,#2367,.F.);
#3507=ORIENTED_EDGE('',*,*,#2595,.F.);
#3508=ORIENTED_EDGE('',*,*,#2443,.T.);
#3509=ORIENTED_EDGE('',*,*,#2434,.F.);
#3510=ORIENTED_EDGE('',*,*,#2350,.F.);
#3511=ORIENTED_EDGE('',*,*,#2309,.T.);
#3512=ORIENTED_EDGE('',*,*,#2596,.T.);
#3513=ORIENTED_EDGE('',*,*,#2354,.F.);
#3514=ORIENTED_EDGE('',*,*,#2341,.F.);
#3515=ORIENTED_EDGE('',*,*,#2597,.F.);
#3516=ORIENTED_EDGE('',*,*,#2311,.T.);
#3517=ORIENTED_EDGE('',*,*,#2344,.F.);
#3518=ORIENTED_EDGE('',*,*,#2365,.T.);
#3519=ORIENTED_EDGE('',*,*,#2598,.T.);
#3520=ORIENTED_EDGE('',*,*,#2599,.T.);
#3521=ORIENTED_EDGE('',*,*,#2600,.T.);
#3522=ORIENTED_EDGE('',*,*,#2312,.T.);
#3523=ORIENTED_EDGE('',*,*,#2597,.T.);
#3524=ORIENTED_EDGE('',*,*,#2340,.F.);
#3525=ORIENTED_EDGE('',*,*,#2418,.F.);
#3526=ORIENTED_EDGE('',*,*,#2601,.T.);
#3527=ORIENTED_EDGE('',*,*,#2602,.F.);
#3528=ORIENTED_EDGE('',*,*,#2375,.F.);
#3529=ORIENTED_EDGE('',*,*,#2589,.F.);
#3530=ORIENTED_EDGE('',*,*,#2603,.F.);
#3531=ORIENTED_EDGE('',*,*,#2424,.F.);
#3532=ORIENTED_EDGE('',*,*,#2366,.T.);
#3533=ORIENTED_EDGE('',*,*,#2352,.F.);
#3534=ORIENTED_EDGE('',*,*,#2596,.F.);
#3535=ORIENTED_EDGE('',*,*,#2308,.T.);
#3536=ORIENTED_EDGE('',*,*,#2604,.T.);
#3537=ORIENTED_EDGE('',*,*,#2444,.T.);
#3538=ORIENTED_EDGE('',*,*,#2595,.T.);
#3539=ORIENTED_EDGE('',*,*,#2376,.T.);
#3540=ORIENTED_EDGE('',*,*,#2602,.T.);
#3541=ORIENTED_EDGE('',*,*,#2605,.T.);
#3542=ORIENTED_EDGE('',*,*,#2606,.T.);
#3543=ORIENTED_EDGE('',*,*,#2296,.T.);
#3544=ORIENTED_EDGE('',*,*,#2333,.T.);
#3545=ORIENTED_EDGE('',*,*,#2288,.F.);
#3546=ORIENTED_EDGE('',*,*,#2457,.F.);
#3547=ORIENTED_EDGE('',*,*,#2607,.F.);
#3548=ORIENTED_EDGE('',*,*,#2598,.F.);
#3549=ORIENTED_EDGE('',*,*,#2364,.F.);
#3550=ORIENTED_EDGE('',*,*,#2593,.F.);
#3551=ORIENTED_EDGE('',*,*,#2580,.F.);
#3552=ORIENTED_EDGE('',*,*,#2504,.F.);
#3553=ORIENTED_EDGE('',*,*,#2514,.F.);
#3554=ORIENTED_EDGE('',*,*,#2608,.F.);
#3555=ORIENTED_EDGE('',*,*,#2323,.F.);
#3556=ORIENTED_EDGE('',*,*,#2511,.T.);
#3557=ORIENTED_EDGE('',*,*,#2609,.T.);
#3558=ORIENTED_EDGE('',*,*,#2610,.F.);
#3559=ORIENTED_EDGE('',*,*,#2313,.F.);
#3560=ORIENTED_EDGE('',*,*,#2600,.F.);
#3561=ORIENTED_EDGE('',*,*,#2446,.F.);
#3562=ORIENTED_EDGE('',*,*,#2314,.F.);
#3563=ORIENTED_EDGE('',*,*,#2610,.T.);
#3564=ORIENTED_EDGE('',*,*,#2611,.T.);
#3565=ORIENTED_EDGE('',*,*,#2453,.F.);
#3566=ORIENTED_EDGE('',*,*,#2611,.F.);
#3567=ORIENTED_EDGE('',*,*,#2609,.F.);
#3568=ORIENTED_EDGE('',*,*,#2599,.F.);
#3569=ORIENTED_EDGE('',*,*,#2607,.T.);
#3570=ORIENTED_EDGE('',*,*,#2456,.F.);
#3571=ORIENTED_EDGE('',*,*,#2612,.T.);
#3572=ORIENTED_EDGE('',*,*,#2613,.F.);
#3573=ORIENTED_EDGE('',*,*,#2297,.F.);
#3574=ORIENTED_EDGE('',*,*,#2606,.F.);
#3575=ORIENTED_EDGE('',*,*,#2399,.F.);
#3576=ORIENTED_EDGE('',*,*,#2298,.F.);
#3577=ORIENTED_EDGE('',*,*,#2613,.T.);
#3578=ORIENTED_EDGE('',*,*,#2614,.T.);
#3579=ORIENTED_EDGE('',*,*,#2426,.F.);
#3580=ORIENTED_EDGE('',*,*,#2614,.F.);
#3581=ORIENTED_EDGE('',*,*,#2612,.F.);
#3582=ORIENTED_EDGE('',*,*,#2605,.F.);
#3583=ORIENTED_EDGE('',*,*,#2601,.F.);
#3584=ORIENTED_EDGE('',*,*,#2417,.F.);
#3585=ORIENTED_EDGE('',*,*,#2445,.F.);
#3586=ORIENTED_EDGE('',*,*,#2604,.F.);
#3587=ORIENTED_EDGE('',*,*,#2307,.F.);
#3588=ORIENTED_EDGE('',*,*,#2442,.T.);
#3589=ORIENTED_EDGE('',*,*,#2355,.T.);
#3590=ORIENTED_EDGE('',*,*,#2281,.F.);
#3591=ORIENTED_EDGE('',*,*,#2294,.F.);
#3592=ORIENTED_EDGE('',*,*,#2324,.T.);
#3593=ORIENTED_EDGE('',*,*,#2608,.T.);
#3594=ORIENTED_EDGE('',*,*,#2513,.T.);
#3595=ORIENTED_EDGE('',*,*,#2517,.T.);
#3596=ORIENTED_EDGE('',*,*,#2425,.F.);
#3597=ORIENTED_EDGE('',*,*,#2603,.T.);
#3598=ORIENTED_EDGE('',*,*,#2591,.T.);
#3599=ORIENTED_EDGE('',*,*,#2594,.T.);
#3600=ORIENTED_EDGE('',*,*,#2573,.T.);
#3601=ORIENTED_EDGE('',*,*,#2413,.F.);
#3602=ORIENTED_EDGE('',*,*,#2420,.F.);
#3603=ORIENTED_EDGE('',*,*,#2615,.T.);
#3604=ORIENTED_EDGE('',*,*,#2616,.T.);
#3605=ORIENTED_EDGE('',*,*,#2617,.T.);
#3606=ORIENTED_EDGE('',*,*,#2616,.F.);
#3607=ORIENTED_EDGE('',*,*,#2615,.F.);
#3608=ORIENTED_EDGE('',*,*,#2618,.T.);
#3609=ORIENTED_EDGE('',*,*,#2619,.F.);
#3610=ORIENTED_EDGE('',*,*,#2618,.F.);
#3611=ORIENTED_EDGE('',*,*,#2617,.F.);
#3612=ORIENTED_EDGE('',*,*,#2620,.T.);
#3613=ORIENTED_EDGE('',*,*,#2621,.F.);
#3614=ORIENTED_EDGE('',*,*,#2622,.T.);
#3615=ORIENTED_EDGE('',*,*,#2623,.T.);
#3616=ORIENTED_EDGE('',*,*,#2624,.T.);
#3617=ORIENTED_EDGE('',*,*,#2625,.F.);
#3618=ORIENTED_EDGE('',*,*,#2626,.T.);
#3619=ORIENTED_EDGE('',*,*,#2621,.T.);
#3620=ORIENTED_EDGE('',*,*,#2627,.T.);
#3621=ORIENTED_EDGE('',*,*,#2628,.F.);
#3622=ORIENTED_EDGE('',*,*,#2629,.T.);
#3623=ORIENTED_EDGE('',*,*,#2625,.T.);
#3624=ORIENTED_EDGE('',*,*,#2630,.T.);
#3625=ORIENTED_EDGE('',*,*,#2623,.F.);
#3626=ORIENTED_EDGE('',*,*,#2631,.T.);
#3627=ORIENTED_EDGE('',*,*,#2628,.T.);
#3628=ORIENTED_EDGE('',*,*,#2631,.F.);
#3629=ORIENTED_EDGE('',*,*,#2622,.F.);
#3630=ORIENTED_EDGE('',*,*,#2626,.F.);
#3631=ORIENTED_EDGE('',*,*,#2629,.F.);
#3632=ORIENTED_EDGE('',*,*,#2620,.F.);
#3633=ORIENTED_EDGE('',*,*,#2630,.F.);
#3634=ORIENTED_EDGE('',*,*,#2627,.F.);
#3635=ORIENTED_EDGE('',*,*,#2624,.F.);
#3636=ORIENTED_EDGE('',*,*,#2619,.T.);
#3637=ORIENTED_EDGE('',*,*,#2632,.T.);
#3638=ORIENTED_EDGE('',*,*,#2633,.T.);
#3639=ORIENTED_EDGE('',*,*,#2634,.T.);
#3640=ORIENTED_EDGE('',*,*,#2635,.T.);
#3641=ORIENTED_EDGE('',*,*,#2635,.F.);
#3642=ORIENTED_EDGE('',*,*,#2636,.T.);
#3643=ORIENTED_EDGE('',*,*,#2637,.F.);
#3644=ORIENTED_EDGE('',*,*,#2638,.F.);
#3645=ORIENTED_EDGE('',*,*,#2634,.F.);
#3646=ORIENTED_EDGE('',*,*,#2639,.F.);
#3647=ORIENTED_EDGE('',*,*,#2640,.F.);
#3648=ORIENTED_EDGE('',*,*,#2641,.T.);
#3649=ORIENTED_EDGE('',*,*,#2642,.F.);
#3650=ORIENTED_EDGE('',*,*,#2643,.T.);
#3651=ORIENTED_EDGE('',*,*,#2644,.F.);
#3652=ORIENTED_EDGE('',*,*,#2645,.T.);
#3653=ORIENTED_EDGE('',*,*,#2646,.F.);
#3654=ORIENTED_EDGE('',*,*,#2647,.F.);
#3655=ORIENTED_EDGE('',*,*,#2648,.F.);
#3656=ORIENTED_EDGE('',*,*,#2649,.F.);
#3657=ORIENTED_EDGE('',*,*,#2650,.F.);
#3658=ORIENTED_EDGE('',*,*,#2651,.F.);
#3659=ORIENTED_EDGE('',*,*,#2652,.F.);
#3660=ORIENTED_EDGE('',*,*,#2653,.T.);
#3661=ORIENTED_EDGE('',*,*,#2654,.F.);
#3662=ORIENTED_EDGE('',*,*,#2655,.F.);
#3663=ORIENTED_EDGE('',*,*,#2656,.F.);
#3664=ORIENTED_EDGE('',*,*,#2636,.F.);
#3665=ORIENTED_EDGE('',*,*,#2657,.T.);
#3666=ORIENTED_EDGE('',*,*,#2637,.T.);
#3667=ORIENTED_EDGE('',*,*,#2656,.T.);
#3668=ORIENTED_EDGE('',*,*,#2658,.T.);
#3669=ORIENTED_EDGE('',*,*,#2658,.F.);
#3670=ORIENTED_EDGE('',*,*,#2655,.T.);
#3671=ORIENTED_EDGE('',*,*,#2659,.F.);
#3672=ORIENTED_EDGE('',*,*,#2660,.F.);
#3673=ORIENTED_EDGE('',*,*,#2661,.T.);
#3674=ORIENTED_EDGE('',*,*,#2662,.T.);
#3675=ORIENTED_EDGE('',*,*,#2663,.T.);
#3676=ORIENTED_EDGE('',*,*,#2664,.T.);
#3677=ORIENTED_EDGE('',*,*,#2663,.F.);
#3678=ORIENTED_EDGE('',*,*,#2665,.T.);
#3679=ORIENTED_EDGE('',*,*,#2666,.F.);
#3680=ORIENTED_EDGE('',*,*,#2667,.T.);
#3681=ORIENTED_EDGE('',*,*,#2668,.F.);
#3682=ORIENTED_EDGE('',*,*,#2669,.T.);
#3683=ORIENTED_EDGE('',*,*,#2670,.F.);
#3684=ORIENTED_EDGE('',*,*,#2671,.T.);
#3685=ORIENTED_EDGE('',*,*,#2672,.F.);
#3686=ORIENTED_EDGE('',*,*,#2673,.T.);
#3687=ORIENTED_EDGE('',*,*,#2674,.F.);
#3688=ORIENTED_EDGE('',*,*,#2675,.T.);
#3689=ORIENTED_EDGE('',*,*,#2676,.F.);
#3690=ORIENTED_EDGE('',*,*,#2677,.T.);
#3691=ORIENTED_EDGE('',*,*,#2678,.F.);
#3692=ORIENTED_EDGE('',*,*,#2679,.T.);
#3693=ORIENTED_EDGE('',*,*,#2680,.F.);
#3694=ORIENTED_EDGE('',*,*,#2681,.T.);
#3695=ORIENTED_EDGE('',*,*,#2682,.F.);
#3696=ORIENTED_EDGE('',*,*,#2683,.F.);
#3697=ORIENTED_EDGE('',*,*,#2662,.F.);
#3698=ORIENTED_EDGE('',*,*,#2684,.T.);
#3699=ORIENTED_EDGE('',*,*,#2685,.F.);
#3700=ORIENTED_EDGE('',*,*,#2665,.F.);
#3701=ORIENTED_EDGE('',*,*,#2686,.T.);
#3702=ORIENTED_EDGE('',*,*,#2687,.T.);
#3703=ORIENTED_EDGE('',*,*,#2666,.T.);
#3704=ORIENTED_EDGE('',*,*,#2685,.T.);
#3705=ORIENTED_EDGE('',*,*,#2688,.T.);
#3706=ORIENTED_EDGE('',*,*,#2689,.T.);
#3707=ORIENTED_EDGE('',*,*,#2648,.T.);
#3708=ORIENTED_EDGE('',*,*,#2690,.T.);
#3709=ORIENTED_EDGE('',*,*,#2689,.F.);
#3710=ORIENTED_EDGE('',*,*,#2691,.F.);
#3711=ORIENTED_EDGE('',*,*,#2692,.F.);
#3712=ORIENTED_EDGE('',*,*,#2649,.T.);
#3713=ORIENTED_EDGE('',*,*,#2693,.T.);
#3714=ORIENTED_EDGE('',*,*,#2694,.T.);
#3715=ORIENTED_EDGE('',*,*,#2650,.T.);
#3716=ORIENTED_EDGE('',*,*,#2692,.T.);
#3717=ORIENTED_EDGE('',*,*,#2695,.T.);
#3718=ORIENTED_EDGE('',*,*,#2696,.T.);
#3719=ORIENTED_EDGE('',*,*,#2674,.T.);
#3720=ORIENTED_EDGE('',*,*,#2697,.T.);
#3721=ORIENTED_EDGE('',*,*,#2697,.F.);
#3722=ORIENTED_EDGE('',*,*,#2673,.F.);
#3723=ORIENTED_EDGE('',*,*,#2698,.F.);
#3724=ORIENTED_EDGE('',*,*,#2699,.T.);
#3725=ORIENTED_EDGE('',*,*,#2700,.T.);
#3726=ORIENTED_EDGE('',*,*,#2698,.T.);
#3727=ORIENTED_EDGE('',*,*,#2672,.T.);
#3728=ORIENTED_EDGE('',*,*,#2701,.T.);
#3729=ORIENTED_EDGE('',*,*,#2701,.F.);
#3730=ORIENTED_EDGE('',*,*,#2671,.F.);
#3731=ORIENTED_EDGE('',*,*,#2702,.F.);
#3732=ORIENTED_EDGE('',*,*,#2703,.T.);
#3733=ORIENTED_EDGE('',*,*,#2704,.T.);
#3734=ORIENTED_EDGE('',*,*,#2705,.T.);
#3735=ORIENTED_EDGE('',*,*,#2644,.T.);
#3736=ORIENTED_EDGE('',*,*,#2706,.T.);
#3737=ORIENTED_EDGE('',*,*,#2705,.F.);
#3738=ORIENTED_EDGE('',*,*,#2707,.F.);
#3739=ORIENTED_EDGE('',*,*,#2708,.F.);
#3740=ORIENTED_EDGE('',*,*,#2645,.F.);
#3741=ORIENTED_EDGE('',*,*,#2709,.T.);
#3742=ORIENTED_EDGE('',*,*,#2710,.T.);
#3743=ORIENTED_EDGE('',*,*,#2642,.T.);
#3744=ORIENTED_EDGE('',*,*,#2711,.T.);
#3745=ORIENTED_EDGE('',*,*,#2706,.F.);
#3746=ORIENTED_EDGE('',*,*,#2643,.F.);
#3747=ORIENTED_EDGE('',*,*,#2710,.F.);
#3748=ORIENTED_EDGE('',*,*,#2712,.F.);
#3749=ORIENTED_EDGE('',*,*,#2680,.T.);
#3750=ORIENTED_EDGE('',*,*,#2713,.T.);
#3751=ORIENTED_EDGE('',*,*,#2714,.T.);
#3752=ORIENTED_EDGE('',*,*,#2715,.T.);
#3753=ORIENTED_EDGE('',*,*,#2713,.F.);
#3754=ORIENTED_EDGE('',*,*,#2679,.F.);
#3755=ORIENTED_EDGE('',*,*,#2716,.F.);
#3756=ORIENTED_EDGE('',*,*,#2717,.F.);
#3757=ORIENTED_EDGE('',*,*,#2678,.T.);
#3758=ORIENTED_EDGE('',*,*,#2718,.T.);
#3759=ORIENTED_EDGE('',*,*,#2719,.T.);
#3760=ORIENTED_EDGE('',*,*,#2716,.T.);
#3761=ORIENTED_EDGE('',*,*,#2718,.F.);
#3762=ORIENTED_EDGE('',*,*,#2677,.F.);
#3763=ORIENTED_EDGE('',*,*,#2720,.F.);
#3764=ORIENTED_EDGE('',*,*,#2721,.F.);
#3765=ORIENTED_EDGE('',*,*,#2722,.T.);
#3766=ORIENTED_EDGE('',*,*,#2723,.T.);
#3767=ORIENTED_EDGE('',*,*,#2646,.T.);
#3768=ORIENTED_EDGE('',*,*,#2708,.T.);
#3769=ORIENTED_EDGE('',*,*,#2640,.T.);
#3770=ORIENTED_EDGE('',*,*,#2724,.T.);
#3771=ORIENTED_EDGE('',*,*,#2725,.T.);
#3772=ORIENTED_EDGE('',*,*,#2726,.T.);
#3773=ORIENTED_EDGE('',*,*,#2633,.F.);
#3774=ORIENTED_EDGE('',*,*,#2727,.F.);
#3775=ORIENTED_EDGE('',*,*,#2724,.F.);
#3776=ORIENTED_EDGE('',*,*,#2639,.T.);
#3777=ORIENTED_EDGE('',*,*,#2728,.T.);
#3778=ORIENTED_EDGE('',*,*,#2729,.T.);
#3779=ORIENTED_EDGE('',*,*,#2682,.T.);
#3780=ORIENTED_EDGE('',*,*,#2730,.T.);
#3781=ORIENTED_EDGE('',*,*,#2715,.F.);
#3782=ORIENTED_EDGE('',*,*,#2731,.F.);
#3783=ORIENTED_EDGE('',*,*,#2730,.F.);
#3784=ORIENTED_EDGE('',*,*,#2681,.F.);
#3785=ORIENTED_EDGE('',*,*,#2676,.T.);
#3786=ORIENTED_EDGE('',*,*,#2732,.T.);
#3787=ORIENTED_EDGE('',*,*,#2733,.T.);
#3788=ORIENTED_EDGE('',*,*,#2720,.T.);
#3789=ORIENTED_EDGE('',*,*,#2696,.F.);
#3790=ORIENTED_EDGE('',*,*,#2734,.T.);
#3791=ORIENTED_EDGE('',*,*,#2732,.F.);
#3792=ORIENTED_EDGE('',*,*,#2675,.F.);
#3793=ORIENTED_EDGE('',*,*,#2694,.F.);
#3794=ORIENTED_EDGE('',*,*,#2735,.F.);
#3795=ORIENTED_EDGE('',*,*,#2736,.F.);
#3796=ORIENTED_EDGE('',*,*,#2651,.T.);
#3797=ORIENTED_EDGE('',*,*,#2659,.T.);
#3798=ORIENTED_EDGE('',*,*,#2654,.T.);
#3799=ORIENTED_EDGE('',*,*,#2737,.T.);
#3800=ORIENTED_EDGE('',*,*,#2738,.F.);
#3801=ORIENTED_EDGE('',*,*,#2736,.T.);
#3802=ORIENTED_EDGE('',*,*,#2739,.T.);
#3803=ORIENTED_EDGE('',*,*,#2740,.T.);
#3804=ORIENTED_EDGE('',*,*,#2652,.T.);
#3805=ORIENTED_EDGE('',*,*,#2687,.F.);
#3806=ORIENTED_EDGE('',*,*,#2741,.T.);
#3807=ORIENTED_EDGE('',*,*,#2742,.F.);
#3808=ORIENTED_EDGE('',*,*,#2667,.F.);
#3809=ORIENTED_EDGE('',*,*,#2742,.T.);
#3810=ORIENTED_EDGE('',*,*,#2743,.T.);
#3811=ORIENTED_EDGE('',*,*,#2744,.T.);
#3812=ORIENTED_EDGE('',*,*,#2668,.T.);
#3813=ORIENTED_EDGE('',*,*,#2702,.T.);
#3814=ORIENTED_EDGE('',*,*,#2670,.T.);
#3815=ORIENTED_EDGE('',*,*,#2745,.T.);
#3816=ORIENTED_EDGE('',*,*,#2746,.F.);
#3817=ORIENTED_EDGE('',*,*,#2711,.F.);
#3818=ORIENTED_EDGE('',*,*,#2641,.F.);
#3819=ORIENTED_EDGE('',*,*,#2726,.F.);
#3820=ORIENTED_EDGE('',*,*,#2747,.F.);
#3821=ORIENTED_EDGE('',*,*,#2664,.F.);
#3822=ORIENTED_EDGE('',*,*,#2683,.T.);
#3823=ORIENTED_EDGE('',*,*,#2729,.F.);
#3824=ORIENTED_EDGE('',*,*,#2748,.F.);
#3825=ORIENTED_EDGE('',*,*,#2690,.F.);
#3826=ORIENTED_EDGE('',*,*,#2647,.T.);
#3827=ORIENTED_EDGE('',*,*,#2723,.F.);
#3828=ORIENTED_EDGE('',*,*,#2749,.F.);
#3829=ORIENTED_EDGE('',*,*,#2632,.F.);
#3830=ORIENTED_EDGE('',*,*,#2638,.T.);
#3831=ORIENTED_EDGE('',*,*,#2657,.F.);
#3832=ORIENTED_EDGE('',*,*,#2660,.T.);
#3833=ORIENTED_EDGE('',*,*,#2738,.T.);
#3834=ORIENTED_EDGE('',*,*,#2750,.T.);
#3835=ORIENTED_EDGE('',*,*,#2739,.F.);
#3836=ORIENTED_EDGE('',*,*,#2735,.T.);
#3837=ORIENTED_EDGE('',*,*,#2693,.F.);
#3838=ORIENTED_EDGE('',*,*,#2691,.T.);
#3839=ORIENTED_EDGE('',*,*,#2688,.F.);
#3840=ORIENTED_EDGE('',*,*,#2749,.T.);
#3841=ORIENTED_EDGE('',*,*,#2722,.F.);
#3842=ORIENTED_EDGE('',*,*,#2707,.T.);
#3843=ORIENTED_EDGE('',*,*,#2704,.F.);
#3844=ORIENTED_EDGE('',*,*,#2712,.T.);
#3845=ORIENTED_EDGE('',*,*,#2709,.F.);
#3846=ORIENTED_EDGE('',*,*,#2747,.T.);
#3847=ORIENTED_EDGE('',*,*,#2725,.F.);
#3848=ORIENTED_EDGE('',*,*,#2727,.T.);
#3849=ORIENTED_EDGE('',*,*,#2669,.F.);
#3850=ORIENTED_EDGE('',*,*,#2751,.F.);
#3851=ORIENTED_EDGE('',*,*,#2752,.T.);
#3852=ORIENTED_EDGE('',*,*,#2753,.F.);
#3853=ORIENTED_EDGE('',*,*,#2661,.F.);
#3854=ORIENTED_EDGE('',*,*,#2748,.T.);
#3855=ORIENTED_EDGE('',*,*,#2728,.F.);
#3856=ORIENTED_EDGE('',*,*,#2731,.T.);
#3857=ORIENTED_EDGE('',*,*,#2714,.F.);
#3858=ORIENTED_EDGE('',*,*,#2717,.T.);
#3859=ORIENTED_EDGE('',*,*,#2719,.F.);
#3860=ORIENTED_EDGE('',*,*,#2721,.T.);
#3861=ORIENTED_EDGE('',*,*,#2733,.F.);
#3862=ORIENTED_EDGE('',*,*,#2734,.F.);
#3863=ORIENTED_EDGE('',*,*,#2695,.F.);
#3864=ORIENTED_EDGE('',*,*,#2699,.F.);
#3865=ORIENTED_EDGE('',*,*,#2700,.F.);
#3866=ORIENTED_EDGE('',*,*,#2703,.F.);
#3867=ORIENTED_EDGE('',*,*,#2746,.T.);
#3868=ORIENTED_EDGE('',*,*,#2754,.T.);
#3869=ORIENTED_EDGE('',*,*,#2743,.F.);
#3870=ORIENTED_EDGE('',*,*,#2741,.F.);
#3871=ORIENTED_EDGE('',*,*,#2686,.F.);
#3872=ORIENTED_EDGE('',*,*,#2684,.F.);
#3873=ORIENTED_EDGE('',*,*,#2744,.F.);
#3874=ORIENTED_EDGE('',*,*,#2755,.T.);
#3875=ORIENTED_EDGE('',*,*,#2756,.T.);
#3876=ORIENTED_EDGE('',*,*,#2751,.T.);
#3877=ORIENTED_EDGE('',*,*,#2745,.F.);
#3878=ORIENTED_EDGE('',*,*,#2753,.T.);
#3879=ORIENTED_EDGE('',*,*,#2757,.T.);
#3880=ORIENTED_EDGE('',*,*,#2758,.F.);
#3881=ORIENTED_EDGE('',*,*,#2754,.F.);
#3882=ORIENTED_EDGE('',*,*,#2758,.T.);
#3883=ORIENTED_EDGE('',*,*,#2759,.T.);
#3884=ORIENTED_EDGE('',*,*,#2755,.F.);
#3885=ORIENTED_EDGE('',*,*,#2653,.F.);
#3886=ORIENTED_EDGE('',*,*,#2760,.F.);
#3887=ORIENTED_EDGE('',*,*,#2761,.T.);
#3888=ORIENTED_EDGE('',*,*,#2762,.F.);
#3889=ORIENTED_EDGE('',*,*,#2740,.F.);
#3890=ORIENTED_EDGE('',*,*,#2763,.T.);
#3891=ORIENTED_EDGE('',*,*,#2764,.T.);
#3892=ORIENTED_EDGE('',*,*,#2760,.T.);
#3893=ORIENTED_EDGE('',*,*,#2737,.F.);
#3894=ORIENTED_EDGE('',*,*,#2762,.T.);
#3895=ORIENTED_EDGE('',*,*,#2765,.T.);
#3896=ORIENTED_EDGE('',*,*,#2766,.F.);
#3897=ORIENTED_EDGE('',*,*,#2750,.F.);
#3898=ORIENTED_EDGE('',*,*,#2766,.T.);
#3899=ORIENTED_EDGE('',*,*,#2767,.T.);
#3900=ORIENTED_EDGE('',*,*,#2763,.F.);
#3901=ORIENTED_EDGE('',*,*,#2768,.F.);
#3902=ORIENTED_EDGE('',*,*,#2769,.F.);
#3903=ORIENTED_EDGE('',*,*,#2770,.F.);
#3904=ORIENTED_EDGE('',*,*,#2765,.F.);
#3905=ORIENTED_EDGE('',*,*,#2771,.F.);
#3906=ORIENTED_EDGE('',*,*,#2772,.F.);
#3907=ORIENTED_EDGE('',*,*,#2773,.F.);
#3908=ORIENTED_EDGE('',*,*,#2774,.T.);
#3909=ORIENTED_EDGE('',*,*,#2775,.F.);
#3910=ORIENTED_EDGE('',*,*,#2774,.F.);
#3911=ORIENTED_EDGE('',*,*,#2776,.F.);
#3912=ORIENTED_EDGE('',*,*,#2769,.T.);
#3913=ORIENTED_EDGE('',*,*,#2771,.T.);
#3914=ORIENTED_EDGE('',*,*,#2775,.T.);
#3915=ORIENTED_EDGE('',*,*,#2768,.T.);
#3916=ORIENTED_EDGE('',*,*,#2761,.F.);
#3917=ORIENTED_EDGE('',*,*,#2777,.T.);
#3918=ORIENTED_EDGE('',*,*,#2778,.T.);
#3919=ORIENTED_EDGE('',*,*,#2779,.T.);
#3920=ORIENTED_EDGE('',*,*,#2780,.F.);
#3921=ORIENTED_EDGE('',*,*,#2781,.F.);
#3922=ORIENTED_EDGE('',*,*,#2782,.T.);
#3923=ORIENTED_EDGE('',*,*,#2783,.T.);
#3924=ORIENTED_EDGE('',*,*,#2784,.T.);
#3925=ORIENTED_EDGE('',*,*,#2785,.T.);
#3926=ORIENTED_EDGE('',*,*,#2786,.T.);
#3927=ORIENTED_EDGE('',*,*,#2787,.T.);
#3928=ORIENTED_EDGE('',*,*,#2788,.T.);
#3929=ORIENTED_EDGE('',*,*,#2789,.F.);
#3930=ORIENTED_EDGE('',*,*,#2790,.F.);
#3931=ORIENTED_EDGE('',*,*,#2791,.T.);
#3932=ORIENTED_EDGE('',*,*,#2792,.T.);
#3933=ORIENTED_EDGE('',*,*,#2793,.T.);
#3934=ORIENTED_EDGE('',*,*,#2752,.F.);
#3935=ORIENTED_EDGE('',*,*,#2794,.T.);
#3936=ORIENTED_EDGE('',*,*,#2795,.T.);
#3937=ORIENTED_EDGE('',*,*,#2796,.T.);
#3938=ORIENTED_EDGE('',*,*,#2797,.F.);
#3939=ORIENTED_EDGE('',*,*,#2798,.F.);
#3940=ORIENTED_EDGE('',*,*,#2799,.T.);
#3941=ORIENTED_EDGE('',*,*,#2800,.T.);
#3942=ORIENTED_EDGE('',*,*,#2801,.T.);
#3943=ORIENTED_EDGE('',*,*,#2802,.T.);
#3944=ORIENTED_EDGE('',*,*,#2803,.T.);
#3945=ORIENTED_EDGE('',*,*,#2804,.T.);
#3946=ORIENTED_EDGE('',*,*,#2805,.T.);
#3947=ORIENTED_EDGE('',*,*,#2806,.F.);
#3948=ORIENTED_EDGE('',*,*,#2807,.F.);
#3949=ORIENTED_EDGE('',*,*,#2808,.T.);
#3950=ORIENTED_EDGE('',*,*,#2779,.F.);
#3951=ORIENTED_EDGE('',*,*,#2809,.F.);
#3952=ORIENTED_EDGE('',*,*,#2810,.F.);
#3953=ORIENTED_EDGE('',*,*,#2811,.F.);
#3954=ORIENTED_EDGE('',*,*,#2777,.F.);
#3955=ORIENTED_EDGE('',*,*,#2764,.F.);
#3956=ORIENTED_EDGE('',*,*,#2812,.F.);
#3957=ORIENTED_EDGE('',*,*,#2813,.T.);
#3958=ORIENTED_EDGE('',*,*,#2778,.F.);
#3959=ORIENTED_EDGE('',*,*,#2813,.F.);
#3960=ORIENTED_EDGE('',*,*,#2814,.F.);
#3961=ORIENTED_EDGE('',*,*,#2809,.T.);
#3962=ORIENTED_EDGE('',*,*,#2811,.T.);
#3963=ORIENTED_EDGE('',*,*,#2815,.T.);
#3964=ORIENTED_EDGE('',*,*,#2816,.T.);
#3965=ORIENTED_EDGE('',*,*,#2780,.T.);
#3966=ORIENTED_EDGE('',*,*,#2793,.F.);
#3967=ORIENTED_EDGE('',*,*,#2817,.F.);
#3968=ORIENTED_EDGE('',*,*,#2818,.F.);
#3969=ORIENTED_EDGE('',*,*,#2757,.F.);
#3970=ORIENTED_EDGE('',*,*,#2791,.F.);
#3971=ORIENTED_EDGE('',*,*,#2819,.F.);
#3972=ORIENTED_EDGE('',*,*,#2820,.F.);
#3973=ORIENTED_EDGE('',*,*,#2821,.T.);
#3974=ORIENTED_EDGE('',*,*,#2792,.F.);
#3975=ORIENTED_EDGE('',*,*,#2821,.F.);
#3976=ORIENTED_EDGE('',*,*,#2822,.F.);
#3977=ORIENTED_EDGE('',*,*,#2817,.T.);
#3978=ORIENTED_EDGE('',*,*,#2796,.F.);
#3979=ORIENTED_EDGE('',*,*,#2823,.F.);
#3980=ORIENTED_EDGE('',*,*,#2824,.F.);
#3981=ORIENTED_EDGE('',*,*,#2825,.F.);
#3982=ORIENTED_EDGE('',*,*,#2794,.F.);
#3983=ORIENTED_EDGE('',*,*,#2756,.F.);
#3984=ORIENTED_EDGE('',*,*,#2826,.F.);
#3985=ORIENTED_EDGE('',*,*,#2827,.T.);
#3986=ORIENTED_EDGE('',*,*,#2795,.F.);
#3987=ORIENTED_EDGE('',*,*,#2827,.F.);
#3988=ORIENTED_EDGE('',*,*,#2828,.F.);
#3989=ORIENTED_EDGE('',*,*,#2823,.T.);
#3990=ORIENTED_EDGE('',*,*,#2825,.T.);
#3991=ORIENTED_EDGE('',*,*,#2829,.T.);
#3992=ORIENTED_EDGE('',*,*,#2830,.T.);
#3993=ORIENTED_EDGE('',*,*,#2797,.T.);
#3994=ORIENTED_EDGE('',*,*,#2831,.F.);
#3995=ORIENTED_EDGE('',*,*,#2832,.F.);
#3996=ORIENTED_EDGE('',*,*,#2785,.F.);
#3997=ORIENTED_EDGE('',*,*,#2833,.F.);
#3998=ORIENTED_EDGE('',*,*,#2834,.T.);
#3999=ORIENTED_EDGE('',*,*,#2835,.F.);
#4000=ORIENTED_EDGE('',*,*,#2836,.T.);
#4001=ORIENTED_EDGE('',*,*,#2837,.T.);
#4002=ORIENTED_EDGE('',*,*,#2838,.T.);
#4003=ORIENTED_EDGE('',*,*,#2839,.F.);
#4004=ORIENTED_EDGE('',*,*,#2840,.T.);
#4005=ORIENTED_EDGE('',*,*,#2835,.T.);
#4006=ORIENTED_EDGE('',*,*,#2841,.F.);
#4007=ORIENTED_EDGE('',*,*,#2842,.T.);
#4008=ORIENTED_EDGE('',*,*,#2843,.T.);
#4009=ORIENTED_EDGE('',*,*,#2832,.T.);
#4010=ORIENTED_EDGE('',*,*,#2834,.F.);
#4011=ORIENTED_EDGE('',*,*,#2833,.T.);
#4012=ORIENTED_EDGE('',*,*,#2844,.F.);
#4013=ORIENTED_EDGE('',*,*,#2845,.F.);
#4014=ORIENTED_EDGE('',*,*,#2841,.T.);
#4015=ORIENTED_EDGE('',*,*,#2846,.T.);
#4016=ORIENTED_EDGE('',*,*,#2847,.F.);
#4017=ORIENTED_EDGE('',*,*,#2839,.T.);
#4018=ORIENTED_EDGE('',*,*,#2848,.T.);
#4019=ORIENTED_EDGE('',*,*,#2836,.F.);
#4020=ORIENTED_EDGE('',*,*,#2840,.F.);
#4021=ORIENTED_EDGE('',*,*,#2847,.T.);
#4022=ORIENTED_EDGE('',*,*,#2831,.T.);
#4023=ORIENTED_EDGE('',*,*,#2837,.F.);
#4024=ORIENTED_EDGE('',*,*,#2848,.F.);
#4025=ORIENTED_EDGE('',*,*,#2846,.F.);
#4026=ORIENTED_EDGE('',*,*,#2838,.F.);
#4027=ORIENTED_EDGE('',*,*,#2845,.T.);
#4028=ORIENTED_EDGE('',*,*,#2849,.F.);
#4029=ORIENTED_EDGE('',*,*,#2842,.F.);
#4030=ORIENTED_EDGE('',*,*,#2850,.F.);
#4031=ORIENTED_EDGE('',*,*,#2851,.F.);
#4032=ORIENTED_EDGE('',*,*,#2802,.F.);
#4033=ORIENTED_EDGE('',*,*,#2852,.F.);
#4034=ORIENTED_EDGE('',*,*,#2853,.T.);
#4035=ORIENTED_EDGE('',*,*,#2854,.F.);
#4036=ORIENTED_EDGE('',*,*,#2855,.T.);
#4037=ORIENTED_EDGE('',*,*,#2856,.T.);
#4038=ORIENTED_EDGE('',*,*,#2857,.T.);
#4039=ORIENTED_EDGE('',*,*,#2858,.F.);
#4040=ORIENTED_EDGE('',*,*,#2859,.T.);
#4041=ORIENTED_EDGE('',*,*,#2854,.T.);
#4042=ORIENTED_EDGE('',*,*,#2860,.F.);
#4043=ORIENTED_EDGE('',*,*,#2861,.T.);
#4044=ORIENTED_EDGE('',*,*,#2862,.T.);
#4045=ORIENTED_EDGE('',*,*,#2851,.T.);
#4046=ORIENTED_EDGE('',*,*,#2853,.F.);
#4047=ORIENTED_EDGE('',*,*,#2852,.T.);
#4048=ORIENTED_EDGE('',*,*,#2863,.F.);
#4049=ORIENTED_EDGE('',*,*,#2864,.F.);
#4050=ORIENTED_EDGE('',*,*,#2860,.T.);
#4051=ORIENTED_EDGE('',*,*,#2865,.T.);
#4052=ORIENTED_EDGE('',*,*,#2866,.F.);
#4053=ORIENTED_EDGE('',*,*,#2858,.T.);
#4054=ORIENTED_EDGE('',*,*,#2867,.T.);
#4055=ORIENTED_EDGE('',*,*,#2855,.F.);
#4056=ORIENTED_EDGE('',*,*,#2859,.F.);
#4057=ORIENTED_EDGE('',*,*,#2866,.T.);
#4058=ORIENTED_EDGE('',*,*,#2850,.T.);
#4059=ORIENTED_EDGE('',*,*,#2856,.F.);
#4060=ORIENTED_EDGE('',*,*,#2867,.F.);
#4061=ORIENTED_EDGE('',*,*,#2865,.F.);
#4062=ORIENTED_EDGE('',*,*,#2857,.F.);
#4063=ORIENTED_EDGE('',*,*,#2864,.T.);
#4064=ORIENTED_EDGE('',*,*,#2868,.F.);
#4065=ORIENTED_EDGE('',*,*,#2861,.F.);
#4066=ORIENTED_EDGE('',*,*,#2863,.T.);
#4067=ORIENTED_EDGE('',*,*,#2801,.F.);
#4068=ORIENTED_EDGE('',*,*,#2869,.F.);
#4069=ORIENTED_EDGE('',*,*,#2870,.F.);
#4070=ORIENTED_EDGE('',*,*,#2799,.F.);
#4071=ORIENTED_EDGE('',*,*,#2871,.F.);
#4072=ORIENTED_EDGE('',*,*,#2872,.F.);
#4073=ORIENTED_EDGE('',*,*,#2873,.T.);
#4074=ORIENTED_EDGE('',*,*,#2800,.F.);
#4075=ORIENTED_EDGE('',*,*,#2873,.F.);
#4076=ORIENTED_EDGE('',*,*,#2874,.F.);
#4077=ORIENTED_EDGE('',*,*,#2869,.T.);
#4078=ORIENTED_EDGE('',*,*,#2862,.F.);
#4079=ORIENTED_EDGE('',*,*,#2875,.F.);
#4080=ORIENTED_EDGE('',*,*,#2876,.T.);
#4081=ORIENTED_EDGE('',*,*,#2803,.F.);
#4082=ORIENTED_EDGE('',*,*,#2804,.F.);
#4083=ORIENTED_EDGE('',*,*,#2876,.F.);
#4084=ORIENTED_EDGE('',*,*,#2877,.F.);
#4085=ORIENTED_EDGE('',*,*,#2878,.T.);
#4086=ORIENTED_EDGE('',*,*,#2805,.F.);
#4087=ORIENTED_EDGE('',*,*,#2878,.F.);
#4088=ORIENTED_EDGE('',*,*,#2879,.F.);
#4089=ORIENTED_EDGE('',*,*,#2880,.F.);
#4090=ORIENTED_EDGE('',*,*,#2880,.T.);
#4091=ORIENTED_EDGE('',*,*,#2881,.T.);
#4092=ORIENTED_EDGE('',*,*,#2882,.T.);
#4093=ORIENTED_EDGE('',*,*,#2806,.T.);
#4094=ORIENTED_EDGE('',*,*,#2773,.T.);
#4095=ORIENTED_EDGE('',*,*,#2883,.F.);
#4096=ORIENTED_EDGE('',*,*,#2881,.F.);
#4097=ORIENTED_EDGE('',*,*,#2879,.T.);
#4098=ORIENTED_EDGE('',*,*,#2877,.T.);
#4099=ORIENTED_EDGE('',*,*,#2875,.T.);
#4100=ORIENTED_EDGE('',*,*,#2868,.T.);
#4101=ORIENTED_EDGE('',*,*,#2870,.T.);
#4102=ORIENTED_EDGE('',*,*,#2874,.T.);
#4103=ORIENTED_EDGE('',*,*,#2872,.T.);
#4104=ORIENTED_EDGE('',*,*,#2884,.F.);
#4105=ORIENTED_EDGE('',*,*,#2829,.F.);
#4106=ORIENTED_EDGE('',*,*,#2824,.T.);
#4107=ORIENTED_EDGE('',*,*,#2828,.T.);
#4108=ORIENTED_EDGE('',*,*,#2826,.T.);
#4109=ORIENTED_EDGE('',*,*,#2759,.F.);
#4110=ORIENTED_EDGE('',*,*,#2818,.T.);
#4111=ORIENTED_EDGE('',*,*,#2822,.T.);
#4112=ORIENTED_EDGE('',*,*,#2820,.T.);
#4113=ORIENTED_EDGE('',*,*,#2885,.F.);
#4114=ORIENTED_EDGE('',*,*,#2886,.F.);
#4115=ORIENTED_EDGE('',*,*,#2887,.T.);
#4116=ORIENTED_EDGE('',*,*,#2888,.T.);
#4117=ORIENTED_EDGE('',*,*,#2889,.T.);
#4118=ORIENTED_EDGE('',*,*,#2849,.T.);
#4119=ORIENTED_EDGE('',*,*,#2890,.T.);
#4120=ORIENTED_EDGE('',*,*,#2891,.T.);
#4121=ORIENTED_EDGE('',*,*,#2892,.T.);
#4122=ORIENTED_EDGE('',*,*,#2893,.F.);
#4123=ORIENTED_EDGE('',*,*,#2815,.F.);
#4124=ORIENTED_EDGE('',*,*,#2810,.T.);
#4125=ORIENTED_EDGE('',*,*,#2814,.T.);
#4126=ORIENTED_EDGE('',*,*,#2812,.T.);
#4127=ORIENTED_EDGE('',*,*,#2767,.F.);
#4128=ORIENTED_EDGE('',*,*,#2770,.T.);
#4129=ORIENTED_EDGE('',*,*,#2776,.T.);
#4130=ORIENTED_EDGE('',*,*,#2894,.T.);
#4131=ORIENTED_EDGE('',*,*,#2844,.T.);
#4132=ORIENTED_EDGE('',*,*,#2784,.F.);
#4133=ORIENTED_EDGE('',*,*,#2895,.F.);
#4134=ORIENTED_EDGE('',*,*,#2890,.F.);
#4135=ORIENTED_EDGE('',*,*,#2782,.F.);
#4136=ORIENTED_EDGE('',*,*,#2896,.F.);
#4137=ORIENTED_EDGE('',*,*,#2892,.F.);
#4138=ORIENTED_EDGE('',*,*,#2897,.T.);
#4139=ORIENTED_EDGE('',*,*,#2783,.F.);
#4140=ORIENTED_EDGE('',*,*,#2897,.F.);
#4141=ORIENTED_EDGE('',*,*,#2891,.F.);
#4142=ORIENTED_EDGE('',*,*,#2895,.T.);
#4143=ORIENTED_EDGE('',*,*,#2843,.F.);
#4144=ORIENTED_EDGE('',*,*,#2889,.F.);
#4145=ORIENTED_EDGE('',*,*,#2898,.T.);
#4146=ORIENTED_EDGE('',*,*,#2786,.F.);
#4147=ORIENTED_EDGE('',*,*,#2787,.F.);
#4148=ORIENTED_EDGE('',*,*,#2898,.F.);
#4149=ORIENTED_EDGE('',*,*,#2888,.F.);
#4150=ORIENTED_EDGE('',*,*,#2899,.T.);
#4151=ORIENTED_EDGE('',*,*,#2788,.F.);
#4152=ORIENTED_EDGE('',*,*,#2899,.F.);
#4153=ORIENTED_EDGE('',*,*,#2887,.F.);
#4154=ORIENTED_EDGE('',*,*,#2900,.F.);
#4155=ORIENTED_EDGE('',*,*,#2900,.T.);
#4156=ORIENTED_EDGE('',*,*,#2886,.T.);
#4157=ORIENTED_EDGE('',*,*,#2901,.T.);
#4158=ORIENTED_EDGE('',*,*,#2789,.T.);
#4159=ORIENTED_EDGE('',*,*,#2871,.T.);
#4160=ORIENTED_EDGE('',*,*,#2798,.T.);
#4161=ORIENTED_EDGE('',*,*,#2830,.F.);
#4162=ORIENTED_EDGE('',*,*,#2884,.T.);
#4163=ORIENTED_EDGE('',*,*,#2896,.T.);
#4164=ORIENTED_EDGE('',*,*,#2781,.T.);
#4165=ORIENTED_EDGE('',*,*,#2816,.F.);
#4166=ORIENTED_EDGE('',*,*,#2893,.T.);
#4167=ORIENTED_EDGE('',*,*,#2894,.F.);
#4168=ORIENTED_EDGE('',*,*,#2902,.T.);
#4169=ORIENTED_EDGE('',*,*,#2808,.F.);
#4170=ORIENTED_EDGE('',*,*,#2902,.F.);
#4171=ORIENTED_EDGE('',*,*,#2772,.T.);
#4172=ORIENTED_EDGE('',*,*,#2807,.T.);
#4173=ORIENTED_EDGE('',*,*,#2882,.F.);
#4174=ORIENTED_EDGE('',*,*,#2883,.T.);
#4175=ORIENTED_EDGE('',*,*,#2819,.T.);
#4176=ORIENTED_EDGE('',*,*,#2790,.T.);
#4177=ORIENTED_EDGE('',*,*,#2901,.F.);
#4178=ORIENTED_EDGE('',*,*,#2885,.T.);
#4179=ORIENTED_EDGE('',*,*,#2903,.T.);
#4180=ORIENTED_EDGE('',*,*,#2904,.F.);
#4181=ORIENTED_EDGE('',*,*,#2905,.T.);
#4182=ORIENTED_EDGE('',*,*,#2906,.T.);
#4183=ORIENTED_EDGE('',*,*,#2907,.T.);
#4184=ORIENTED_EDGE('',*,*,#2908,.F.);
#4185=ORIENTED_EDGE('',*,*,#2909,.T.);
#4186=ORIENTED_EDGE('',*,*,#2904,.T.);
#4187=ORIENTED_EDGE('',*,*,#2910,.T.);
#4188=ORIENTED_EDGE('',*,*,#2911,.F.);
#4189=ORIENTED_EDGE('',*,*,#2912,.T.);
#4190=ORIENTED_EDGE('',*,*,#2908,.T.);
#4191=ORIENTED_EDGE('',*,*,#2913,.T.);
#4192=ORIENTED_EDGE('',*,*,#2906,.F.);
#4193=ORIENTED_EDGE('',*,*,#2914,.T.);
#4194=ORIENTED_EDGE('',*,*,#2911,.T.);
#4195=ORIENTED_EDGE('',*,*,#2914,.F.);
#4196=ORIENTED_EDGE('',*,*,#2905,.F.);
#4197=ORIENTED_EDGE('',*,*,#2909,.F.);
#4198=ORIENTED_EDGE('',*,*,#2912,.F.);
#4199=ORIENTED_EDGE('',*,*,#2903,.F.);
#4200=ORIENTED_EDGE('',*,*,#2913,.F.);
#4201=ORIENTED_EDGE('',*,*,#2910,.F.);
#4202=ORIENTED_EDGE('',*,*,#2907,.F.);
#4203=CYLINDRICAL_SURFACE('',#4646,0.01);
#4204=CYLINDRICAL_SURFACE('',#4657,0.01);
#4205=CYLINDRICAL_SURFACE('',#4659,0.01);
#4206=CYLINDRICAL_SURFACE('',#4660,0.01);
#4207=CYLINDRICAL_SURFACE('',#4661,0.01);
#4208=CYLINDRICAL_SURFACE('',#4663,0.01);
#4209=CYLINDRICAL_SURFACE('',#4676,0.01);
#4210=CYLINDRICAL_SURFACE('',#4683,0.01);
#4211=CYLINDRICAL_SURFACE('',#4685,0.01);
#4212=CYLINDRICAL_SURFACE('',#4690,0.01);
#4213=CYLINDRICAL_SURFACE('',#4691,0.01);
#4214=CYLINDRICAL_SURFACE('',#4692,0.01);
#4215=CYLINDRICAL_SURFACE('',#4696,0.01);
#4216=CYLINDRICAL_SURFACE('',#4703,0.01);
#4217=CYLINDRICAL_SURFACE('',#4708,0.01);
#4218=CYLINDRICAL_SURFACE('',#4709,0.01);
#4219=CYLINDRICAL_SURFACE('',#4711,0.01);
#4220=CYLINDRICAL_SURFACE('',#4713,0.01);
#4221=CYLINDRICAL_SURFACE('',#4715,0.01);
#4222=CYLINDRICAL_SURFACE('',#4717,0.01);
#4223=CYLINDRICAL_SURFACE('',#4728,0.01);
#4224=CYLINDRICAL_SURFACE('',#4729,0.01);
#4225=CYLINDRICAL_SURFACE('',#4730,0.05);
#4226=CYLINDRICAL_SURFACE('',#4732,0.01);
#4227=CYLINDRICAL_SURFACE('',#4734,0.01);
#4228=CYLINDRICAL_SURFACE('',#4736,0.01);
#4229=CYLINDRICAL_SURFACE('',#4737,0.01);
#4230=CYLINDRICAL_SURFACE('',#4739,0.05);
#4231=CYLINDRICAL_SURFACE('',#4741,0.01);
#4232=CYLINDRICAL_SURFACE('',#4748,0.01);
#4233=CYLINDRICAL_SURFACE('',#4755,0.01);
#4234=CYLINDRICAL_SURFACE('',#4756,0.05);
#4235=CYLINDRICAL_SURFACE('',#4762,0.01);
#4236=CYLINDRICAL_SURFACE('',#4765,0.01);
#4237=CYLINDRICAL_SURFACE('',#4767,0.01);
#4238=CYLINDRICAL_SURFACE('',#4769,0.01);
#4239=CYLINDRICAL_SURFACE('',#4781,0.01);
#4240=CYLINDRICAL_SURFACE('',#4782,0.01);
#4241=CYLINDRICAL_SURFACE('',#4784,0.01);
#4242=CYLINDRICAL_SURFACE('',#4785,0.05);
#4243=CYLINDRICAL_SURFACE('',#4787,0.01);
#4244=CYLINDRICAL_SURFACE('',#4788,0.01);
#4245=CYLINDRICAL_SURFACE('',#4789,0.01);
#4246=CYLINDRICAL_SURFACE('',#4790,0.01);
#4247=CYLINDRICAL_SURFACE('',#4791,0.01);
#4248=CYLINDRICAL_SURFACE('',#4793,0.01);
#4249=CYLINDRICAL_SURFACE('',#4816,0.16);
#4250=CYLINDRICAL_SURFACE('',#4818,0.16);
#4251=CYLINDRICAL_SURFACE('',#4820,0.16);
#4252=CYLINDRICAL_SURFACE('',#4822,0.16);
#4253=CYLINDRICAL_SURFACE('',#4869,0.875);
#4254=CYLINDRICAL_SURFACE('',#4879,0.08);
#4255=CYLINDRICAL_SURFACE('',#4891,0.08);
#4256=CYLINDRICAL_SURFACE('',#4894,0.08);
#4257=CYLINDRICAL_SURFACE('',#4906,0.08);
#4258=CYLINDRICAL_SURFACE('',#4908,0.08);
#4259=CYLINDRICAL_SURFACE('',#4911,0.08);
#4260=CYLINDRICAL_SURFACE('',#4913,0.08);
#4261=CYLINDRICAL_SURFACE('',#4916,0.08);
#4262=CYLINDRICAL_SURFACE('',#4919,0.02);
#4263=CYLINDRICAL_SURFACE('',#4922,0.02);
#4264=CYLINDRICAL_SURFACE('',#4925,0.02);
#4265=CYLINDRICAL_SURFACE('',#4928,0.02);
#4266=CYLINDRICAL_SURFACE('',#4931,0.1);
#4267=CYLINDRICAL_SURFACE('',#4933,0.1);
#4268=CYLINDRICAL_SURFACE('',#4936,0.1);
#4269=CYLINDRICAL_SURFACE('',#4939,0.1);
#4270=CYLINDRICAL_SURFACE('',#4952,0.1875);
#4271=CYLINDRICAL_SURFACE('',#4960,0.0375);
#4272=CYLINDRICAL_SURFACE('',#4961,0.1875);
#4273=CYLINDRICAL_SURFACE('',#4968,0.0375);
#4274=CYLINDRICAL_SURFACE('',#4989,0.1875);
#4275=CYLINDRICAL_SURFACE('',#5001,0.0375);
#4276=CYLINDRICAL_SURFACE('',#5002,0.1875);
#4277=CYLINDRICAL_SURFACE('',#5014,0.0375);
#4278=CYLINDRICAL_SURFACE('',#5017,0.0375);
#4279=CYLINDRICAL_SURFACE('',#5020,0.0374999999999999);
#4280=CYLINDRICAL_SURFACE('',#5030,0.0375);
#4281=CYLINDRICAL_SURFACE('',#5032,0.0375);
#4282=CYLINDRICAL_SURFACE('',#5037,0.95);
#4283=ADVANCED_FACE('',(#349),#4203,.T.);
#4284=ADVANCED_FACE('',(#350),#341,.T.);
#4285=ADVANCED_FACE('',(#351),#342,.T.);
#4286=ADVANCED_FACE('',(#352),#4204,.T.);
#4287=ADVANCED_FACE('',(#353),#4205,.T.);
#4288=ADVANCED_FACE('',(#354),#4206,.T.);
#4289=ADVANCED_FACE('',(#355),#4207,.T.);
#4290=ADVANCED_FACE('',(#356),#4208,.T.);
#4291=ADVANCED_FACE('',(#357),#60,.T.);
#4292=ADVANCED_FACE('',(#358,#56),#61,.F.);
#4293=ADVANCED_FACE('',(#359),#62,.T.);
#4294=ADVANCED_FACE('',(#360),#63,.T.);
#4295=ADVANCED_FACE('',(#361),#4209,.T.);
#4296=ADVANCED_FACE('',(#362),#343,.T.);
#4297=ADVANCED_FACE('',(#363),#4210,.T.);
#4298=ADVANCED_FACE('',(#364),#4211,.T.);
#4299=ADVANCED_FACE('',(#365),#344,.T.);
#4300=ADVANCED_FACE('',(#366),#4212,.T.);
#4301=ADVANCED_FACE('',(#367),#4213,.T.);
#4302=ADVANCED_FACE('',(#368),#4214,.T.);
#4303=ADVANCED_FACE('',(#369),#64,.T.);
#4304=ADVANCED_FACE('',(#370),#65,.T.);
#4305=ADVANCED_FACE('',(#371),#4215,.T.);
#4306=ADVANCED_FACE('',(#372),#51,.T.);
#4307=ADVANCED_FACE('',(#373),#4216,.T.);
#4308=ADVANCED_FACE('',(#374),#345,.T.);
#4309=ADVANCED_FACE('',(#375),#4217,.T.);
#4310=ADVANCED_FACE('',(#376),#4218,.T.);
#4311=ADVANCED_FACE('',(#377),#4219,.T.);
#4312=ADVANCED_FACE('',(#378),#4220,.T.);
#4313=ADVANCED_FACE('',(#379),#4221,.T.);
#4314=ADVANCED_FACE('',(#380),#4222,.T.);
#4315=ADVANCED_FACE('',(#381),#52,.T.);
#4316=ADVANCED_FACE('',(#382),#346,.T.);
#4317=ADVANCED_FACE('',(#383),#4223,.T.);
#4318=ADVANCED_FACE('',(#384),#4224,.T.);
#4319=ADVANCED_FACE('',(#385),#4225,.T.);
#4320=ADVANCED_FACE('',(#386),#4226,.T.);
#4321=ADVANCED_FACE('',(#387),#4227,.T.);
#4322=ADVANCED_FACE('',(#388),#4228,.T.);
#4323=ADVANCED_FACE('',(#389),#4229,.T.);
#4324=ADVANCED_FACE('',(#390),#4230,.T.);
#4325=ADVANCED_FACE('',(#391),#4231,.T.);
#4326=ADVANCED_FACE('',(#392),#66,.T.);
#4327=ADVANCED_FACE('',(#393),#67,.F.);
#4328=ADVANCED_FACE('',(#394),#68,.F.);
#4329=ADVANCED_FACE('',(#395),#69,.F.);
#4330=ADVANCED_FACE('',(#396),#70,.F.);
#4331=ADVANCED_FACE('',(#397),#4232,.T.);
#4332=ADVANCED_FACE('',(#398),#53,.T.);
#4333=ADVANCED_FACE('',(#399),#4233,.T.);
#4334=ADVANCED_FACE('',(#400),#4234,.T.);
#4335=ADVANCED_FACE('',(#401),#347,.T.);
#4336=ADVANCED_FACE('',(#402),#4235,.T.);
#4337=ADVANCED_FACE('',(#403),#4236,.T.);
#4338=ADVANCED_FACE('',(#404),#4237,.T.);
#4339=ADVANCED_FACE('',(#405),#4238,.T.);
#4340=ADVANCED_FACE('',(#406),#54,.T.);
#4341=ADVANCED_FACE('',(#407),#348,.T.);
#4342=ADVANCED_FACE('',(#408),#4239,.T.);
#4343=ADVANCED_FACE('',(#409),#4240,.T.);
#4344=ADVANCED_FACE('',(#410),#4241,.T.);
#4345=ADVANCED_FACE('',(#411),#4242,.T.);
#4346=ADVANCED_FACE('',(#412),#4243,.T.);
#4347=ADVANCED_FACE('',(#413),#4244,.T.);
#4348=ADVANCED_FACE('',(#414),#4245,.T.);
#4349=ADVANCED_FACE('',(#415),#4246,.T.);
#4350=ADVANCED_FACE('',(#416),#4247,.T.);
#4351=ADVANCED_FACE('',(#417),#4248,.T.);
#4352=ADVANCED_FACE('',(#418),#71,.T.);
#4353=ADVANCED_FACE('',(#419),#72,.F.);
#4354=ADVANCED_FACE('',(#420),#73,.F.);
#4355=ADVANCED_FACE('',(#421),#74,.F.);
#4356=ADVANCED_FACE('',(#422),#75,.T.);
#4357=ADVANCED_FACE('',(#423),#76,.T.);
#4358=ADVANCED_FACE('',(#424),#77,.T.);
#4359=ADVANCED_FACE('',(#425),#78,.F.);
#4360=ADVANCED_FACE('',(#426),#79,.F.);
#4361=ADVANCED_FACE('',(#427),#80,.F.);
#4362=ADVANCED_FACE('',(#428),#81,.F.);
#4363=ADVANCED_FACE('',(#429),#82,.F.);
#4364=ADVANCED_FACE('',(#430),#83,.F.);
#4365=ADVANCED_FACE('',(#431),#84,.F.);
#4366=ADVANCED_FACE('',(#432),#85,.F.);
#4367=ADVANCED_FACE('',(#433),#86,.F.);
#4368=ADVANCED_FACE('',(#434),#87,.F.);
#4369=ADVANCED_FACE('',(#435),#4249,.F.);
#4370=ADVANCED_FACE('',(#436),#88,.F.);
#4371=ADVANCED_FACE('',(#437),#4250,.F.);
#4372=ADVANCED_FACE('',(#438),#89,.F.);
#4373=ADVANCED_FACE('',(#439),#4251,.F.);
#4374=ADVANCED_FACE('',(#440),#90,.F.);
#4375=ADVANCED_FACE('',(#441),#4252,.F.);
#4376=ADVANCED_FACE('',(#442),#91,.F.);
#4377=ADVANCED_FACE('',(#443),#92,.F.);
#4378=ADVANCED_FACE('',(#444),#93,.F.);
#4379=ADVANCED_FACE('',(#445),#94,.F.);
#4380=ADVANCED_FACE('',(#446),#95,.F.);
#4381=ADVANCED_FACE('',(#447),#96,.F.);
#4382=ADVANCED_FACE('',(#448),#97,.F.);
#4383=ADVANCED_FACE('',(#449),#98,.F.);
#4384=ADVANCED_FACE('',(#450),#99,.F.);
#4385=ADVANCED_FACE('',(#451),#100,.F.);
#4386=ADVANCED_FACE('',(#452),#101,.F.);
#4387=ADVANCED_FACE('',(#453),#102,.F.);
#4388=ADVANCED_FACE('',(#454),#103,.F.);
#4389=ADVANCED_FACE('',(#455),#104,.T.);
#4390=ADVANCED_FACE('',(#456),#105,.T.);
#4391=ADVANCED_FACE('',(#457),#106,.F.);
#4392=ADVANCED_FACE('',(#458),#107,.F.);
#4393=ADVANCED_FACE('',(#459),#108,.F.);
#4394=ADVANCED_FACE('',(#460),#109,.F.);
#4395=ADVANCED_FACE('',(#461),#110,.F.);
#4396=ADVANCED_FACE('',(#462),#111,.F.);
#4397=ADVANCED_FACE('',(#463),#112,.F.);
#4398=ADVANCED_FACE('',(#464),#113,.F.);
#4399=ADVANCED_FACE('',(#465),#114,.T.);
#4400=ADVANCED_FACE('',(#466),#115,.T.);
#4401=ADVANCED_FACE('',(#467),#116,.T.);
#4402=ADVANCED_FACE('',(#468),#117,.T.);
#4403=ADVANCED_FACE('',(#469),#118,.T.);
#4404=ADVANCED_FACE('',(#470),#119,.T.);
#4405=ADVANCED_FACE('',(#471),#120,.T.);
#4406=ADVANCED_FACE('',(#472),#121,.F.);
#4407=ADVANCED_FACE('',(#473),#122,.F.);
#4408=ADVANCED_FACE('',(#474),#123,.T.);
#4409=ADVANCED_FACE('',(#475),#124,.T.);
#4410=ADVANCED_FACE('',(#476),#125,.T.);
#4411=ADVANCED_FACE('',(#477),#126,.T.);
#4412=ADVANCED_FACE('',(#478),#127,.T.);
#4413=ADVANCED_FACE('',(#479),#128,.T.);
#4414=ADVANCED_FACE('',(#480),#129,.F.);
#4415=ADVANCED_FACE('',(#481),#130,.T.);
#4416=ADVANCED_FACE('',(#482),#131,.T.);
#4417=ADVANCED_FACE('',(#483),#55,.T.);
#4418=ADVANCED_FACE('',(#484),#4253,.T.);
#4419=ADVANCED_FACE('',(#485),#132,.F.);
#4420=ADVANCED_FACE('',(#486),#133,.T.);
#4421=ADVANCED_FACE('',(#487),#134,.T.);
#4422=ADVANCED_FACE('',(#488),#135,.T.);
#4423=ADVANCED_FACE('',(#489),#136,.T.);
#4424=ADVANCED_FACE('',(#490),#137,.F.);
#4425=ADVANCED_FACE('',(#491,#57),#138,.T.);
#4426=ADVANCED_FACE('',(#492),#4254,.T.);
#4427=ADVANCED_FACE('',(#493),#139,.F.);
#4428=ADVANCED_FACE('',(#494),#140,.T.);
#4429=ADVANCED_FACE('',(#495),#4255,.T.);
#4430=ADVANCED_FACE('',(#496),#141,.F.);
#4431=ADVANCED_FACE('',(#497),#4256,.T.);
#4432=ADVANCED_FACE('',(#498),#142,.T.);
#4433=ADVANCED_FACE('',(#499),#143,.T.);
#4434=ADVANCED_FACE('',(#500),#4257,.T.);
#4435=ADVANCED_FACE('',(#501),#4258,.T.);
#4436=ADVANCED_FACE('',(#502),#144,.F.);
#4437=ADVANCED_FACE('',(#503),#4259,.T.);
#4438=ADVANCED_FACE('',(#504),#4260,.T.);
#4439=ADVANCED_FACE('',(#505),#145,.T.);
#4440=ADVANCED_FACE('',(#506),#4261,.T.);
#4441=ADVANCED_FACE('',(#507),#146,.T.);
#4442=ADVANCED_FACE('',(#508),#4262,.F.);
#4443=ADVANCED_FACE('',(#509),#147,.F.);
#4444=ADVANCED_FACE('',(#510),#4263,.F.);
#4445=ADVANCED_FACE('',(#511),#148,.F.);
#4446=ADVANCED_FACE('',(#512),#4264,.F.);
#4447=ADVANCED_FACE('',(#513),#149,.F.);
#4448=ADVANCED_FACE('',(#514),#4265,.F.);
#4449=ADVANCED_FACE('',(#515),#150,.F.);
#4450=ADVANCED_FACE('',(#516),#4266,.T.);
#4451=ADVANCED_FACE('',(#517),#4267,.T.);
#4452=ADVANCED_FACE('',(#518),#151,.T.);
#4453=ADVANCED_FACE('',(#519),#4268,.T.);
#4454=ADVANCED_FACE('',(#520),#152,.F.);
#4455=ADVANCED_FACE('',(#521),#4269,.T.);
#4456=ADVANCED_FACE('',(#522),#153,.T.);
#4457=ADVANCED_FACE('',(#523),#154,.F.);
#4458=ADVANCED_FACE('',(#524),#155,.T.);
#4459=ADVANCED_FACE('',(#525),#156,.T.);
#4460=ADVANCED_FACE('',(#526),#157,.T.);
#4461=ADVANCED_FACE('',(#527),#158,.T.);
#4462=ADVANCED_FACE('',(#528),#159,.T.);
#4463=ADVANCED_FACE('',(#529),#160,.F.);
#4464=ADVANCED_FACE('',(#530),#161,.T.);
#4465=ADVANCED_FACE('',(#531),#162,.T.);
#4466=ADVANCED_FACE('',(#532),#163,.F.);
#4467=ADVANCED_FACE('',(#533),#4270,.T.);
#4468=ADVANCED_FACE('',(#534),#164,.F.);
#4469=ADVANCED_FACE('',(#535),#165,.T.);
#4470=ADVANCED_FACE('',(#536),#166,.T.);
#4471=ADVANCED_FACE('',(#537),#4271,.F.);
#4472=ADVANCED_FACE('',(#538),#4272,.T.);
#4473=ADVANCED_FACE('',(#539),#167,.T.);
#4474=ADVANCED_FACE('',(#540),#168,.T.);
#4475=ADVANCED_FACE('',(#541),#4273,.F.);
#4476=ADVANCED_FACE('',(#542),#169,.F.);
#4477=ADVANCED_FACE('',(#543),#170,.F.);
#4478=ADVANCED_FACE('',(#544),#171,.F.);
#4479=ADVANCED_FACE('',(#545,#58),#172,.T.);
#4480=ADVANCED_FACE('',(#546),#173,.F.);
#4481=ADVANCED_FACE('',(#547),#174,.F.);
#4482=ADVANCED_FACE('',(#548),#175,.F.);
#4483=ADVANCED_FACE('',(#549),#176,.T.);
#4484=ADVANCED_FACE('',(#550),#177,.F.);
#4485=ADVANCED_FACE('',(#551),#178,.F.);
#4486=ADVANCED_FACE('',(#552),#179,.F.);
#4487=ADVANCED_FACE('',(#553),#180,.F.);
#4488=ADVANCED_FACE('',(#554),#181,.F.);
#4489=ADVANCED_FACE('',(#555),#182,.F.);
#4490=ADVANCED_FACE('',(#556),#183,.T.);
#4491=ADVANCED_FACE('',(#557),#4274,.T.);
#4492=ADVANCED_FACE('',(#558),#184,.T.);
#4493=ADVANCED_FACE('',(#559),#185,.F.);
#4494=ADVANCED_FACE('',(#560),#186,.T.);
#4495=ADVANCED_FACE('',(#561),#187,.T.);
#4496=ADVANCED_FACE('',(#562),#188,.T.);
#4497=ADVANCED_FACE('',(#563),#189,.T.);
#4498=ADVANCED_FACE('',(#564),#190,.T.);
#4499=ADVANCED_FACE('',(#565),#4275,.F.);
#4500=ADVANCED_FACE('',(#566),#4276,.T.);
#4501=ADVANCED_FACE('',(#567),#191,.T.);
#4502=ADVANCED_FACE('',(#568),#192,.F.);
#4503=ADVANCED_FACE('',(#569),#193,.T.);
#4504=ADVANCED_FACE('',(#570),#194,.T.);
#4505=ADVANCED_FACE('',(#571),#195,.T.);
#4506=ADVANCED_FACE('',(#572),#196,.T.);
#4507=ADVANCED_FACE('',(#573),#197,.T.);
#4508=ADVANCED_FACE('',(#574),#4277,.F.);
#4509=ADVANCED_FACE('',(#575),#198,.F.);
#4510=ADVANCED_FACE('',(#576),#199,.F.);
#4511=ADVANCED_FACE('',(#577),#4278,.F.);
#4512=ADVANCED_FACE('',(#578),#200,.F.);
#4513=ADVANCED_FACE('',(#579),#4279,.F.);
#4514=ADVANCED_FACE('',(#580),#201,.F.);
#4515=ADVANCED_FACE('',(#581),#202,.T.);
#4516=ADVANCED_FACE('',(#582,#59),#203,.F.);
#4517=ADVANCED_FACE('',(#583),#204,.F.);
#4518=ADVANCED_FACE('',(#584),#205,.F.);
#4519=ADVANCED_FACE('',(#585),#4280,.F.);
#4520=ADVANCED_FACE('',(#586),#206,.F.);
#4521=ADVANCED_FACE('',(#587),#4281,.F.);
#4522=ADVANCED_FACE('',(#588),#207,.F.);
#4523=ADVANCED_FACE('',(#589),#208,.T.);
#4524=ADVANCED_FACE('',(#590),#209,.T.);
#4525=ADVANCED_FACE('',(#591),#210,.T.);
#4526=ADVANCED_FACE('',(#592),#4282,.F.);
#4527=ADVANCED_FACE('',(#593),#211,.T.);
#4528=ADVANCED_FACE('',(#594),#212,.T.);
#4529=ADVANCED_FACE('',(#595),#213,.T.);
#4530=ADVANCED_FACE('',(#596),#214,.T.);
#4531=ADVANCED_FACE('',(#597),#215,.T.);
#4532=ADVANCED_FACE('',(#598),#216,.T.);
#4533=ADVANCED_FACE('',(#599),#217,.F.);
#4534=ADVANCED_FACE('',(#600),#218,.T.);
#4535=CLOSED_SHELL('',(#4283,#4284,#4285,#4286,#4287,#4288,#4289,#4290,
#4291,#4292,#4293,#4294,#4295,#4296,#4297,#4298,#4299,#4300,#4301,#4302,
#4303,#4304,#4305,#4306,#4307,#4308,#4309,#4310,#4311,#4312,#4313,#4314,
#4315,#4316,#4317,#4318,#4319,#4320,#4321,#4322,#4323,#4324,#4325,#4326,
#4327,#4328,#4329,#4330,#4331,#4332,#4333,#4334,#4335,#4336,#4337,#4338,
#4339,#4340,#4341,#4342,#4343,#4344,#4345,#4346,#4347,#4348,#4349,#4350,
#4351,#4352,#4353,#4354,#4355,#4356,#4357,#4358,#4359,#4360,#4361,#4362,
#4363,#4364,#4365,#4366,#4367,#4368,#4369,#4370,#4371,#4372,#4373,#4374,
#4375,#4376,#4377,#4378,#4379,#4380,#4381,#4382,#4383,#4384,#4385,#4386,
#4387,#4388,#4389,#4390,#4391,#4392,#4393,#4394,#4395,#4396,#4397,#4398,
#4399,#4400,#4401,#4402,#4403,#4404,#4405,#4406,#4407,#4408,#4409,#4410,
#4411,#4412,#4413,#4414,#4415,#4416));
#4536=CLOSED_SHELL('',(#4417,#4418,#4419,#4420,#4421,#4422,#4423,#4424,
#4425));
#4537=CLOSED_SHELL('',(#4426,#4427,#4428,#4429,#4430,#4431,#4432,#4433,
#4434,#4435,#4436,#4437,#4438,#4439,#4440,#4441,#4442,#4443,#4444,#4445,
#4446,#4447,#4448,#4449,#4450,#4451,#4452,#4453,#4454,#4455,#4456,#4457,
#4458,#4459,#4460,#4461,#4462,#4463,#4464,#4465,#4466,#4467,#4468,#4469,
#4470,#4471,#4472,#4473,#4474,#4475,#4476,#4477,#4478,#4479,#4480,#4481,
#4482,#4483,#4484,#4485,#4486,#4487,#4488,#4489,#4490,#4491,#4492,#4493,
#4494,#4495,#4496,#4497,#4498,#4499,#4500,#4501,#4502,#4503,#4504,#4505,
#4506,#4507,#4508,#4509,#4510,#4511,#4512,#4513,#4514,#4515,#4516,#4517,
#4518,#4519,#4520,#4521,#4522,#4523,#4524,#4525,#4526,#4527,#4528));
#4538=CLOSED_SHELL('',(#4529,#4530,#4531,#4532,#4533,#4534));
#4539=DERIVED_UNIT_ELEMENT(#4548,1.);
#4540=DERIVED_UNIT_ELEMENT(#7719,-3.);
#4541=DERIVED_UNIT_ELEMENT(#4548,1.);
#4542=DERIVED_UNIT_ELEMENT(#7719,-3.);
#4543=DERIVED_UNIT_ELEMENT(#4548,1.);
#4544=DERIVED_UNIT_ELEMENT(#7719,-3.);
#4545=DERIVED_UNIT_ELEMENT(#4548,1.);
#4546=DERIVED_UNIT_ELEMENT(#7719,-3.);
#4547=DIMENSIONAL_EXPONENTS(1.,0.,0.,0.,0.,0.,0.);
#4548=(
CONVERSION_BASED_UNIT('gram',#4550)
MASS_UNIT()
NAMED_UNIT(#4547)
);
#4549=(
MASS_UNIT()
NAMED_UNIT(*)
SI_UNIT(.KILO.,.GRAM.)
);
#4550=MASS_MEASURE_WITH_UNIT(MASS_MEASURE(0.001),#4549);
#4551=DERIVED_UNIT((#4539,#4540));
#4552=DERIVED_UNIT((#4541,#4542));
#4553=DERIVED_UNIT((#4543,#4544));
#4554=DERIVED_UNIT((#4545,#4546));
#4555=MEASURE_REPRESENTATION_ITEM('density measure',
POSITIVE_RATIO_MEASURE(1.13),#4551);
#4556=MEASURE_REPRESENTATION_ITEM('density measure',
POSITIVE_RATIO_MEASURE(1.13),#4552);
#4557=MEASURE_REPRESENTATION_ITEM('density measure',
POSITIVE_RATIO_MEASURE(8.),#4553);
#4558=MEASURE_REPRESENTATION_ITEM('density measure',
POSITIVE_RATIO_MEASURE(1.),#4554);
#4559=PROPERTY_DEFINITION_REPRESENTATION(#4579,#4567);
#4560=PROPERTY_DEFINITION_REPRESENTATION(#4580,#4568);
#4561=PROPERTY_DEFINITION_REPRESENTATION(#4581,#4569);
#4562=PROPERTY_DEFINITION_REPRESENTATION(#4582,#4570);
#4563=PROPERTY_DEFINITION_REPRESENTATION(#4583,#4571);
#4564=PROPERTY_DEFINITION_REPRESENTATION(#4584,#4572);
#4565=PROPERTY_DEFINITION_REPRESENTATION(#4585,#4573);
#4566=PROPERTY_DEFINITION_REPRESENTATION(#4586,#4574);
#4567=REPRESENTATION('material name',(#4575),#7713);
#4568=REPRESENTATION('density',(#4555),#7713);
#4569=REPRESENTATION('material name',(#4576),#7714);
#4570=REPRESENTATION('density',(#4556),#7714);
#4571=REPRESENTATION('material name',(#4577),#7715);
#4572=REPRESENTATION('density',(#4557),#7715);
#4573=REPRESENTATION('material name',(#4578),#7716);
#4574=REPRESENTATION('density',(#4558),#7716);
#4575=DESCRIPTIVE_REPRESENTATION_ITEM('Nylon-6/6','Nylon-6/6');
#4576=DESCRIPTIVE_REPRESENTATION_ITEM('Nylon-6/6','Nylon-6/6');
#4577=DESCRIPTIVE_REPRESENTATION_ITEM('Stainless Steel',
'Stainless Steel');
#4578=DESCRIPTIVE_REPRESENTATION_ITEM('Generic','Generic');
#4579=PROPERTY_DEFINITION('material property','material name',#7744);
#4580=PROPERTY_DEFINITION('material property','density of part',#7744);
#4581=PROPERTY_DEFINITION('material property','material name',#7745);
#4582=PROPERTY_DEFINITION('material property','density of part',#7745);
#4583=PROPERTY_DEFINITION('material property','material name',#7746);
#4584=PROPERTY_DEFINITION('material property','density of part',#7746);
#4585=PROPERTY_DEFINITION('material property','material name',#7747);
#4586=PROPERTY_DEFINITION('material property','density of part',#7747);
#4587=PRESENTATION_STYLE_ASSIGNMENT((#4590));
#4588=PRESENTATION_STYLE_ASSIGNMENT((#4591));
#4589=PRESENTATION_STYLE_ASSIGNMENT((#4592));
#4590=SURFACE_STYLE_USAGE(.BOTH.,#4599);
#4591=SURFACE_STYLE_USAGE(.BOTH.,#4600);
#4592=SURFACE_STYLE_USAGE(.BOTH.,#4601);
#4593=SURFACE_STYLE_RENDERING_WITH_PROPERTIES($,#4611,(#4596));
#4594=SURFACE_STYLE_RENDERING_WITH_PROPERTIES($,#4612,(#4597));
#4595=SURFACE_STYLE_RENDERING_WITH_PROPERTIES($,#4613,(#4598));
#4596=SURFACE_STYLE_TRANSPARENT(0.);
#4597=SURFACE_STYLE_TRANSPARENT(0.);
#4598=SURFACE_STYLE_TRANSPARENT(0.);
#4599=SURFACE_SIDE_STYLE('',(#4602,#4593));
#4600=SURFACE_SIDE_STYLE('',(#4603,#4594));
#4601=SURFACE_SIDE_STYLE('',(#4604,#4595));
#4602=SURFACE_STYLE_FILL_AREA(#4605);
#4603=SURFACE_STYLE_FILL_AREA(#4606);
#4604=SURFACE_STYLE_FILL_AREA(#4607);
#4605=FILL_AREA_STYLE('',(#4608));
#4606=FILL_AREA_STYLE('',(#4609));
#4607=FILL_AREA_STYLE('',(#4610));
#4608=FILL_AREA_STYLE_COLOUR('',#4611);
#4609=FILL_AREA_STYLE_COLOUR('',#4612);
#4610=FILL_AREA_STYLE_COLOUR('',#4613);
#4611=COLOUR_RGB('',0.949019607843137,0.898039215686275,0.72156862745098);
#4612=COLOUR_RGB('',0.,0.,0.);
#4613=COLOUR_RGB('',0.956862745098039,0.956862745098039,0.956862745098039);
#4614=DATE_TIME_ROLE('creation_date');
#4615=DATE_TIME_ROLE('creation_date');
#4616=DATE_TIME_ROLE('creation_date');
#4617=DATE_TIME_ROLE('creation_date');
#4618=DATE_TIME_ROLE('creation_date');
#4619=APPLIED_DATE_AND_TIME_ASSIGNMENT(#4624,#4614,(#7743));
#4620=APPLIED_DATE_AND_TIME_ASSIGNMENT(#4625,#4615,(#7744));
#4621=APPLIED_DATE_AND_TIME_ASSIGNMENT(#4626,#4616,(#7745));
#4622=APPLIED_DATE_AND_TIME_ASSIGNMENT(#4627,#4617,(#7746));
#4623=APPLIED_DATE_AND_TIME_ASSIGNMENT(#4628,#4618,(#7747));
#4624=DATE_AND_TIME(#4629,#4634);
#4625=DATE_AND_TIME(#4630,#4635);
#4626=DATE_AND_TIME(#4631,#4636);
#4627=DATE_AND_TIME(#4632,#4637);
#4628=DATE_AND_TIME(#4633,#4638);
#4629=CALENDAR_DATE(2011,29,11);
#4630=CALENDAR_DATE(2011,29,11);
#4631=CALENDAR_DATE(2011,29,11);
#4632=CALENDAR_DATE(2011,29,11);
#4633=CALENDAR_DATE(2011,29,11);
#4634=LOCAL_TIME(0,0,0.,#4639);
#4635=LOCAL_TIME(0,0,0.,#4640);
#4636=LOCAL_TIME(0,0,0.,#4641);
#4637=LOCAL_TIME(0,0,0.,#4642);
#4638=LOCAL_TIME(0,0,0.,#4643);
#4639=COORDINATED_UNIVERSAL_TIME_OFFSET(0,0,.BEHIND.);
#4640=COORDINATED_UNIVERSAL_TIME_OFFSET(0,0,.BEHIND.);
#4641=COORDINATED_UNIVERSAL_TIME_OFFSET(0,0,.BEHIND.);
#4642=COORDINATED_UNIVERSAL_TIME_OFFSET(0,0,.BEHIND.);
#4643=COORDINATED_UNIVERSAL_TIME_OFFSET(0,0,.BEHIND.);
#4644=AXIS2_PLACEMENT_3D('placement',#6362,#5052,#5053);
#4645=AXIS2_PLACEMENT_3D('placement',#6363,#5054,#5055);
#4646=AXIS2_PLACEMENT_3D('',#6364,#5056,#5057);
#4647=AXIS2_PLACEMENT_3D('',#6369,#5059,#5060);
#4648=AXIS2_PLACEMENT_3D('',#6372,#5062,#5063);
#4649=AXIS2_PLACEMENT_3D('',#6373,#5064,#5065);
#4650=AXIS2_PLACEMENT_3D('',#6376,#5066,#5067);
#4651=AXIS2_PLACEMENT_3D('',#6378,#5068,#5069);
#4652=AXIS2_PLACEMENT_3D('',#6379,#5070,#5071);
#4653=AXIS2_PLACEMENT_3D('',#6380,#5072,#5073);
#4654=AXIS2_PLACEMENT_3D('',#6383,#5074,#5075);
#4655=AXIS2_PLACEMENT_3D('',#6385,#5076,#5077);
#4656=AXIS2_PLACEMENT_3D('',#6386,#5078,#5079);
#4657=AXIS2_PLACEMENT_3D('',#6387,#5080,#5081);
#4658=AXIS2_PLACEMENT_3D('',#6390,#5082,#5083);
#4659=AXIS2_PLACEMENT_3D('',#6393,#5086,#5087);
#4660=AXIS2_PLACEMENT_3D('',#6396,#5090,#5091);
#4661=AXIS2_PLACEMENT_3D('',#6399,#5094,#5095);
#4662=AXIS2_PLACEMENT_3D('',#6402,#5096,#5097);
#4663=AXIS2_PLACEMENT_3D('',#6405,#5100,#5101);
#4664=AXIS2_PLACEMENT_3D('',#6408,#5104,#5105);
#4665=AXIS2_PLACEMENT_3D('',#6412,#5108,#5109);
#4666=AXIS2_PLACEMENT_3D('',#6422,#5114,#5115);
#4667=AXIS2_PLACEMENT_3D('',#6434,#5121,#5122);
#4668=AXIS2_PLACEMENT_3D('',#6454,#5132,#5133);
#4669=AXIS2_PLACEMENT_3D('',#6466,#5139,#5140);
#4670=AXIS2_PLACEMENT_3D('',#6474,#5144,#5145);
#4671=AXIS2_PLACEMENT_3D('',#6478,#5147,#5148);
#4672=AXIS2_PLACEMENT_3D('',#6482,#5150,#5151);
#4673=AXIS2_PLACEMENT_3D('',#6486,#5153,#5154);
#4674=AXIS2_PLACEMENT_3D('',#6488,#5156,#5157);
#4675=AXIS2_PLACEMENT_3D('',#6490,#5159,#5160);
#4676=AXIS2_PLACEMENT_3D('',#6491,#5161,#5162);
#4677=AXIS2_PLACEMENT_3D('',#6493,#5163,#5164);
#4678=AXIS2_PLACEMENT_3D('',#6496,#5166,#5167);
#4679=AXIS2_PLACEMENT_3D('',#6497,#5168,#5169);
#4680=AXIS2_PLACEMENT_3D('',#6500,#5170,#5171);
#4681=AXIS2_PLACEMENT_3D('',#6502,#5172,#5173);
#4682=AXIS2_PLACEMENT_3D('',#6503,#5174,#5175);
#4683=AXIS2_PLACEMENT_3D('',#6504,#5176,#5177);
#4684=AXIS2_PLACEMENT_3D('',#6507,#5178,#5179);
#4685=AXIS2_PLACEMENT_3D('',#6510,#5182,#5183);
#4686=AXIS2_PLACEMENT_3D('',#6513,#5186,#5187);
#4687=AXIS2_PLACEMENT_3D('',#6516,#5188,#5189);
#4688=AXIS2_PLACEMENT_3D('',#6518,#5190,#5191);
#4689=AXIS2_PLACEMENT_3D('',#6519,#5192,#5193);
#4690=AXIS2_PLACEMENT_3D('',#6520,#5194,#5195);
#4691=AXIS2_PLACEMENT_3D('',#6523,#5198,#5199);
#4692=AXIS2_PLACEMENT_3D('',#6526,#5202,#5203);
#4693=AXIS2_PLACEMENT_3D('',#6529,#5204,#5205);
#4694=AXIS2_PLACEMENT_3D('',#6532,#5208,#5209);
#4695=AXIS2_PLACEMENT_3D('',#6575,#5232,#5233);
#4696=AXIS2_PLACEMENT_3D('',#6576,#5234,#5235);
#4697=AXIS2_PLACEMENT_3D('',#6580,#5237,#5238);
#4698=AXIS2_PLACEMENT_3D('',#6582,#5240,#5241);
#4699=AXIS2_PLACEMENT_3D('',#6585,#5242,#5243);
#4700=AXIS2_PLACEMENT_3D('',#6587,#5244,#5245);
#4701=AXIS2_PLACEMENT_3D('',#6589,#5246,#5247);
#4702=AXIS2_PLACEMENT_3D('',#6590,#5248,#5249);
#4703=AXIS2_PLACEMENT_3D('',#6591,#5250,#5251);
#4704=AXIS2_PLACEMENT_3D('',#6594,#5254,#5255);
#4705=AXIS2_PLACEMENT_3D('',#6597,#5256,#5257);
#4706=AXIS2_PLACEMENT_3D('',#6599,#5258,#5259);
#4707=AXIS2_PLACEMENT_3D('',#6600,#5260,#5261);
#4708=AXIS2_PLACEMENT_3D('',#6601,#5262,#5263);
#4709=AXIS2_PLACEMENT_3D('',#6604,#5266,#5267);
#4710=AXIS2_PLACEMENT_3D('',#6609,#5270,#5271);
#4711=AXIS2_PLACEMENT_3D('',#6610,#5272,#5273);
#4712=AXIS2_PLACEMENT_3D('',#6614,#5276,#5277);
#4713=AXIS2_PLACEMENT_3D('',#6615,#5278,#5279);
#4714=AXIS2_PLACEMENT_3D('',#6618,#5281,#5282);
#4715=AXIS2_PLACEMENT_3D('',#6619,#5283,#5284);
#4716=AXIS2_PLACEMENT_3D('',#6623,#5286,#5287);
#4717=AXIS2_PLACEMENT_3D('',#6625,#5289,#5290);
#4718=AXIS2_PLACEMENT_3D('',#6630,#5293,#5294);
#4719=AXIS2_PLACEMENT_3D('',#6631,#5295,#5296);
#4720=AXIS2_PLACEMENT_3D('',#6634,#5297,#5298);
#4721=AXIS2_PLACEMENT_3D('',#6636,#5299,#5300);
#4722=AXIS2_PLACEMENT_3D('',#6638,#5301,#5302);
#4723=AXIS2_PLACEMENT_3D('',#6639,#5303,#5304);
#4724=AXIS2_PLACEMENT_3D('',#6640,#5305,#5306);
#4725=AXIS2_PLACEMENT_3D('',#6643,#5307,#5308);
#4726=AXIS2_PLACEMENT_3D('',#6645,#5309,#5310);
#4727=AXIS2_PLACEMENT_3D('',#6646,#5311,#5312);
#4728=AXIS2_PLACEMENT_3D('',#6647,#5313,#5314);
#4729=AXIS2_PLACEMENT_3D('',#6650,#5317,#5318);
#4730=AXIS2_PLACEMENT_3D('',#6653,#5321,#5322);
#4731=AXIS2_PLACEMENT_3D('',#6659,#5325,#5326);
#4732=AXIS2_PLACEMENT_3D('',#6670,#5327,#5328);
#4733=AXIS2_PLACEMENT_3D('',#6675,#5331,#5332);
#4734=AXIS2_PLACEMENT_3D('',#6676,#5333,#5334);
#4735=AXIS2_PLACEMENT_3D('',#6680,#5337,#5338);
#4736=AXIS2_PLACEMENT_3D('',#6681,#5339,#5340);
#4737=AXIS2_PLACEMENT_3D('',#6684,#5343,#5344);
#4738=AXIS2_PLACEMENT_3D('',#6689,#5347,#5348);
#4739=AXIS2_PLACEMENT_3D('',#6690,#5349,#5350);
#4740=AXIS2_PLACEMENT_3D('',#6706,#5353,#5354);
#4741=AXIS2_PLACEMENT_3D('',#6707,#5355,#5356);
#4742=AXIS2_PLACEMENT_3D('',#6710,#5358,#5359);
#4743=AXIS2_PLACEMENT_3D('',#6712,#5361,#5362);
#4744=AXIS2_PLACEMENT_3D('',#6718,#5366,#5367);
#4745=AXIS2_PLACEMENT_3D('',#6722,#5370,#5371);
#4746=AXIS2_PLACEMENT_3D('',#6728,#5375,#5376);
#4747=AXIS2_PLACEMENT_3D('',#6729,#5377,#5378);
#4748=AXIS2_PLACEMENT_3D('',#6730,#5379,#5380);
#4749=AXIS2_PLACEMENT_3D('',#6734,#5382,#5383);
#4750=AXIS2_PLACEMENT_3D('',#6736,#5385,#5386);
#4751=AXIS2_PLACEMENT_3D('',#6739,#5387,#5388);
#4752=AXIS2_PLACEMENT_3D('',#6741,#5389,#5390);
#4753=AXIS2_PLACEMENT_3D('',#6743,#5391,#5392);
#4754=AXIS2_PLACEMENT_3D('',#6744,#5393,#5394);
#4755=AXIS2_PLACEMENT_3D('',#6745,#5395,#5396);
#4756=AXIS2_PLACEMENT_3D('',#6748,#5399,#5400);
#4757=AXIS2_PLACEMENT_3D('',#6754,#5403,#5404);
#4758=AXIS2_PLACEMENT_3D('',#6765,#5405,#5406);
#4759=AXIS2_PLACEMENT_3D('',#6768,#5407,#5408);
#4760=AXIS2_PLACEMENT_3D('',#6770,#5409,#5410);
#4761=AXIS2_PLACEMENT_3D('',#6771,#5411,#5412);
#4762=AXIS2_PLACEMENT_3D('',#6772,#5413,#5414);
#4763=AXIS2_PLACEMENT_3D('',#6776,#5416,#5417);
#4764=AXIS2_PLACEMENT_3D('',#6779,#5419,#5420);
#4765=AXIS2_PLACEMENT_3D('',#6780,#5421,#5422);
#4766=AXIS2_PLACEMENT_3D('',#6782,#5423,#5424);
#4767=AXIS2_PLACEMENT_3D('',#6784,#5426,#5427);
#4768=AXIS2_PLACEMENT_3D('',#6788,#5429,#5430);
#4769=AXIS2_PLACEMENT_3D('',#6790,#5432,#5433);
#4770=AXIS2_PLACEMENT_3D('',#6808,#5436,#5437);
#4771=AXIS2_PLACEMENT_3D('',#6809,#5438,#5439);
#4772=AXIS2_PLACEMENT_3D('',#6810,#5440,#5441);
#4773=AXIS2_PLACEMENT_3D('',#6813,#5442,#5443);
#4774=AXIS2_PLACEMENT_3D('',#6815,#5444,#5445);
#4775=AXIS2_PLACEMENT_3D('',#6817,#5446,#5447);
#4776=AXIS2_PLACEMENT_3D('',#6818,#5448,#5449);
#4777=AXIS2_PLACEMENT_3D('',#6819,#5450,#5451);
#4778=AXIS2_PLACEMENT_3D('',#6822,#5452,#5453);
#4779=AXIS2_PLACEMENT_3D('',#6824,#5454,#5455);
#4780=AXIS2_PLACEMENT_3D('',#6825,#5456,#5457);
#4781=AXIS2_PLACEMENT_3D('',#6826,#5458,#5459);
#4782=AXIS2_PLACEMENT_3D('',#6829,#5462,#5463);
#4783=AXIS2_PLACEMENT_3D('',#6834,#5466,#5467);
#4784=AXIS2_PLACEMENT_3D('',#6835,#5468,#5469);
#4785=AXIS2_PLACEMENT_3D('',#6838,#5472,#5473);
#4786=AXIS2_PLACEMENT_3D('',#6842,#5476,#5477);
#4787=AXIS2_PLACEMENT_3D('',#6843,#5478,#5479);
#4788=AXIS2_PLACEMENT_3D('',#6846,#5482,#5483);
#4789=AXIS2_PLACEMENT_3D('',#6849,#5486,#5487);
#4790=AXIS2_PLACEMENT_3D('',#6852,#5490,#5491);
#4791=AXIS2_PLACEMENT_3D('',#6855,#5494,#5495);
#4792=AXIS2_PLACEMENT_3D('',#6860,#5498,#5499);
#4793=AXIS2_PLACEMENT_3D('',#6861,#5500,#5501);
#4794=AXIS2_PLACEMENT_3D('',#6864,#5503,#5504);
#4795=AXIS2_PLACEMENT_3D('',#6866,#5506,#5507);
#4796=AXIS2_PLACEMENT_3D('',#6872,#5511,#5512);
#4797=AXIS2_PLACEMENT_3D('',#6876,#5515,#5516);
#4798=AXIS2_PLACEMENT_3D('',#6882,#5520,#5521);
#4799=AXIS2_PLACEMENT_3D('',#6887,#5525,#5526);
#4800=AXIS2_PLACEMENT_3D('',#6893,#5530,#5531);
#4801=AXIS2_PLACEMENT_3D('',#6894,#5532,#5533);
#4802=AXIS2_PLACEMENT_3D('',#6895,#5534,#5535);
#4803=AXIS2_PLACEMENT_3D('',#6904,#5540,#5541);
#4804=AXIS2_PLACEMENT_3D('',#6910,#5545,#5546);
#4805=AXIS2_PLACEMENT_3D('',#6913,#5547,#5548);
#4806=AXIS2_PLACEMENT_3D('',#6916,#5550,#5551);
#4807=AXIS2_PLACEMENT_3D('',#6918,#5553,#5554);
#4808=AXIS2_PLACEMENT_3D('',#6927,#5559,#5560);
#4809=AXIS2_PLACEMENT_3D('',#6930,#5561,#5562);
#4810=AXIS2_PLACEMENT_3D('',#6934,#5564,#5565);
#4811=AXIS2_PLACEMENT_3D('',#6937,#5568,#5569);
#4812=AXIS2_PLACEMENT_3D('',#6946,#5574,#5575);
#4813=AXIS2_PLACEMENT_3D('',#6955,#5580,#5581);
#4814=AXIS2_PLACEMENT_3D('',#6958,#5584,#5585);
#4815=AXIS2_PLACEMENT_3D('',#6961,#5588,#5589);
#4816=AXIS2_PLACEMENT_3D('',#6964,#5592,#5593);
#4817=AXIS2_PLACEMENT_3D('',#6967,#5596,#5597);
#4818=AXIS2_PLACEMENT_3D('',#6969,#5599,#5600);
#4819=AXIS2_PLACEMENT_3D('',#6971,#5602,#5603);
#4820=AXIS2_PLACEMENT_3D('',#6973,#5605,#5606);
#4821=AXIS2_PLACEMENT_3D('',#6975,#5608,#5609);
#4822=AXIS2_PLACEMENT_3D('',#6977,#5611,#5612);
#4823=AXIS2_PLACEMENT_3D('',#6979,#5614,#5615);
#4824=AXIS2_PLACEMENT_3D('',#6980,#5616,#5617);
#4825=AXIS2_PLACEMENT_3D('',#6984,#5620,#5621);
#4826=AXIS2_PLACEMENT_3D('',#6988,#5624,#5625);
#4827=AXIS2_PLACEMENT_3D('',#6990,#5627,#5628);
#4828=AXIS2_PLACEMENT_3D('',#6991,#5629,#5630);
#4829=AXIS2_PLACEMENT_3D('',#6995,#5633,#5634);
#4830=AXIS2_PLACEMENT_3D('',#6999,#5637,#5638);
#4831=AXIS2_PLACEMENT_3D('',#7001,#5640,#5641);
#4832=AXIS2_PLACEMENT_3D('',#7002,#5642,#5643);
#4833=AXIS2_PLACEMENT_3D('',#7006,#5646,#5647);
#4834=AXIS2_PLACEMENT_3D('',#7008,#5649,#5650);
#4835=AXIS2_PLACEMENT_3D('',#7012,#5653,#5654);
#4836=AXIS2_PLACEMENT_3D('',#7016,#5657,#5658);
#4837=AXIS2_PLACEMENT_3D('',#7022,#5662,#5663);
#4838=AXIS2_PLACEMENT_3D('',#7028,#5667,#5668);
#4839=AXIS2_PLACEMENT_3D('',#7030,#5670,#5671);
#4840=AXIS2_PLACEMENT_3D('',#7032,#5673,#5674);
#4841=AXIS2_PLACEMENT_3D('',#7034,#5676,#5677);
#4842=AXIS2_PLACEMENT_3D('',#7040,#5681,#5682);
#4843=AXIS2_PLACEMENT_3D('',#7042,#5684,#5685);
#4844=AXIS2_PLACEMENT_3D('',#7044,#5687,#5688);
#4845=AXIS2_PLACEMENT_3D('',#7045,#5689,#5690);
#4846=AXIS2_PLACEMENT_3D('',#7047,#5692,#5693);
#4847=AXIS2_PLACEMENT_3D('',#7049,#5695,#5696);
#4848=AXIS2_PLACEMENT_3D('',#7051,#5698,#5699);
#4849=AXIS2_PLACEMENT_3D('',#7053,#5701,#5702);
#4850=AXIS2_PLACEMENT_3D('',#7059,#5706,#5707);
#4851=AXIS2_PLACEMENT_3D('',#7064,#5711,#5712);
#4852=AXIS2_PLACEMENT_3D('',#7066,#5714,#5715);
#4853=AXIS2_PLACEMENT_3D('',#7070,#5718,#5719);
#4854=AXIS2_PLACEMENT_3D('',#7072,#5721,#5722);
#4855=AXIS2_PLACEMENT_3D('',#7074,#5724,#5725);
#4856=AXIS2_PLACEMENT_3D('',#7078,#5728,#5729);
#4857=AXIS2_PLACEMENT_3D('',#7080,#5731,#5732);
#4858=AXIS2_PLACEMENT_3D('',#7081,#5733,#5734);
#4859=AXIS2_PLACEMENT_3D('',#7085,#5737,#5738);
#4860=AXIS2_PLACEMENT_3D('',#7087,#5740,#5741);
#4861=AXIS2_PLACEMENT_3D('',#7088,#5742,#5743);
#4862=AXIS2_PLACEMENT_3D('',#7089,#5744,#5745);
#4863=AXIS2_PLACEMENT_3D('',#7090,#5746,#5747);
#4864=AXIS2_PLACEMENT_3D('placement',#7091,#5748,#5749);
#4865=AXIS2_PLACEMENT_3D('',#7092,#5750,#5751);
#4866=AXIS2_PLACEMENT_3D('',#7094,#5752,#5753);
#4867=AXIS2_PLACEMENT_3D('',#7096,#5754,#5755);
#4868=AXIS2_PLACEMENT_3D('',#7097,#5756,#5757);
#4869=AXIS2_PLACEMENT_3D('',#7098,#5758,#5759);
#4870=AXIS2_PLACEMENT_3D('',#7101,#5761,#5762);
#4871=AXIS2_PLACEMENT_3D('',#7102,#5763,#5764);
#4872=AXIS2_PLACEMENT_3D('',#7103,#5765,#5766);
#4873=AXIS2_PLACEMENT_3D('',#7112,#5771,#5772);
#4874=AXIS2_PLACEMENT_3D('',#7118,#5776,#5777);
#4875=AXIS2_PLACEMENT_3D('',#7124,#5781,#5782);
#4876=AXIS2_PLACEMENT_3D('',#7127,#5785,#5786);
#4877=AXIS2_PLACEMENT_3D('',#7128,#5787,#5788);
#4878=AXIS2_PLACEMENT_3D('placement',#7129,#5789,#5790);
#4879=AXIS2_PLACEMENT_3D('',#7130,#5791,#5792);
#4880=AXIS2_PLACEMENT_3D('',#7133,#5793,#5794);
#4881=AXIS2_PLACEMENT_3D('',#7137,#5796,#5797);
#4882=AXIS2_PLACEMENT_3D('',#7139,#5799,#5800);
#4883=AXIS2_PLACEMENT_3D('',#7145,#5804,#5805);
#4884=AXIS2_PLACEMENT_3D('',#7149,#5807,#5808);
#4885=AXIS2_PLACEMENT_3D('',#7153,#5810,#5811);
#4886=AXIS2_PLACEMENT_3D('',#7157,#5813,#5814);
#4887=AXIS2_PLACEMENT_3D('',#7161,#5816,#5817);
#4888=AXIS2_PLACEMENT_3D('',#7165,#5819,#5820);
#4889=AXIS2_PLACEMENT_3D('',#7169,#5822,#5823);
#4890=AXIS2_PLACEMENT_3D('',#7180,#5829,#5830);
#4891=AXIS2_PLACEMENT_3D('',#7181,#5831,#5832);
#4892=AXIS2_PLACEMENT_3D('',#7183,#5833,#5834);
#4893=AXIS2_PLACEMENT_3D('',#7185,#5836,#5837);
#4894=AXIS2_PLACEMENT_3D('',#7189,#5840,#5841);
#4895=AXIS2_PLACEMENT_3D('',#7192,#5842,#5843);
#4896=AXIS2_PLACEMENT_3D('',#7196,#5845,#5846);
#4897=AXIS2_PLACEMENT_3D('',#7198,#5848,#5849);
#4898=AXIS2_PLACEMENT_3D('',#7202,#5851,#5852);
#4899=AXIS2_PLACEMENT_3D('',#7214,#5858,#5859);
#4900=AXIS2_PLACEMENT_3D('',#7218,#5861,#5862);
#4901=AXIS2_PLACEMENT_3D('',#7222,#5864,#5865);
#4902=AXIS2_PLACEMENT_3D('',#7226,#5867,#5868);
#4903=AXIS2_PLACEMENT_3D('',#7230,#5870,#5871);
#4904=AXIS2_PLACEMENT_3D('',#7234,#5873,#5874);
#4905=AXIS2_PLACEMENT_3D('',#7236,#5876,#5877);
#4906=AXIS2_PLACEMENT_3D('',#7240,#5880,#5881);
#4907=AXIS2_PLACEMENT_3D('',#7242,#5882,#5883);
#4908=AXIS2_PLACEMENT_3D('',#7244,#5885,#5886);
#4909=AXIS2_PLACEMENT_3D('',#7247,#5887,#5888);
#4910=AXIS2_PLACEMENT_3D('',#7250,#5891,#5892);
#4911=AXIS2_PLACEMENT_3D('',#7254,#5895,#5896);
#4912=AXIS2_PLACEMENT_3D('',#7256,#5897,#5898);
#4913=AXIS2_PLACEMENT_3D('',#7258,#5900,#5901);
#4914=AXIS2_PLACEMENT_3D('',#7261,#5902,#5903);
#4915=AXIS2_PLACEMENT_3D('',#7264,#5906,#5907);
#4916=AXIS2_PLACEMENT_3D('',#7268,#5910,#5911);
#4917=AXIS2_PLACEMENT_3D('',#7270,#5912,#5913);
#4918=AXIS2_PLACEMENT_3D('',#7272,#5915,#5916);
#4919=AXIS2_PLACEMENT_3D('',#7276,#5919,#5920);
#4920=AXIS2_PLACEMENT_3D('',#7279,#5921,#5922);
#4921=AXIS2_PLACEMENT_3D('',#7282,#5925,#5926);
#4922=AXIS2_PLACEMENT_3D('',#7286,#5929,#5930);
#4923=AXIS2_PLACEMENT_3D('',#7289,#5931,#5932);
#4924=AXIS2_PLACEMENT_3D('',#7292,#5935,#5936);
#4925=AXIS2_PLACEMENT_3D('',#7294,#5938,#5939);
#4926=AXIS2_PLACEMENT_3D('',#7298,#5941,#5942);
#4927=AXIS2_PLACEMENT_3D('',#7300,#5944,#5945);
#4928=AXIS2_PLACEMENT_3D('',#7304,#5948,#5949);
#4929=AXIS2_PLACEMENT_3D('',#7307,#5951,#5952);
#4930=AXIS2_PLACEMENT_3D('',#7308,#5953,#5954);
#4931=AXIS2_PLACEMENT_3D('',#7312,#5957,#5958);
#4932=AXIS2_PLACEMENT_3D('',#7314,#5959,#5960);
#4933=AXIS2_PLACEMENT_3D('',#7316,#5962,#5963);
#4934=AXIS2_PLACEMENT_3D('',#7320,#5965,#5966);
#4935=AXIS2_PLACEMENT_3D('',#7322,#5968,#5969);
#4936=AXIS2_PLACEMENT_3D('',#7324,#5971,#5972);
#4937=AXIS2_PLACEMENT_3D('',#7327,#5973,#5974);
#4938=AXIS2_PLACEMENT_3D('',#7330,#5977,#5978);
#4939=AXIS2_PLACEMENT_3D('',#7332,#5980,#5981);
#4940=AXIS2_PLACEMENT_3D('',#7335,#5983,#5984);
#4941=AXIS2_PLACEMENT_3D('',#7336,#5985,#5986);
#4942=AXIS2_PLACEMENT_3D('',#7338,#5988,#5989);
#4943=AXIS2_PLACEMENT_3D('',#7342,#5992,#5993);
#4944=AXIS2_PLACEMENT_3D('',#7346,#5996,#5997);
#4945=AXIS2_PLACEMENT_3D('',#7350,#6000,#6001);
#4946=AXIS2_PLACEMENT_3D('',#7354,#6004,#6005);
#4947=AXIS2_PLACEMENT_3D('',#7358,#6008,#6009);
#4948=AXIS2_PLACEMENT_3D('',#7362,#6012,#6013);
#4949=AXIS2_PLACEMENT_3D('',#7364,#6015,#6016);
#4950=AXIS2_PLACEMENT_3D('',#7366,#6018,#6019);
#4951=AXIS2_PLACEMENT_3D('',#7368,#6021,#6022);
#4952=AXIS2_PLACEMENT_3D('',#7370,#6024,#6025);
#4953=AXIS2_PLACEMENT_3D('',#7372,#6026,#6027);
#4954=AXIS2_PLACEMENT_3D('',#7375,#6029,#6030);
#4955=AXIS2_PLACEMENT_3D('',#7376,#6031,#6032);
#4956=AXIS2_PLACEMENT_3D('',#7378,#6034,#6035);
#4957=AXIS2_PLACEMENT_3D('',#7380,#6036,#6037);
#4958=AXIS2_PLACEMENT_3D('',#7382,#6039,#6040);
#4959=AXIS2_PLACEMENT_3D('',#7385,#6042,#6043);
#4960=AXIS2_PLACEMENT_3D('',#7386,#6044,#6045);
#4961=AXIS2_PLACEMENT_3D('',#7388,#6047,#6048);
#4962=AXIS2_PLACEMENT_3D('',#7390,#6049,#6050);
#4963=AXIS2_PLACEMENT_3D('',#7393,#6052,#6053);
#4964=AXIS2_PLACEMENT_3D('',#7394,#6054,#6055);
#4965=AXIS2_PLACEMENT_3D('',#7396,#6056,#6057);
#4966=AXIS2_PLACEMENT_3D('',#7398,#6059,#6060);
#4967=AXIS2_PLACEMENT_3D('',#7401,#6062,#6063);
#4968=AXIS2_PLACEMENT_3D('',#7402,#6064,#6065);
#4969=AXIS2_PLACEMENT_3D('',#7404,#6067,#6068);
#4970=AXIS2_PLACEMENT_3D('',#7410,#6072,#6073);
#4971=AXIS2_PLACEMENT_3D('',#7419,#6078,#6079);
#4972=AXIS2_PLACEMENT_3D('',#7422,#6082,#6083);
#4973=AXIS2_PLACEMENT_3D('',#7436,#6090,#6091);
#4974=AXIS2_PLACEMENT_3D('',#7444,#6095,#6096);
#4975=AXIS2_PLACEMENT_3D('',#7469,#6109,#6110);
#4976=AXIS2_PLACEMENT_3D('',#7477,#6114,#6115);
#4977=AXIS2_PLACEMENT_3D('',#7484,#6119,#6120);
#4978=AXIS2_PLACEMENT_3D('',#7485,#6121,#6122);
#4979=AXIS2_PLACEMENT_3D('',#7491,#6126,#6127);
#4980=AXIS2_PLACEMENT_3D('',#7495,#6130,#6131);
#4981=AXIS2_PLACEMENT_3D('',#7497,#6133,#6134);
#4982=AXIS2_PLACEMENT_3D('',#7501,#6137,#6138);
#4983=AXIS2_PLACEMENT_3D('',#7505,#6141,#6142);
#4984=AXIS2_PLACEMENT_3D('',#7511,#6146,#6147);
#4985=AXIS2_PLACEMENT_3D('',#7513,#6149,#6150);
#4986=AXIS2_PLACEMENT_3D('',#7519,#6154,#6155);
#4987=AXIS2_PLACEMENT_3D('',#7523,#6158,#6159);
#4988=AXIS2_PLACEMENT_3D('',#7525,#6161,#6162);
#4989=AXIS2_PLACEMENT_3D('',#7529,#6165,#6166);
#4990=AXIS2_PLACEMENT_3D('',#7533,#6168,#6169);
#4991=AXIS2_PLACEMENT_3D('',#7534,#6170,#6171);
#4992=AXIS2_PLACEMENT_3D('',#7535,#6172,#6173);
#4993=AXIS2_PLACEMENT_3D('',#7543,#6178,#6179);
#4994=AXIS2_PLACEMENT_3D('',#7549,#6183,#6184);
#4995=AXIS2_PLACEMENT_3D('',#7552,#6186,#6187);
#4996=AXIS2_PLACEMENT_3D('',#7554,#6189,#6190);
#4997=AXIS2_PLACEMENT_3D('',#7557,#6192,#6193);
#4998=AXIS2_PLACEMENT_3D('',#7558,#6194,#6195);
#4999=AXIS2_PLACEMENT_3D('',#7562,#6198,#6199);
#5000=AXIS2_PLACEMENT_3D('',#7564,#6201,#6202);
#5001=AXIS2_PLACEMENT_3D('',#7565,#6203,#6204);
#5002=AXIS2_PLACEMENT_3D('',#7567,#6206,#6207);
#5003=AXIS2_PLACEMENT_3D('',#7571,#6209,#6210);
#5004=AXIS2_PLACEMENT_3D('',#7572,#6211,#6212);
#5005=AXIS2_PLACEMENT_3D('',#7573,#6213,#6214);
#5006=AXIS2_PLACEMENT_3D('',#7581,#6219,#6220);
#5007=AXIS2_PLACEMENT_3D('',#7587,#6224,#6225);
#5008=AXIS2_PLACEMENT_3D('',#7590,#6227,#6228);
#5009=AXIS2_PLACEMENT_3D('',#7592,#6230,#6231);
#5010=AXIS2_PLACEMENT_3D('',#7595,#6233,#6234);
#5011=AXIS2_PLACEMENT_3D('',#7596,#6235,#6236);
#5012=AXIS2_PLACEMENT_3D('',#7600,#6239,#6240);
#5013=AXIS2_PLACEMENT_3D('',#7602,#6242,#6243);
#5014=AXIS2_PLACEMENT_3D('',#7603,#6244,#6245);
#5015=AXIS2_PLACEMENT_3D('',#7605,#6247,#6248);
#5016=AXIS2_PLACEMENT_3D('',#7609,#6251,#6252);
#5017=AXIS2_PLACEMENT_3D('',#7615,#6256,#6257);
#5018=AXIS2_PLACEMENT_3D('',#7616,#6258,#6259);
#5019=AXIS2_PLACEMENT_3D('',#7617,#6260,#6261);
#5020=AXIS2_PLACEMENT_3D('',#7621,#6264,#6265);
#5021=AXIS2_PLACEMENT_3D('',#7623,#6266,#6267);
#5022=AXIS2_PLACEMENT_3D('',#7625,#6269,#6270);
#5023=AXIS2_PLACEMENT_3D('',#7629,#6273,#6274);
#5024=AXIS2_PLACEMENT_3D('',#7633,#6277,#6278);
#5025=AXIS2_PLACEMENT_3D('',#7643,#6284,#6285);
#5026=AXIS2_PLACEMENT_3D('',#7648,#6288,#6289);
#5027=AXIS2_PLACEMENT_3D('',#7653,#6292,#6293);
#5028=AXIS2_PLACEMENT_3D('',#7654,#6294,#6295);
#5029=AXIS2_PLACEMENT_3D('',#7656,#6297,#6298);
#5030=AXIS2_PLACEMENT_3D('',#7659,#6301,#6302);
#5031=AXIS2_PLACEMENT_3D('',#7660,#6303,#6304);
#5032=AXIS2_PLACEMENT_3D('',#7662,#6306,#6307);
#5033=AXIS2_PLACEMENT_3D('',#7664,#6309,#6310);
#5034=AXIS2_PLACEMENT_3D('',#7666,#6312,#6313);
#5035=AXIS2_PLACEMENT_3D('',#7668,#6315,#6316);
#5036=AXIS2_PLACEMENT_3D('',#7669,#6317,#6318);
#5037=AXIS2_PLACEMENT_3D('',#7670,#6319,#6320);
#5038=AXIS2_PLACEMENT_3D('',#7672,#6322,#6323);
#5039=AXIS2_PLACEMENT_3D('',#7673,#6324,#6325);
#5040=AXIS2_PLACEMENT_3D('placement',#7674,#6326,#6327);
#5041=AXIS2_PLACEMENT_3D('',#7675,#6328,#6329);
#5042=AXIS2_PLACEMENT_3D('',#7684,#6334,#6335);
#5043=AXIS2_PLACEMENT_3D('',#7690,#6339,#6340);
#5044=AXIS2_PLACEMENT_3D('',#7696,#6344,#6345);
#5045=AXIS2_PLACEMENT_3D('',#7699,#6348,#6349);
#5046=AXIS2_PLACEMENT_3D('',#7700,#6350,#6351);
#5047=AXIS2_PLACEMENT_3D('',#7701,#6352,#6353);
#5048=AXIS2_PLACEMENT_3D('',#7702,#6354,#6355);
#5049=AXIS2_PLACEMENT_3D('',#7703,#6356,#6357);
#5050=AXIS2_PLACEMENT_3D('',#7704,#6358,#6359);
#5051=AXIS2_PLACEMENT_3D('',#7705,#6360,#6361);
#5052=DIRECTION('axis',(0.,0.,1.));
#5053=DIRECTION('refdir',(1.,0.,0.));
#5054=DIRECTION('axis',(0.,0.,1.));
#5055=DIRECTION('refdir',(1.,0.,0.));
#5056=DIRECTION('center_axis',(1.,0.,0.));
#5057=DIRECTION('ref_axis',(0.,-0.707106781186548,-0.707106781186547));
#5058=DIRECTION('',(1.,0.,0.));
#5059=DIRECTION('center_axis',(-0.707106781186547,0.,-0.707106781186548));
#5060=DIRECTION('ref_axis',(-0.707106781186548,0.,0.707106781186547));
#5061=DIRECTION('',(-1.,0.,0.));
#5062=DIRECTION('center_axis',(0.707106781186547,0.,-0.707106781186548));
#5063=DIRECTION('ref_axis',(-0.707106781186548,0.,-0.707106781186547));
#5064=DIRECTION('center_axis',(0.,0.,1.));
#5065=DIRECTION('ref_axis',(1.,0.,0.));
#5066=DIRECTION('center_axis',(0.,0.,1.));
#5067=DIRECTION('ref_axis',(0.,-1.,0.));
#5068=DIRECTION('center_axis',(-1.,0.,0.));
#5069=DIRECTION('ref_axis',(0.,0.,1.));
#5070=DIRECTION('center_axis',(0.,-1.,0.));
#5071=DIRECTION('ref_axis',(-1.,0.,0.));
#5072=DIRECTION('center_axis',(0.,0.,1.));
#5073=DIRECTION('ref_axis',(1.,0.,0.));
#5074=DIRECTION('center_axis',(0.,0.,1.));
#5075=DIRECTION('ref_axis',(1.,0.,0.));
#5076=DIRECTION('center_axis',(-2.77555756156289E-14,-1.,0.));
#5077=DIRECTION('ref_axis',(0.,0.,1.));
#5078=DIRECTION('center_axis',(1.,0.,0.));
#5079=DIRECTION('ref_axis',(0.,-1.,0.));
#5080=DIRECTION('center_axis',(0.,-1.,-6.10835989824311E-31));
#5081=DIRECTION('ref_axis',(0.707106781186548,0.,0.707106781186548));
#5082=DIRECTION('center_axis',(0.,1.,0.));
#5083=DIRECTION('ref_axis',(0.707106781186548,0.,0.707106781186548));
#5084=DIRECTION('',(0.,-1.,-6.10835989824311E-31));
#5085=DIRECTION('',(0.,1.,6.10835989824311E-31));
#5086=DIRECTION('center_axis',(-1.,0.,5.73191126959157E-47));
#5087=DIRECTION('ref_axis',(0.,-0.707106781186548,0.707106781186548));
#5088=DIRECTION('',(1.,0.,-5.73191126959157E-47));
#5089=DIRECTION('',(-1.,0.,5.73191126959157E-47));
#5090=DIRECTION('center_axis',(0.,0.,1.));
#5091=DIRECTION('ref_axis',(0.707106781186548,-0.707106781186548,0.));
#5092=DIRECTION('',(0.,0.,1.));
#5093=DIRECTION('',(0.,0.,-1.));
#5094=DIRECTION('center_axis',(0.,1.,6.10835989824311E-31));
#5095=DIRECTION('ref_axis',(-0.707106781186548,0.,0.707106781186548));
#5096=DIRECTION('center_axis',(0.,1.,0.));
#5097=DIRECTION('ref_axis',(-0.707106781186548,0.,0.707106781186548));
#5098=DIRECTION('',(0.,-1.,-6.10835989824311E-31));
#5099=DIRECTION('',(0.,1.,6.10835989824311E-31));
#5100=DIRECTION('center_axis',(0.,0.,1.));
#5101=DIRECTION('ref_axis',(-0.707106781186548,-0.707106781186548,0.));
#5102=DIRECTION('',(0.,0.,1.));
#5103=DIRECTION('',(0.,0.,-1.));
#5104=DIRECTION('center_axis',(1.,0.,0.));
#5105=DIRECTION('ref_axis',(0.,0.,-1.));
#5106=DIRECTION('',(0.,1.,0.));
#5107=DIRECTION('',(0.,0.,1.));
#5108=DIRECTION('center_axis',(0.,0.,1.));
#5109=DIRECTION('ref_axis',(1.,0.,0.));
#5110=DIRECTION('',(0.,-1.,0.));
#5111=DIRECTION('',(1.,0.,0.));
#5112=DIRECTION('',(-0.915788208793949,0.401661495085066,0.));
#5113=DIRECTION('',(-1.,0.,0.));
#5114=DIRECTION('center_axis',(0.,0.,1.));
#5115=DIRECTION('ref_axis',(-0.707106781186548,-0.707106781186548,0.));
#5116=DIRECTION('',(0.,-1.,0.));
#5117=DIRECTION('',(1.,0.,0.));
#5118=DIRECTION('',(0.,1.,0.));
#5119=DIRECTION('',(-1.,0.,0.));
#5120=DIRECTION('',(0.,-1.,0.));
#5121=DIRECTION('center_axis',(0.,0.,1.));
#5122=DIRECTION('ref_axis',(-0.707106781186548,0.707106781186548,0.));
#5123=DIRECTION('',(1.,0.,0.));
#5124=DIRECTION('',(0.915788208793949,0.401661495085066,0.));
#5125=DIRECTION('',(-1.,0.,0.));
#5126=DIRECTION('',(0.,-1.,0.));
#5127=DIRECTION('',(-1.,0.,0.));
#5128=DIRECTION('',(0.,1.,0.));
#5129=DIRECTION('',(-1.,0.,0.));
#5130=DIRECTION('',(0.915788208793949,-0.401661495085066,0.));
#5131=DIRECTION('',(1.,0.,0.));
#5132=DIRECTION('center_axis',(0.,0.,1.));
#5133=DIRECTION('ref_axis',(0.707106781186548,0.707106781186548,0.));
#5134=DIRECTION('',(0.,1.,0.));
#5135=DIRECTION('',(-1.,0.,0.));
#5136=DIRECTION('',(0.,-1.,0.));
#5137=DIRECTION('',(1.,0.,0.));
#5138=DIRECTION('',(0.,1.,0.));
#5139=DIRECTION('center_axis',(0.,0.,1.));
#5140=DIRECTION('ref_axis',(0.707106781186548,-0.707106781186548,0.));
#5141=DIRECTION('',(-1.,0.,0.));
#5142=DIRECTION('',(-0.915788208793949,-0.401661495085066,0.));
#5143=DIRECTION('',(1.,0.,0.));
#5144=DIRECTION('center_axis',(0.,0.,1.));
#5145=DIRECTION('ref_axis',(0.500000000000001,-0.866025403784438,0.));
#5146=DIRECTION('',(-0.866025403784438,-0.500000000000001,0.));
#5147=DIRECTION('center_axis',(0.,0.,1.));
#5148=DIRECTION('ref_axis',(0.866025403784437,0.500000000000002,0.));
#5149=DIRECTION('',(0.500000000000001,-0.866025403784438,0.));
#5150=DIRECTION('center_axis',(0.,0.,1.));
#5151=DIRECTION('ref_axis',(-0.499999999999996,0.866025403784441,0.));
#5152=DIRECTION('',(0.866025403784438,0.500000000000001,0.));
#5153=DIRECTION('center_axis',(0.,0.,1.));
#5154=DIRECTION('ref_axis',(-0.866025403784438,-0.500000000000002,0.));
#5155=DIRECTION('',(-0.500000000000005,0.866025403784436,0.));
#5156=DIRECTION('center_axis',(-1.,0.,0.));
#5157=DIRECTION('ref_axis',(0.,0.,1.));
#5158=DIRECTION('',(0.,0.,1.));
#5159=DIRECTION('center_axis',(0.,-1.,0.));
#5160=DIRECTION('ref_axis',(0.,0.,-1.));
#5161=DIRECTION('center_axis',(-1.,0.,0.));
#5162=DIRECTION('ref_axis',(0.,0.707106781186548,-0.707106781186547));
#5163=DIRECTION('center_axis',(0.707106781186547,0.,-0.707106781186548));
#5164=DIRECTION('ref_axis',(0.707106781186548,0.,0.707106781186547));
#5165=DIRECTION('',(1.,0.,0.));
#5166=DIRECTION('center_axis',(-0.707106781186547,0.,-0.707106781186548));
#5167=DIRECTION('ref_axis',(0.707106781186548,0.,-0.707106781186547));
#5168=DIRECTION('center_axis',(0.,0.,1.));
#5169=DIRECTION('ref_axis',(1.,0.,0.));
#5170=DIRECTION('center_axis',(1.,0.,0.));
#5171=DIRECTION('ref_axis',(0.,0.,1.));
#5172=DIRECTION('center_axis',(0.,1.,0.));
#5173=DIRECTION('ref_axis',(1.,0.,0.));
#5174=DIRECTION('center_axis',(0.,0.,1.));
#5175=DIRECTION('ref_axis',(0.,1.,0.));
#5176=DIRECTION('center_axis',(0.,-1.,-6.10835989824311E-31));
#5177=DIRECTION('ref_axis',(0.707106781186548,0.,0.707106781186548));
#5178=DIRECTION('center_axis',(0.,-1.,0.));
#5179=DIRECTION('ref_axis',(0.707106781186548,0.,0.707106781186548));
#5180=DIRECTION('',(0.,1.,6.10835989824311E-31));
#5181=DIRECTION('',(0.,-1.,-6.10835989824311E-31));
#5182=DIRECTION('center_axis',(0.,0.,1.));
#5183=DIRECTION('ref_axis',(0.707106781186548,0.707106781186548,0.));
#5184=DIRECTION('',(0.,0.,1.));
#5185=DIRECTION('',(0.,0.,-1.));
#5186=DIRECTION('center_axis',(0.,0.,1.));
#5187=DIRECTION('ref_axis',(1.,0.,0.));
#5188=DIRECTION('center_axis',(0.,1.,0.));
#5189=DIRECTION('ref_axis',(0.,0.,1.));
#5190=DIRECTION('center_axis',(-1.,0.,0.));
#5191=DIRECTION('ref_axis',(0.,1.,0.));
#5192=DIRECTION('center_axis',(0.,0.,1.));
#5193=DIRECTION('ref_axis',(-1.,0.,0.));
#5194=DIRECTION('center_axis',(1.,0.,-5.73191126959157E-47));
#5195=DIRECTION('ref_axis',(0.,0.707106781186548,0.707106781186548));
#5196=DIRECTION('',(-1.,0.,5.73191126959157E-47));
#5197=DIRECTION('',(1.,0.,-5.73191126959157E-47));
#5198=DIRECTION('center_axis',(0.,0.,1.));
#5199=DIRECTION('ref_axis',(-0.707106781186548,0.707106781186548,0.));
#5200=DIRECTION('',(0.,0.,1.));
#5201=DIRECTION('',(0.,0.,-1.));
#5202=DIRECTION('center_axis',(0.,1.,6.10835989824311E-31));
#5203=DIRECTION('ref_axis',(-0.707106781186548,0.,0.707106781186548));
#5204=DIRECTION('center_axis',(0.,-1.,0.));
#5205=DIRECTION('ref_axis',(-0.707106781186548,0.,0.707106781186548));
#5206=DIRECTION('',(0.,1.,6.10835989824311E-31));
#5207=DIRECTION('',(0.,-1.,-6.10835989824311E-31));
#5208=DIRECTION('center_axis',(5.73191126959157E-47,-6.10835989824311E-31,
1.));
#5209=DIRECTION('ref_axis',(1.,0.,-5.73191126959157E-47));
#5210=DIRECTION('',(-1.,0.,5.73191126959157E-47));
#5211=DIRECTION('',(0.,1.,0.));
#5212=DIRECTION('',(1.,0.,0.));
#5213=DIRECTION('',(0.,1.,0.));
#5214=DIRECTION('',(1.,0.,0.));
#5215=DIRECTION('',(0.,-1.,-6.10835989824311E-31));
#5216=DIRECTION('',(1.,0.,0.));
#5217=DIRECTION('',(0.,1.,0.));
#5218=DIRECTION('',(-1.,0.,0.));
#5219=DIRECTION('',(-6.93889390390723E-16,1.,0.));
#5220=DIRECTION('',(1.,0.,-5.73191126959157E-47));
#5221=DIRECTION('',(1.,0.,-5.73191126959157E-47));
#5222=DIRECTION('',(-6.93889390390724E-16,-1.,0.));
#5223=DIRECTION('',(-1.,0.,0.));
#5224=DIRECTION('',(0.,-1.,0.));
#5225=DIRECTION('',(1.,0.,0.));
#5226=DIRECTION('',(0.,1.,6.10835989824311E-31));
#5227=DIRECTION('',(1.,0.,0.));
#5228=DIRECTION('',(0.,-1.,0.));
#5229=DIRECTION('',(1.,0.,0.));
#5230=DIRECTION('',(0.,-1.,0.));
#5231=DIRECTION('',(-1.,0.,5.73191126959157E-47));
#5232=DIRECTION('center_axis',(0.,1.,0.));
#5233=DIRECTION('ref_axis',(0.,0.,1.));
#5234=DIRECTION('center_axis',(0.,0.,-1.));
#5235=DIRECTION('ref_axis',(-0.707106781186548,0.707106781186548,0.));
#5236=DIRECTION('',(0.,0.,1.));
#5237=DIRECTION('center_axis',(0.,-0.707106781186548,-0.707106781186548));
#5238=DIRECTION('ref_axis',(0.,-0.707106781186547,0.707106781186547));
#5239=DIRECTION('',(0.,0.,-1.));
#5240=DIRECTION('center_axis',(-1.,0.,0.));
#5241=DIRECTION('ref_axis',(0.,0.,1.));
#5242=DIRECTION('center_axis',(-1.,0.,0.));
#5243=DIRECTION('ref_axis',(0.,0.,-1.));
#5244=DIRECTION('center_axis',(0.,-1.,0.));
#5245=DIRECTION('ref_axis',(-1.,0.,0.));
#5246=DIRECTION('center_axis',(1.,0.,0.));
#5247=DIRECTION('ref_axis',(0.,0.796129343695515,-0.605126489344954));
#5248=DIRECTION('center_axis',(0.,-0.2676438637861,0.963517909629939));
#5249=DIRECTION('ref_axis',(0.,0.963517909629939,0.2676438637861));
#5250=DIRECTION('center_axis',(0.,-1.,0.));
#5251=DIRECTION('ref_axis',(-0.707106781186548,0.,-0.707106781186548));
#5252=DIRECTION('',(0.,1.,0.));
#5253=DIRECTION('',(0.,-1.,0.));
#5254=DIRECTION('center_axis',(0.,0.,1.));
#5255=DIRECTION('ref_axis',(1.,0.,0.));
#5256=DIRECTION('center_axis',(-1.,0.,0.));
#5257=DIRECTION('ref_axis',(0.,0.963517909629937,0.267643863786106));
#5258=DIRECTION('center_axis',(0.,-0.267643863786117,0.963517909629935));
#5259=DIRECTION('ref_axis',(-1.,0.,0.));
#5260=DIRECTION('center_axis',(0.,1.,0.));
#5261=DIRECTION('ref_axis',(0.,0.,1.));
#5262=DIRECTION('center_axis',(0.,-0.267643863786095,0.963517909629941));
#5263=DIRECTION('ref_axis',(-0.707106781186545,0.681310047694023,0.189252791026107));
#5264=DIRECTION('',(0.,0.267643863786095,-0.963517909629941));
#5265=DIRECTION('',(0.,-0.267643863786095,0.963517909629941));
#5266=DIRECTION('center_axis',(0.,1.,0.));
#5267=DIRECTION('ref_axis',(-0.707106781186548,0.,0.707106781186548));
#5268=DIRECTION('',(0.,1.,0.));
#5269=DIRECTION('',(0.,-1.,0.));
#5270=DIRECTION('center_axis',(0.,0.773342141337896,0.633988905605546));
#5271=DIRECTION('ref_axis',(0.,-0.633988905605546,0.773342141337896));
#5272=DIRECTION('center_axis',(0.,0.196116135138184,0.98058067569092));
#5273=DIRECTION('ref_axis',(-0.707106781186545,-0.693375245281539,0.13867504905631));
#5274=DIRECTION('',(0.,0.196116135138184,0.98058067569092));
#5275=DIRECTION('',(0.,-0.196116135138184,-0.98058067569092));
#5276=DIRECTION('center_axis',(1.07322781403284E-14,0.773342141337912,0.633988905605526));
#5277=DIRECTION('ref_axis',(1.30912747606332E-14,0.633988905605526,-0.773342141337912));
#5278=DIRECTION('center_axis',(0.,1.,6.10835989824311E-31));
#5279=DIRECTION('ref_axis',(-0.707106781186548,0.,0.707106781186548));
#5280=DIRECTION('',(0.,-1.,-6.10835989824311E-31));
#5281=DIRECTION('center_axis',(8.79836350450199E-15,0.773342141337912,-0.633988905605526));
#5282=DIRECTION('ref_axis',(1.07322781403284E-14,-0.633988905605526,-0.773342141337912));
#5283=DIRECTION('center_axis',(0.,0.,1.));
#5284=DIRECTION('ref_axis',(-0.707106781186548,-0.707106781186548,0.));
#5285=DIRECTION('',(0.,0.,1.));
#5286=DIRECTION('center_axis',(0.,0.707106781186548,-0.707106781186548));
#5287=DIRECTION('ref_axis',(0.,-0.707106781186547,-0.707106781186547));
#5288=DIRECTION('',(0.,0.,-1.));
#5289=DIRECTION('center_axis',(0.,0.196116135138184,-0.98058067569092));
#5290=DIRECTION('ref_axis',(-0.707106781186545,0.693375245281539,0.13867504905631));
#5291=DIRECTION('',(0.,0.196116135138184,-0.98058067569092));
#5292=DIRECTION('',(0.,-0.196116135138184,0.98058067569092));
#5293=DIRECTION('center_axis',(5.3661390701641E-15,0.773342141337899,-0.633988905605543));
#5294=DIRECTION('ref_axis',(6.54563738031678E-15,0.633988905605543,0.773342141337899));
#5295=DIRECTION('center_axis',(-1.,0.,0.));
#5296=DIRECTION('ref_axis',(0.,0.,1.));
#5297=DIRECTION('center_axis',(-1.,0.,0.));
#5298=DIRECTION('ref_axis',(0.,-0.963517909629941,0.267643863786094));
#5299=DIRECTION('center_axis',(0.,0.267643863786093,0.963517909629941));
#5300=DIRECTION('ref_axis',(-1.,0.,0.));
#5301=DIRECTION('center_axis',(1.,0.,0.));
#5302=DIRECTION('ref_axis',(0.,-0.796129343695512,-0.605126489344958));
#5303=DIRECTION('center_axis',(0.,1.,0.));
#5304=DIRECTION('ref_axis',(0.,0.,-1.));
#5305=DIRECTION('center_axis',(0.,0.,1.));
#5306=DIRECTION('ref_axis',(1.,0.,0.));
#5307=DIRECTION('center_axis',(-1.,0.,0.));
#5308=DIRECTION('ref_axis',(0.,0.,1.));
#5309=DIRECTION('center_axis',(0.,-1.,-1.38777878078144E-14));
#5310=DIRECTION('ref_axis',(-1.,0.,0.));
#5311=DIRECTION('center_axis',(0.,0.26764386378608,0.963517909629945));
#5312=DIRECTION('ref_axis',(0.,-0.963517909629945,0.26764386378608));
#5313=DIRECTION('center_axis',(0.,1.,0.));
#5314=DIRECTION('ref_axis',(-0.707106781186548,0.,0.707106781186548));
#5315=DIRECTION('',(0.,-1.,0.));
#5316=DIRECTION('',(0.,1.,0.));
#5317=DIRECTION('center_axis',(0.,-0.267643863786095,-0.963517909629941));
#5318=DIRECTION('ref_axis',(-0.707106781186543,-0.681310047694021,0.189252791026126));
#5319=DIRECTION('',(0.,0.267643863786095,0.963517909629941));
#5320=DIRECTION('',(0.,-0.267643863786095,-0.963517909629941));
#5321=DIRECTION('center_axis',(1.,0.,0.));
#5322=DIRECTION('ref_axis',(0.,-0.796129343695512,-0.605126489344958));
#5323=DIRECTION('',(-1.,0.,0.));
#5324=DIRECTION('',(1.,0.,0.));
#5325=DIRECTION('center_axis',(-1.,-1.2511129066674E-29,2.81909437526429E-30));
#5326=DIRECTION('ref_axis',(0.,-0.796129343695512,-0.605126489344958));
#5327=DIRECTION('center_axis',(-1.,0.,0.));
#5328=DIRECTION('ref_axis',(0.,-0.605126489344954,0.796129343695515));
#5329=DIRECTION('',(-1.,0.,0.));
#5330=DIRECTION('',(1.,0.,0.));
#5331=DIRECTION('center_axis',(-0.707106781186545,0.189252791026109,0.681310047694023));
#5332=DIRECTION('ref_axis',(0.70710678118655,0.189252791026108,0.681310047694018));
#5333=DIRECTION('center_axis',(6.32279004226964E-31,-0.267643863786095,
-0.963517909629941));
#5334=DIRECTION('ref_axis',(0.707106781186552,-0.68131004769401,0.189252791026128));
#5335=DIRECTION('',(6.32279004226964E-31,-0.267643863786095,-0.963517909629941));
#5336=DIRECTION('',(-6.32279004226964E-31,0.267643863786095,0.963517909629941));
#5337=DIRECTION('center_axis',(0.,0.,-1.));
#5338=DIRECTION('ref_axis',(-4.17859284339789E-16,-1.,0.));
#5339=DIRECTION('center_axis',(0.,1.,0.));
#5340=DIRECTION('ref_axis',(-0.707106781186548,0.,-0.707106781186548));
#5341=DIRECTION('',(0.,-1.,0.));
#5342=DIRECTION('',(0.,1.,0.));
#5343=DIRECTION('center_axis',(1.,0.,0.));
#5344=DIRECTION('ref_axis',(0.,0.605126489344965,0.796129343695506));
#5345=DIRECTION('',(-1.,0.,0.));
#5346=DIRECTION('',(1.,0.,0.));
#5347=DIRECTION('center_axis',(0.707106781186559,0.18925279102614,-0.681310047694));
#5348=DIRECTION('ref_axis',(-0.707106781186536,0.189252791026093,-0.681310047694036));
#5349=DIRECTION('center_axis',(1.,0.,0.));
#5350=DIRECTION('ref_axis',(0.,0.796129343695512,-0.605126489344958));
#5351=DIRECTION('',(-1.,0.,0.));
#5352=DIRECTION('',(1.,0.,0.));
#5353=DIRECTION('center_axis',(-1.,-2.92915087801469E-29,-3.5606515595718E-30));
#5354=DIRECTION('ref_axis',(0.,0.796129343695512,-0.605126489344958));
#5355=DIRECTION('center_axis',(4.40894103844361E-30,-0.267643863786095,
0.963517909629941));
#5356=DIRECTION('ref_axis',(0.707106781186545,0.681310047694023,0.189252791026107));
#5357=DIRECTION('',(4.40894103844361E-30,-0.267643863786095,0.963517909629941));
#5358=DIRECTION('center_axis',(0.,0.,-1.));
#5359=DIRECTION('ref_axis',(-1.984831600614E-15,1.,0.));
#5360=DIRECTION('',(-4.40894103844361E-30,0.267643863786095,-0.963517909629941));
#5361=DIRECTION('center_axis',(-1.,0.,0.));
#5362=DIRECTION('ref_axis',(0.,0.,1.));
#5363=DIRECTION('',(0.,0.,1.));
#5364=DIRECTION('',(0.,-1.,0.));
#5365=DIRECTION('',(0.,0.,-1.));
#5366=DIRECTION('center_axis',(0.,-1.,0.));
#5367=DIRECTION('ref_axis',(0.,0.,-1.));
#5368=DIRECTION('',(-1.,0.,0.));
#5369=DIRECTION('',(0.,0.,1.));
#5370=DIRECTION('center_axis',(0.,0.,1.));
#5371=DIRECTION('ref_axis',(1.,0.,0.));
#5372=DIRECTION('',(0.,1.,0.));
#5373=DIRECTION('',(-1.,0.,0.));
#5374=DIRECTION('',(-0.915788208793949,-0.401661495085066,0.));
#5375=DIRECTION('center_axis',(0.,-0.963517909629941,-0.267643863786095));
#5376=DIRECTION('ref_axis',(0.,-0.267643863786095,0.963517909629941));
#5377=DIRECTION('center_axis',(0.,0.963517909629941,-0.267643863786095));
#5378=DIRECTION('ref_axis',(0.,-0.267643863786095,-0.963517909629941));
#5379=DIRECTION('center_axis',(0.,0.,1.));
#5380=DIRECTION('ref_axis',(0.707106781186548,0.707106781186548,0.));
#5381=DIRECTION('',(0.,0.,1.));
#5382=DIRECTION('center_axis',(0.,-0.707106781186548,-0.707106781186548));
#5383=DIRECTION('ref_axis',(0.,0.707106781186547,-0.707106781186547));
#5384=DIRECTION('',(0.,0.,-1.));
#5385=DIRECTION('center_axis',(-1.,0.,0.));
#5386=DIRECTION('ref_axis',(0.,0.,1.));
#5387=DIRECTION('center_axis',(-1.,0.,0.));
#5388=DIRECTION('ref_axis',(0.,0.796129343695509,-0.605126489344962));
#5389=DIRECTION('center_axis',(0.,-1.,0.));
#5390=DIRECTION('ref_axis',(0.,0.,-1.));
#5391=DIRECTION('center_axis',(1.,0.,0.));
#5392=DIRECTION('ref_axis',(0.,0.963517909629941,0.267643863786094));
#5393=DIRECTION('center_axis',(0.,-0.26764386378608,0.963517909629945));
#5394=DIRECTION('ref_axis',(1.,0.,0.));
#5395=DIRECTION('center_axis',(0.,1.,0.));
#5396=DIRECTION('ref_axis',(0.707106781186548,0.,-0.707106781186548));
#5397=DIRECTION('',(0.,1.,0.));
#5398=DIRECTION('',(0.,-1.,0.));
#5399=DIRECTION('center_axis',(-1.,0.,0.));
#5400=DIRECTION('ref_axis',(0.,0.796129343695512,-0.605126489344958));
#5401=DIRECTION('',(1.,0.,0.));
#5402=DIRECTION('',(-1.,0.,0.));
#5403=DIRECTION('center_axis',(1.,-2.92915087801469E-29,-3.5606515595718E-30));
#5404=DIRECTION('ref_axis',(0.,0.796129343695512,-0.605126489344958));
#5405=DIRECTION('center_axis',(0.,0.,1.));
#5406=DIRECTION('ref_axis',(1.,0.,0.));
#5407=DIRECTION('center_axis',(1.,0.,0.));
#5408=DIRECTION('ref_axis',(0.,0.,1.));
#5409=DIRECTION('center_axis',(0.,1.,0.));
#5410=DIRECTION('ref_axis',(1.,0.,0.));
#5411=DIRECTION('center_axis',(2.67429941977464E-14,-0.267643863786106,
0.963517909629937));
#5412=DIRECTION('ref_axis',(0.,0.963517909629937,0.267643863786106));
#5413=DIRECTION('center_axis',(0.,-0.196116135138184,-0.98058067569092));
#5414=DIRECTION('ref_axis',(0.70710678118655,-0.693375245281535,0.138675049056301));
#5415=DIRECTION('',(0.,-0.196116135138184,-0.98058067569092));
#5416=DIRECTION('center_axis',(0.,0.773342141337912,0.633988905605526));
#5417=DIRECTION('ref_axis',(0.,-0.633988905605526,0.773342141337912));
#5418=DIRECTION('',(0.,0.196116135138184,0.98058067569092));
#5419=DIRECTION('center_axis',(0.,-0.773342141337899,-0.633988905605543));
#5420=DIRECTION('ref_axis',(0.,-0.633988905605543,0.773342141337899));
#5421=DIRECTION('center_axis',(0.,-1.,-6.10835989824311E-31));
#5422=DIRECTION('ref_axis',(0.707106781186548,0.,0.707106781186548));
#5423=DIRECTION('center_axis',(1.41645025746662E-14,0.773342141337912,-0.633988905605526));
#5424=DIRECTION('ref_axis',(-1.72779155206454E-14,0.633988905605526,0.773342141337912));
#5425=DIRECTION('',(0.,1.,6.10835989824311E-31));
#5426=DIRECTION('center_axis',(0.,0.,-1.));
#5427=DIRECTION('ref_axis',(0.707106781186548,-0.707106781186548,0.));
#5428=DIRECTION('',(0.,0.,1.));
#5429=DIRECTION('center_axis',(0.,0.707106781186548,-0.707106781186548));
#5430=DIRECTION('ref_axis',(0.,0.707106781186547,0.707106781186547));
#5431=DIRECTION('',(0.,0.,-1.));
#5432=DIRECTION('center_axis',(-6.32279004226964E-31,-0.267643863786095,
-0.963517909629941));
#5433=DIRECTION('ref_axis',(-0.707106781186543,-0.681310047694021,0.189252791026126));
#5434=DIRECTION('',(-6.32279004226964E-31,-0.267643863786095,-0.963517909629941));
#5435=DIRECTION('',(6.32279004226964E-31,0.267643863786095,0.963517909629941));
#5436=DIRECTION('center_axis',(-0.707106781186569,-0.189252791026139,-0.681310047693989));
#5437=DIRECTION('ref_axis',(-0.707106781186525,0.189252791026093,0.681310047694047));
#5438=DIRECTION('center_axis',(0.,0.,-1.));
#5439=DIRECTION('ref_axis',(1.04464821084947E-16,-1.,0.));
#5440=DIRECTION('center_axis',(-1.,0.,0.));
#5441=DIRECTION('ref_axis',(0.,0.,1.));
#5442=DIRECTION('center_axis',(-1.,0.,0.));
#5443=DIRECTION('ref_axis',(0.,-0.796129343695519,-0.605126489344949));
#5444=DIRECTION('center_axis',(0.,0.2676438637861,0.963517909629939));
#5445=DIRECTION('ref_axis',(0.,-0.963517909629939,0.2676438637861));
#5446=DIRECTION('center_axis',(1.,0.,0.));
#5447=DIRECTION('ref_axis',(0.,0.,-1.));
#5448=DIRECTION('center_axis',(0.,1.,0.));
#5449=DIRECTION('ref_axis',(1.,0.,0.));
#5450=DIRECTION('center_axis',(0.,0.,1.));
#5451=DIRECTION('ref_axis',(1.,0.,0.));
#5452=DIRECTION('center_axis',(1.,0.,0.));
#5453=DIRECTION('ref_axis',(0.,-0.963517909629944,0.267643863786084));
#5454=DIRECTION('center_axis',(0.,0.267643863786087,0.963517909629943));
#5455=DIRECTION('ref_axis',(1.,0.,0.));
#5456=DIRECTION('center_axis',(0.,-1.,0.));
#5457=DIRECTION('ref_axis',(0.,0.,1.));
#5458=DIRECTION('center_axis',(0.,-0.267643863786095,-0.963517909629941));
#5459=DIRECTION('ref_axis',(0.707106781186545,-0.681310047694023,0.189252791026107));
#5460=DIRECTION('',(0.,0.267643863786095,0.963517909629941));
#5461=DIRECTION('',(0.,-0.267643863786095,-0.963517909629941));
#5462=DIRECTION('center_axis',(0.,-1.,0.));
#5463=DIRECTION('ref_axis',(0.707106781186548,0.,0.707106781186548));
#5464=DIRECTION('',(0.,-1.,0.));
#5465=DIRECTION('',(0.,1.,0.));
#5466=DIRECTION('center_axis',(0.,-0.773342141337896,0.633988905605546));
#5467=DIRECTION('ref_axis',(0.,0.633988905605546,0.773342141337896));
#5468=DIRECTION('center_axis',(-1.,0.,0.));
#5469=DIRECTION('ref_axis',(0.,-0.605126489344954,0.796129343695515));
#5470=DIRECTION('',(1.,0.,0.));
#5471=DIRECTION('',(-1.,0.,0.));
#5472=DIRECTION('center_axis',(-1.,0.,0.));
#5473=DIRECTION('ref_axis',(0.,-0.796129343695512,-0.605126489344958));
#5474=DIRECTION('',(1.,0.,0.));
#5475=DIRECTION('',(-1.,0.,0.));
#5476=DIRECTION('center_axis',(1.,-1.2511129066674E-29,2.81909437526429E-30));
#5477=DIRECTION('ref_axis',(0.,-0.796129343695512,-0.605126489344958));
#5478=DIRECTION('center_axis',(0.,1.,0.));
#5479=DIRECTION('ref_axis',(0.707106781186548,0.,-0.707106781186548));
#5480=DIRECTION('',(0.,-1.,0.));
#5481=DIRECTION('',(0.,1.,0.));
#5482=DIRECTION('center_axis',(0.,-0.196116135138184,0.98058067569092));
#5483=DIRECTION('ref_axis',(0.707106781186545,0.693375245281539,0.13867504905631));
#5484=DIRECTION('',(0.,-0.196116135138184,0.98058067569092));
#5485=DIRECTION('',(0.,0.196116135138184,-0.98058067569092));
#5486=DIRECTION('center_axis',(0.,-1.,0.));
#5487=DIRECTION('ref_axis',(0.707106781186548,0.,0.707106781186548));
#5488=DIRECTION('',(0.,1.,0.));
#5489=DIRECTION('',(0.,-1.,0.));
#5490=DIRECTION('center_axis',(0.,-0.267643863786095,0.963517909629941));
#5491=DIRECTION('ref_axis',(0.707106781186544,0.681310047694022,0.189252791026116));
#5492=DIRECTION('',(0.,0.267643863786095,-0.963517909629941));
#5493=DIRECTION('',(0.,-0.267643863786095,0.963517909629941));
#5494=DIRECTION('center_axis',(1.,0.,0.));
#5495=DIRECTION('ref_axis',(0.,0.605126489344965,0.796129343695506));
#5496=DIRECTION('',(1.,0.,0.));
#5497=DIRECTION('',(-1.,0.,0.));
#5498=DIRECTION('center_axis',(0.707106781186542,-0.189252791026128,0.68131004769402));
#5499=DIRECTION('ref_axis',(-0.707106781186553,-0.189252791026125,0.68131004769401));
#5500=DIRECTION('center_axis',(-4.40894103844361E-30,-0.267643863786095,
0.963517909629941));
#5501=DIRECTION('ref_axis',(-0.707106781186543,0.681310047694021,0.189252791026126));
#5502=DIRECTION('',(-4.40894103844361E-30,-0.267643863786095,0.963517909629941));
#5503=DIRECTION('center_axis',(0.,0.,-1.));
#5504=DIRECTION('ref_axis',(1.46250749518926E-15,1.,0.));
#5505=DIRECTION('',(4.40894103844361E-30,0.267643863786095,-0.963517909629941));
#5506=DIRECTION('center_axis',(1.,0.,0.));
#5507=DIRECTION('ref_axis',(0.,0.,-1.));
#5508=DIRECTION('',(0.,0.,1.));
#5509=DIRECTION('',(0.,1.,0.));
#5510=DIRECTION('',(0.,0.,-1.));
#5511=DIRECTION('center_axis',(0.,1.,0.));
#5512=DIRECTION('ref_axis',(0.,0.,-1.));
#5513=DIRECTION('',(1.,0.,0.));
#5514=DIRECTION('',(0.,0.,1.));
#5515=DIRECTION('center_axis',(0.,0.,1.));
#5516=DIRECTION('ref_axis',(-1.,0.,0.));
#5517=DIRECTION('',(0.,1.,0.));
#5518=DIRECTION('',(1.,0.,0.));
#5519=DIRECTION('',(0.915788208793949,0.401661495085066,0.));
#5520=DIRECTION('center_axis',(1.,-1.2511129066674E-29,2.81909437526429E-30));
#5521=DIRECTION('ref_axis',(2.81909437526429E-30,0.,-1.));
#5522=DIRECTION('',(0.,-1.,0.));
#5523=DIRECTION('',(0.,0.,-1.));
#5524=DIRECTION('',(-2.81909437526429E-30,0.,1.));
#5525=DIRECTION('center_axis',(0.,0.,1.));
#5526=DIRECTION('ref_axis',(1.,0.,0.));
#5527=DIRECTION('',(-1.,0.,0.));
#5528=DIRECTION('',(0.,-1.,0.));
#5529=DIRECTION('',(-1.,0.,0.));
#5530=DIRECTION('center_axis',(0.,0.963517909629941,0.267643863786095));
#5531=DIRECTION('ref_axis',(0.,-0.267643863786095,0.963517909629941));
#5532=DIRECTION('center_axis',(0.,-0.963517909629941,0.267643863786095));
#5533=DIRECTION('ref_axis',(0.,-0.267643863786095,-0.963517909629941));
#5534=DIRECTION('center_axis',(0.866025403784438,0.500000000000001,0.));
#5535=DIRECTION('ref_axis',(-0.500000000000001,0.866025403784438,0.));
#5536=DIRECTION('',(-0.500000000000001,0.866025403784438,0.));
#5537=DIRECTION('',(0.,0.,1.));
#5538=DIRECTION('',(-0.500000000000001,0.866025403784438,0.));
#5539=DIRECTION('',(0.,0.,1.));
#5540=DIRECTION('center_axis',(0.500000000495953,-0.8660254034981,0.));
#5541=DIRECTION('ref_axis',(0.8660254034981,0.500000000495953,0.));
#5542=DIRECTION('',(0.866025403784438,0.500000000000001,0.));
#5543=DIRECTION('',(0.,0.,1.));
#5544=DIRECTION('',(0.8660254034981,0.500000000495953,0.));
#5545=DIRECTION('center_axis',(0.,0.,1.));
#5546=DIRECTION('ref_axis',(1.,0.,0.));
#5547=DIRECTION('center_axis',(0.,0.,1.));
#5548=DIRECTION('ref_axis',(0.866025403784437,0.500000000000002,0.));
#5549=DIRECTION('',(-0.866025403784439,-0.5,0.));
#5550=DIRECTION('center_axis',(0.,0.,1.));
#5551=DIRECTION('ref_axis',(-0.499999999999996,0.866025403784441,0.));
#5552=DIRECTION('',(0.500000000000001,-0.866025403784438,0.));
#5553=DIRECTION('center_axis',(-0.866025403784436,-0.500000000000005,0.));
#5554=DIRECTION('ref_axis',(0.500000000000005,-0.866025403784436,0.));
#5555=DIRECTION('',(0.500000000000005,-0.866025403784436,0.));
#5556=DIRECTION('',(0.,0.,1.));
#5557=DIRECTION('',(0.500000000000005,-0.866025403784436,0.));
#5558=DIRECTION('',(0.,0.,1.));
#5559=DIRECTION('center_axis',(0.,0.,1.));
#5560=DIRECTION('ref_axis',(1.,0.,0.));
#5561=DIRECTION('center_axis',(0.,0.,1.));
#5562=DIRECTION('ref_axis',(0.500000000000001,-0.866025403784438,0.));
#5563=DIRECTION('',(-0.500000000000005,0.866025403784436,0.));
#5564=DIRECTION('center_axis',(0.,0.,1.));
#5565=DIRECTION('ref_axis',(-0.866025403784438,-0.500000000000002,0.));
#5566=DIRECTION('',(0.866025403784437,0.500000000000002,0.));
#5567=DIRECTION('',(-0.866025403784438,-0.500000000000001,0.));
#5568=DIRECTION('center_axis',(0.866025403784438,0.5,0.));
#5569=DIRECTION('ref_axis',(-0.5,0.866025403784438,0.));
#5570=DIRECTION('',(-0.5,0.866025403784438,0.));
#5571=DIRECTION('',(0.,0.,1.));
#5572=DIRECTION('',(-0.5,0.866025403784438,0.));
#5573=DIRECTION('',(0.,0.,1.));
#5574=DIRECTION('center_axis',(-0.866025403784438,-0.500000000000001,0.));
#5575=DIRECTION('ref_axis',(0.500000000000001,-0.866025403784438,0.));
#5576=DIRECTION('',(0.500000000000001,-0.866025403784438,0.));
#5577=DIRECTION('',(0.,0.,1.));
#5578=DIRECTION('',(0.500000000000001,-0.866025403784438,0.));
#5579=DIRECTION('',(0.,0.,1.));
#5580=DIRECTION('center_axis',(0.,0.,1.));
#5581=DIRECTION('ref_axis',(1.,0.,0.));
#5582=DIRECTION('',(-0.866025403784438,-0.500000000000001,0.));
#5583=DIRECTION('',(0.866025403784438,0.500000000000001,0.));
#5584=DIRECTION('center_axis',(0.,0.,1.));
#5585=DIRECTION('ref_axis',(1.,0.,0.));
#5586=DIRECTION('',(0.866025403784438,0.500000000000001,0.));
#5587=DIRECTION('',(-0.866025403784438,-0.500000000000001,0.));
#5588=DIRECTION('center_axis',(0.,0.,1.));
#5589=DIRECTION('ref_axis',(1.,0.,0.));
#5590=DIRECTION('',(-0.866025403784438,-0.500000000000001,0.));
#5591=DIRECTION('',(0.866025403784438,0.500000000000001,0.));
#5592=DIRECTION('center_axis',(0.,0.,1.));
#5593=DIRECTION('ref_axis',(-0.499999999999996,0.866025403784441,0.));
#5594=DIRECTION('',(0.,0.,1.));
#5595=DIRECTION('',(0.,0.,1.));
#5596=DIRECTION('center_axis',(0.500000000000001,-0.866025403784438,0.));
#5597=DIRECTION('ref_axis',(0.866025403784438,0.500000000000001,0.));
#5598=DIRECTION('',(0.,0.,1.));
#5599=DIRECTION('center_axis',(0.,0.,1.));
#5600=DIRECTION('ref_axis',(-0.866025403784438,-0.500000000000002,0.));
#5601=DIRECTION('',(0.,0.,1.));
#5602=DIRECTION('center_axis',(0.866025403784436,0.500000000000005,0.));
#5603=DIRECTION('ref_axis',(-0.500000000000005,0.866025403784436,0.));
#5604=DIRECTION('',(0.,0.,1.));
#5605=DIRECTION('center_axis',(0.,0.,1.));
#5606=DIRECTION('ref_axis',(0.500000000000001,-0.866025403784438,0.));
#5607=DIRECTION('',(0.,0.,1.));
#5608=DIRECTION('center_axis',(-0.866025403784438,-0.500000000000001,0.));
#5609=DIRECTION('ref_axis',(0.500000000000001,-0.866025403784438,0.));
#5610=DIRECTION('',(0.,0.,1.));
#5611=DIRECTION('center_axis',(0.,0.,1.));
#5612=DIRECTION('ref_axis',(0.866025403784437,0.500000000000002,0.));
#5613=DIRECTION('',(0.,0.,1.));
#5614=DIRECTION('center_axis',(-0.500000000000001,0.866025403784438,0.));
#5615=DIRECTION('ref_axis',(-0.866025403784438,-0.500000000000001,0.));
#5616=DIRECTION('center_axis',(0.,-1.,0.));
#5617=DIRECTION('ref_axis',(0.,0.,-1.));
#5618=DIRECTION('',(-1.,0.,0.));
#5619=DIRECTION('',(0.,0.,1.));
#5620=DIRECTION('center_axis',(0.,1.,0.));
#5621=DIRECTION('ref_axis',(0.,0.,1.));
#5622=DIRECTION('',(1.,0.,0.));
#5623=DIRECTION('',(0.,0.,1.));
#5624=DIRECTION('center_axis',(1.,0.,0.));
#5625=DIRECTION('ref_axis',(0.,0.,-1.));
#5626=DIRECTION('',(0.,-1.,0.));
#5627=DIRECTION('center_axis',(0.,0.,1.));
#5628=DIRECTION('ref_axis',(1.,0.,0.));
#5629=DIRECTION('center_axis',(0.,-1.,0.));
#5630=DIRECTION('ref_axis',(0.,0.,-1.));
#5631=DIRECTION('',(-1.,0.,0.));
#5632=DIRECTION('',(0.,0.,1.));
#5633=DIRECTION('center_axis',(-1.,0.,0.));
#5634=DIRECTION('ref_axis',(0.,0.,1.));
#5635=DIRECTION('',(0.,1.,0.));
#5636=DIRECTION('',(0.,0.,1.));
#5637=DIRECTION('center_axis',(0.,1.,0.));
#5638=DIRECTION('ref_axis',(0.,0.,1.));
#5639=DIRECTION('',(1.,0.,0.));
#5640=DIRECTION('center_axis',(0.,0.,1.));
#5641=DIRECTION('ref_axis',(1.,0.,0.));
#5642=DIRECTION('center_axis',(0.,-0.98058067569092,-0.196116135138184));
#5643=DIRECTION('ref_axis',(0.,0.196116135138184,-0.98058067569092));
#5644=DIRECTION('',(-1.,0.,0.));
#5645=DIRECTION('',(0.,-0.196116135138184,0.98058067569092));
#5646=DIRECTION('center_axis',(0.,-0.98058067569092,-0.196116135138184));
#5647=DIRECTION('ref_axis',(0.,0.196116135138184,-0.98058067569092));
#5648=DIRECTION('',(0.,0.196116135138184,-0.98058067569092));
#5649=DIRECTION('center_axis',(0.,0.98058067569092,-0.196116135138184));
#5650=DIRECTION('ref_axis',(0.,0.196116135138184,0.98058067569092));
#5651=DIRECTION('',(0.,-0.196116135138184,-0.98058067569092));
#5652=DIRECTION('',(1.,0.,0.));
#5653=DIRECTION('center_axis',(0.,0.98058067569092,-0.196116135138184));
#5654=DIRECTION('ref_axis',(0.,0.196116135138184,0.98058067569092));
#5655=DIRECTION('',(1.,0.,0.));
#5656=DIRECTION('',(0.,0.196116135138184,0.98058067569092));
#5657=DIRECTION('center_axis',(0.,0.,1.));
#5658=DIRECTION('ref_axis',(1.,0.,0.));
#5659=DIRECTION('',(6.93889390390723E-16,-1.,0.));
#5660=DIRECTION('',(1.,0.,0.));
#5661=DIRECTION('',(0.,-1.,0.));
#5662=DIRECTION('center_axis',(0.,0.,1.));
#5663=DIRECTION('ref_axis',(1.,0.,0.));
#5664=DIRECTION('',(0.,1.,0.));
#5665=DIRECTION('',(1.,0.,0.));
#5666=DIRECTION('',(6.93889390390724E-16,1.,0.));
#5667=DIRECTION('center_axis',(1.,0.,0.));
#5668=DIRECTION('ref_axis',(0.,0.,-1.));
#5669=DIRECTION('',(0.,0.,-1.));
#5670=DIRECTION('center_axis',(1.,0.,0.));
#5671=DIRECTION('ref_axis',(0.,0.,-1.));
#5672=DIRECTION('',(0.,0.,-1.));
#5673=DIRECTION('center_axis',(-1.,0.,0.));
#5674=DIRECTION('ref_axis',(0.,0.,1.));
#5675=DIRECTION('',(0.,0.,-1.));
#5676=DIRECTION('center_axis',(0.,-1.,0.));
#5677=DIRECTION('ref_axis',(0.,0.,-1.));
#5678=DIRECTION('',(0.,0.,-1.));
#5679=DIRECTION('',(0.,0.,-1.));
#5680=DIRECTION('',(-1.,0.,0.));
#5681=DIRECTION('center_axis',(0.,1.,0.));
#5682=DIRECTION('ref_axis',(0.,0.,1.));
#5683=DIRECTION('',(0.,0.,-1.));
#5684=DIRECTION('center_axis',(0.,1.,0.));
#5685=DIRECTION('ref_axis',(0.,0.,1.));
#5686=DIRECTION('',(0.,0.,-1.));
#5687=DIRECTION('center_axis',(0.,-1.,0.));
#5688=DIRECTION('ref_axis',(0.,0.,-1.));
#5689=DIRECTION('center_axis',(-1.,0.,0.));
#5690=DIRECTION('ref_axis',(0.,0.,1.));
#5691=DIRECTION('',(0.,1.,0.));
#5692=DIRECTION('center_axis',(1.,2.92915087801469E-29,3.5606515595718E-30));
#5693=DIRECTION('ref_axis',(3.5606515595718E-30,0.,-1.));
#5694=DIRECTION('',(-3.5606515595718E-30,0.,1.));
#5695=DIRECTION('center_axis',(-1.,0.,0.));
#5696=DIRECTION('ref_axis',(0.,0.,1.));
#5697=DIRECTION('',(0.,0.,1.));
#5698=DIRECTION('center_axis',(1.,0.,0.));
#5699=DIRECTION('ref_axis',(0.,0.,-1.));
#5700=DIRECTION('',(0.,0.,1.));
#5701=DIRECTION('center_axis',(0.,1.,0.));
#5702=DIRECTION('ref_axis',(0.,0.,1.));
#5703=DIRECTION('',(-3.5606515595718E-30,0.,-1.));
#5704=DIRECTION('',(-1.,0.,0.));
#5705=DIRECTION('',(0.,0.,-1.));
#5706=DIRECTION('center_axis',(1.,1.2511129066674E-29,-2.81909437526429E-30));
#5707=DIRECTION('ref_axis',(-2.81909437526429E-30,0.,-1.));
#5708=DIRECTION('',(0.,1.,0.));
#5709=DIRECTION('',(-2.81909437526429E-30,0.,-1.));
#5710=DIRECTION('',(0.,1.,0.));
#5711=DIRECTION('center_axis',(0.,1.,0.));
#5712=DIRECTION('ref_axis',(0.,0.,1.));
#5713=DIRECTION('',(0.,0.,1.));
#5714=DIRECTION('center_axis',(0.,-1.,0.));
#5715=DIRECTION('ref_axis',(0.,0.,-1.));
#5716=DIRECTION('',(1.,0.,0.));
#5717=DIRECTION('',(0.,0.,-1.));
#5718=DIRECTION('center_axis',(1.,-2.92915087801469E-29,-3.5606515595718E-30));
#5719=DIRECTION('ref_axis',(-3.5606515595718E-30,0.,-1.));
#5720=DIRECTION('',(0.,1.,0.));
#5721=DIRECTION('center_axis',(-0.401661495085065,0.915788208793949,0.));
#5722=DIRECTION('ref_axis',(0.,0.,-1.));
#5723=DIRECTION('',(0.,0.,1.));
#5724=DIRECTION('center_axis',(0.401661495085065,0.915788208793949,0.));
#5725=DIRECTION('ref_axis',(0.,0.,-1.));
#5726=DIRECTION('',(0.915788208793949,-0.401661495085066,0.));
#5727=DIRECTION('',(0.,0.,1.));
#5728=DIRECTION('center_axis',(0.,1.,0.));
#5729=DIRECTION('ref_axis',(0.,0.,-1.));
#5730=DIRECTION('',(1.,0.,0.));
#5731=DIRECTION('center_axis',(0.,0.,-1.));
#5732=DIRECTION('ref_axis',(-1.,0.,0.));
#5733=DIRECTION('center_axis',(-0.401661495085065,-0.915788208793949,0.));
#5734=DIRECTION('ref_axis',(0.,0.,-1.));
#5735=DIRECTION('',(-0.915788208793949,0.401661495085066,0.));
#5736=DIRECTION('',(0.,0.,1.));
#5737=DIRECTION('center_axis',(0.,-1.,0.));
#5738=DIRECTION('ref_axis',(0.,0.,-1.));
#5739=DIRECTION('',(-1.,0.,0.));
#5740=DIRECTION('center_axis',(0.,0.,-1.));
#5741=DIRECTION('ref_axis',(1.,0.,0.));
#5742=DIRECTION('center_axis',(0.401661495085065,-0.915788208793949,0.));
#5743=DIRECTION('ref_axis',(0.,0.,-1.));
#5744=DIRECTION('center_axis',(0.,-1.,0.));
#5745=DIRECTION('ref_axis',(0.,0.,-1.));
#5746=DIRECTION('center_axis',(0.,0.,1.));
#5747=DIRECTION('ref_axis',(1.,0.,0.));
#5748=DIRECTION('axis',(0.,0.,1.));
#5749=DIRECTION('refdir',(1.,0.,0.));
#5750=DIRECTION('center_axis',(0.,0.,-1.));
#5751=DIRECTION('ref_axis',(-1.,0.,0.));
#5752=DIRECTION('center_axis',(0.,0.,1.));
#5753=DIRECTION('ref_axis',(-1.,0.,0.));
#5754=DIRECTION('center_axis',(-1.22464679914735E-16,-1.,0.));
#5755=DIRECTION('ref_axis',(1.,-1.22464679914735E-16,0.));
#5756=DIRECTION('center_axis',(0.,0.,-1.));
#5757=DIRECTION('ref_axis',(-1.,0.,0.));
#5758=DIRECTION('center_axis',(0.,0.,1.));
#5759=DIRECTION('ref_axis',(-1.,0.,0.));
#5760=DIRECTION('',(0.,0.,-1.));
#5761=DIRECTION('center_axis',(0.,0.,-1.));
#5762=DIRECTION('ref_axis',(-1.,0.,0.));
#5763=DIRECTION('center_axis',(0.,0.,-1.));
#5764=DIRECTION('ref_axis',(-1.,0.,0.));
#5765=DIRECTION('center_axis',(-1.,-1.38777878078145E-16,0.));
#5766=DIRECTION('ref_axis',(0.,0.,1.));
#5767=DIRECTION('',(-1.38777878078145E-16,1.,0.));
#5768=DIRECTION('',(0.,0.,1.));
#5769=DIRECTION('',(1.38777878078145E-16,-1.,0.));
#5770=DIRECTION('',(0.,0.,1.));
#5771=DIRECTION('center_axis',(0.,1.,0.));
#5772=DIRECTION('ref_axis',(0.,0.,1.));
#5773=DIRECTION('',(1.,0.,0.));
#5774=DIRECTION('',(0.,0.,1.));
#5775=DIRECTION('',(-1.,0.,0.));
#5776=DIRECTION('center_axis',(1.,-1.38777878078145E-16,0.));
#5777=DIRECTION('ref_axis',(0.,0.,-1.));
#5778=DIRECTION('',(-1.38777878078145E-16,-1.,0.));
#5779=DIRECTION('',(0.,0.,1.));
#5780=DIRECTION('',(1.38777878078145E-16,1.,0.));
#5781=DIRECTION('center_axis',(0.,-1.,0.));
#5782=DIRECTION('ref_axis',(0.,0.,-1.));
#5783=DIRECTION('',(-1.,0.,0.));
#5784=DIRECTION('',(1.,0.,0.));
#5785=DIRECTION('center_axis',(0.,0.,1.));
#5786=DIRECTION('ref_axis',(1.,0.,0.));
#5787=DIRECTION('center_axis',(0.,0.,1.));
#5788=DIRECTION('ref_axis',(1.,0.,0.));
#5789=DIRECTION('axis',(0.,0.,1.));
#5790=DIRECTION('refdir',(1.,0.,0.));
#5791=DIRECTION('center_axis',(0.,-1.,-6.12323399573677E-17));
#5792=DIRECTION('ref_axis',(0.707106781186548,0.,-0.707106781186548));
#5793=DIRECTION('center_axis',(4.06631717283463E-19,1.,3.10399664911251E-17));
#5794=DIRECTION('ref_axis',(0.707106781186548,0.,-0.707106781186548));
#5795=DIRECTION('',(0.,1.,6.12323399573677E-17));
#5796=DIRECTION('center_axis',(4.06631717283463E-19,-1.,-3.10399664911251E-17));
#5797=DIRECTION('ref_axis',(0.707106781186548,0.,-0.707106781186548));
#5798=DIRECTION('',(0.,-1.,-6.12323399573677E-17));
#5799=DIRECTION('center_axis',(-1.,0.,0.));
#5800=DIRECTION('ref_axis',(0.,0.,-1.));
#5801=DIRECTION('',(0.,-3.10399664911251E-17,1.));
#5802=DIRECTION('',(0.,1.,0.));
#5803=DIRECTION('',(0.,-3.10399664911251E-17,1.));
#5804=DIRECTION('center_axis',(-4.06631717283463E-19,1.,3.10399664911251E-17));
#5805=DIRECTION('ref_axis',(1.,4.06631717283463E-19,2.48990115501492E-35));
#5806=DIRECTION('',(1.,-4.06631717283469E-19,2.08166817117217E-16));
#5807=DIRECTION('center_axis',(4.06631717283463E-19,-1.,-3.10399664911251E-17));
#5808=DIRECTION('ref_axis',(-0.707106781186548,0.,-0.707106781186548));
#5809=DIRECTION('',(-2.56996070515083E-16,-3.10399664911251E-17,1.));
#5810=DIRECTION('center_axis',(-4.06631717283463E-19,1.,3.10399664911251E-17));
#5811=DIRECTION('ref_axis',(0.707106781186548,0.,0.707106781186548));
#5812=DIRECTION('',(-1.,-4.06631717283463E-19,0.));
#5813=DIRECTION('center_axis',(-4.06631717283463E-19,1.,3.10399664911251E-17));
#5814=DIRECTION('ref_axis',(-0.707106781186548,0.,0.707106781186548));
#5815=DIRECTION('',(-2.56996070515083E-16,3.10399664911251E-17,-1.));
#5816=DIRECTION('center_axis',(4.06631717283463E-19,-1.,-3.10399664911251E-17));
#5817=DIRECTION('ref_axis',(0.707106781186548,0.,-0.707106781186548));
#5818=DIRECTION('',(1.,-4.06631717283469E-19,2.08166817117217E-16));
#5819=DIRECTION('center_axis',(4.06631717283463E-19,-1.,-3.10399664911251E-17));
#5820=DIRECTION('ref_axis',(-0.707106781186548,0.,-0.707106781186548));
#5821=DIRECTION('',(0.,3.10399664911251E-17,-1.));
#5822=DIRECTION('center_axis',(4.06631717283463E-19,-1.,-3.10399664911251E-17));
#5823=DIRECTION('ref_axis',(-0.707106781186548,0.,0.707106781186548));
#5824=DIRECTION('',(-1.,4.06631717283463E-19,1.26218348787073E-35));
#5825=DIRECTION('',(0.,6.12323399573677E-17,-1.));
#5826=DIRECTION('',(1.,4.06631717283463E-19,2.48990115501492E-35));
#5827=DIRECTION('',(0.,9.30400939317505E-33,1.));
#5828=DIRECTION('',(-1.,4.06631717283463E-19,1.26218348787073E-35));
#5829=DIRECTION('center_axis',(4.06631717283463E-19,-1.,-3.10399664911251E-17));
#5830=DIRECTION('ref_axis',(0.707106781186548,0.,0.707106781186548));
#5831=DIRECTION('center_axis',(0.,-1.,0.));
#5832=DIRECTION('ref_axis',(0.707106781186548,0.,0.707106781186548));
#5833=DIRECTION('center_axis',(4.06631717283463E-19,1.,3.10399664911251E-17));
#5834=DIRECTION('ref_axis',(0.707106781186548,0.,0.707106781186548));
#5835=DIRECTION('',(0.,-1.,0.));
#5836=DIRECTION('center_axis',(-1.26218348787073E-35,0.,-1.));
#5837=DIRECTION('ref_axis',(1.,0.,-1.26218348787073E-35));
#5838=DIRECTION('',(0.,1.,0.));
#5839=DIRECTION('',(-1.,4.06631717283463E-19,1.26218348787073E-35));
#5840=DIRECTION('center_axis',(0.,1.,-6.12323399573677E-17));
#5841=DIRECTION('ref_axis',(0.707106781186548,0.,-0.707106781186548));
#5842=DIRECTION('center_axis',(-4.06631717283463E-19,-1.,3.10399664911251E-17));
#5843=DIRECTION('ref_axis',(0.707106781186548,0.,-0.707106781186548));
#5844=DIRECTION('',(0.,-1.,6.12323399573677E-17));
#5845=DIRECTION('center_axis',(-4.06631717283463E-19,1.,-3.10399664911251E-17));
#5846=DIRECTION('ref_axis',(0.707106781186548,0.,-0.707106781186548));
#5847=DIRECTION('',(0.,1.,-6.12323399573677E-17));
#5848=DIRECTION('center_axis',(4.06631717283463E-19,-1.,3.10399664911251E-17));
#5849=DIRECTION('ref_axis',(1.,4.06631717283463E-19,-2.48990115501492E-35));
#5850=DIRECTION('',(0.,3.10399664911251E-17,1.));
#5851=DIRECTION('center_axis',(-4.06631717283463E-19,1.,-3.10399664911251E-17));
#5852=DIRECTION('ref_axis',(0.707106781186548,0.,0.707106781186548));
#5853=DIRECTION('',(-1.,-4.06631717283463E-19,1.26218348787073E-35));
#5854=DIRECTION('',(0.,-6.12323399573677E-17,-1.));
#5855=DIRECTION('',(-1.,-4.06631717283463E-19,2.48990115501492E-35));
#5856=DIRECTION('',(0.,-9.30400939317505E-33,1.));
#5857=DIRECTION('',(-1.,-4.06631717283463E-19,1.26218348787073E-35));
#5858=DIRECTION('center_axis',(-4.06631717283463E-19,1.,-3.10399664911251E-17));
#5859=DIRECTION('ref_axis',(-0.707106781186548,0.,0.707106781186548));
#5860=DIRECTION('',(0.,-3.10399664911251E-17,-1.));
#5861=DIRECTION('center_axis',(-4.06631717283463E-19,1.,-3.10399664911251E-17));
#5862=DIRECTION('ref_axis',(-0.707106781186548,0.,-0.707106781186548));
#5863=DIRECTION('',(1.,4.06631717283469E-19,2.08166817117217E-16));
#5864=DIRECTION('center_axis',(-4.06631717283463E-19,1.,-3.10399664911251E-17));
#5865=DIRECTION('ref_axis',(0.707106781186548,0.,-0.707106781186548));
#5866=DIRECTION('',(2.56996070515083E-16,3.10399664911251E-17,1.));
#5867=DIRECTION('center_axis',(4.06631717283463E-19,-1.,3.10399664911251E-17));
#5868=DIRECTION('ref_axis',(-0.707106781186548,0.,0.707106781186548));
#5869=DIRECTION('',(1.,4.06631717283463E-19,0.));
#5870=DIRECTION('center_axis',(4.06631717283463E-19,-1.,3.10399664911251E-17));
#5871=DIRECTION('ref_axis',(0.707106781186548,0.,0.707106781186548));
#5872=DIRECTION('',(2.56996070515083E-16,-3.10399664911251E-17,-1.));
#5873=DIRECTION('center_axis',(-4.06631717283463E-19,1.,-3.10399664911251E-17));
#5874=DIRECTION('ref_axis',(-0.707106781186548,0.,-0.707106781186548));
#5875=DIRECTION('',(-1.,0.,0.));
#5876=DIRECTION('center_axis',(1.,0.,0.));
#5877=DIRECTION('ref_axis',(0.,0.,-1.));
#5878=DIRECTION('',(0.,3.10399664911251E-17,1.));
#5879=DIRECTION('',(0.,1.,0.));
#5880=DIRECTION('center_axis',(0.,1.,0.));
#5881=DIRECTION('ref_axis',(0.707106781186548,0.,0.707106781186548));
#5882=DIRECTION('center_axis',(-4.06631717283463E-19,-1.,3.10399664911251E-17));
#5883=DIRECTION('ref_axis',(0.707106781186548,0.,0.707106781186548));
#5884=DIRECTION('',(0.,-1.,0.));
#5885=DIRECTION('center_axis',(0.,-1.,-6.12323399573677E-17));
#5886=DIRECTION('ref_axis',(-0.707106781186548,0.,-0.707106781186548));
#5887=DIRECTION('center_axis',(4.06631717283463E-19,1.,3.10399664911251E-17));
#5888=DIRECTION('ref_axis',(-0.707106781186548,0.,-0.707106781186548));
#5889=DIRECTION('',(0.,1.,6.12323399573677E-17));
#5890=DIRECTION('',(0.,-1.,-6.12323399573677E-17));
#5891=DIRECTION('center_axis',(1.,0.,0.));
#5892=DIRECTION('ref_axis',(0.,0.,1.));
#5893=DIRECTION('',(0.,3.10399664911251E-17,-1.));
#5894=DIRECTION('',(0.,-1.,0.));
#5895=DIRECTION('center_axis',(0.,-1.,0.));
#5896=DIRECTION('ref_axis',(-0.707106781186548,0.,0.707106781186548));
#5897=DIRECTION('center_axis',(4.06631717283463E-19,1.,3.10399664911251E-17));
#5898=DIRECTION('ref_axis',(-0.707106781186548,0.,0.707106781186548));
#5899=DIRECTION('',(0.,1.,0.));
#5900=DIRECTION('center_axis',(0.,1.,-6.12323399573677E-17));
#5901=DIRECTION('ref_axis',(-0.707106781186548,0.,-0.707106781186548));
#5902=DIRECTION('center_axis',(-4.06631717283463E-19,-1.,3.10399664911251E-17));
#5903=DIRECTION('ref_axis',(-0.707106781186548,0.,-0.707106781186548));
#5904=DIRECTION('',(0.,-1.,6.12323399573677E-17));
#5905=DIRECTION('',(0.,1.,-6.12323399573677E-17));
#5906=DIRECTION('center_axis',(-1.,0.,0.));
#5907=DIRECTION('ref_axis',(0.,0.,1.));
#5908=DIRECTION('',(0.,-1.,0.));
#5909=DIRECTION('',(0.,-3.10399664911251E-17,-1.));
#5910=DIRECTION('center_axis',(0.,1.,0.));
#5911=DIRECTION('ref_axis',(-0.707106781186548,0.,0.707106781186548));
#5912=DIRECTION('center_axis',(-4.06631717283463E-19,-1.,3.10399664911251E-17));
#5913=DIRECTION('ref_axis',(-0.707106781186548,0.,0.707106781186548));
#5914=DIRECTION('',(0.,1.,0.));
#5915=DIRECTION('center_axis',(1.26218348787073E-35,0.,1.));
#5916=DIRECTION('ref_axis',(1.,0.,-1.26218348787073E-35));
#5917=DIRECTION('',(0.,-1.,0.));
#5918=DIRECTION('',(-1.,-4.06631717283463E-19,1.26218348787073E-35));
#5919=DIRECTION('center_axis',(0.,1.,0.));
#5920=DIRECTION('ref_axis',(-0.707106781186548,0.,0.707106781186548));
#5921=DIRECTION('center_axis',(-4.06631717283463E-19,-1.,-3.10399664911251E-17));
#5922=DIRECTION('ref_axis',(-0.707106781186548,0.,0.707106781186548));
#5923=DIRECTION('',(0.,1.,0.));
#5924=DIRECTION('',(0.,-1.,0.));
#5925=DIRECTION('center_axis',(-1.,0.,2.56996070515083E-16));
#5926=DIRECTION('ref_axis',(2.56996070515083E-16,0.,1.));
#5927=DIRECTION('',(2.56996070515083E-16,-3.10399664911251E-17,1.));
#5928=DIRECTION('',(-1.57364707574872E-32,-1.,-6.12323399573677E-17));
#5929=DIRECTION('center_axis',(0.,1.,0.));
#5930=DIRECTION('ref_axis',(0.707106781186548,0.,0.707106781186548));
#5931=DIRECTION('center_axis',(-4.06631717283463E-19,-1.,-3.10399664911251E-17));
#5932=DIRECTION('ref_axis',(0.707106781186548,0.,0.707106781186548));
#5933=DIRECTION('',(0.,1.,0.));
#5934=DIRECTION('',(0.,-1.,0.));
#5935=DIRECTION('center_axis',(0.,0.,1.));
#5936=DIRECTION('ref_axis',(1.,0.,0.));
#5937=DIRECTION('',(1.,-4.06631717283463E-19,0.));
#5938=DIRECTION('center_axis',(0.,1.,0.));
#5939=DIRECTION('ref_axis',(0.707106781186548,0.,0.707106781186548));
#5940=DIRECTION('',(0.,1.,0.));
#5941=DIRECTION('center_axis',(4.06631717283463E-19,1.,-3.10399664911251E-17));
#5942=DIRECTION('ref_axis',(0.707106781186548,0.,0.707106781186548));
#5943=DIRECTION('',(0.,-1.,0.));
#5944=DIRECTION('center_axis',(0.,0.,1.));
#5945=DIRECTION('ref_axis',(1.,0.,0.));
#5946=DIRECTION('',(0.,-1.,0.));
#5947=DIRECTION('',(-1.,4.06631717283463E-19,0.));
#5948=DIRECTION('center_axis',(0.,1.,0.));
#5949=DIRECTION('ref_axis',(-0.707106781186548,0.,0.707106781186548));
#5950=DIRECTION('',(0.,1.,0.));
#5951=DIRECTION('center_axis',(4.06631717283463E-19,1.,-3.10399664911251E-17));
#5952=DIRECTION('ref_axis',(-0.707106781186548,0.,0.707106781186548));
#5953=DIRECTION('center_axis',(-1.,0.,2.56996070515083E-16));
#5954=DIRECTION('ref_axis',(2.56996070515083E-16,0.,1.));
#5955=DIRECTION('',(1.57364707574872E-32,-1.,6.12323399573677E-17));
#5956=DIRECTION('',(-2.56996070515083E-16,-3.10399664911251E-17,-1.));
#5957=DIRECTION('center_axis',(-1.57364707574872E-32,-1.,-6.12323399573677E-17));
#5958=DIRECTION('ref_axis',(0.707106781186548,0.,-0.707106781186548));
#5959=DIRECTION('center_axis',(4.06631717283463E-19,1.,3.10399664911251E-17));
#5960=DIRECTION('ref_axis',(0.707106781186548,0.,-0.707106781186548));
#5961=DIRECTION('',(1.57364707574872E-32,1.,6.12323399573677E-17));
#5962=DIRECTION('center_axis',(-1.57364707574872E-32,1.,6.12323399573677E-17));
#5963=DIRECTION('ref_axis',(-0.707106781186548,0.,-0.707106781186548));
#5964=DIRECTION('',(1.57364707574872E-32,-1.,-6.12323399573677E-17));
#5965=DIRECTION('center_axis',(4.06631717283463E-19,1.,3.10399664911251E-17));
#5966=DIRECTION('ref_axis',(-0.707106781186548,0.,-0.707106781186548));
#5967=DIRECTION('',(-1.57364707574872E-32,1.,6.12323399573677E-17));
#5968=DIRECTION('center_axis',(0.,6.12323399573677E-17,-1.));
#5969=DIRECTION('ref_axis',(0.,1.,6.12323399573677E-17));
#5970=DIRECTION('',(1.,-4.06631717283469E-19,2.08166817117217E-16));
#5971=DIRECTION('center_axis',(1.57364707574872E-32,1.,-6.12323399573677E-17));
#5972=DIRECTION('ref_axis',(-0.707106781186548,0.,-0.707106781186548));
#5973=DIRECTION('center_axis',(-4.06631717283463E-19,-1.,3.10399664911251E-17));
#5974=DIRECTION('ref_axis',(-0.707106781186548,0.,-0.707106781186548));
#5975=DIRECTION('',(-1.57364707574872E-32,-1.,6.12323399573677E-17));
#5976=DIRECTION('',(1.57364707574872E-32,1.,-6.12323399573677E-17));
#5977=DIRECTION('center_axis',(1.,0.,2.56996070515083E-16));
#5978=DIRECTION('ref_axis',(2.56996070515083E-16,0.,-1.));
#5979=DIRECTION('',(-2.56996070515083E-16,3.10399664911251E-17,1.));
#5980=DIRECTION('center_axis',(1.57364707574872E-32,-1.,6.12323399573677E-17));
#5981=DIRECTION('ref_axis',(0.707106781186548,0.,-0.707106781186548));
#5982=DIRECTION('',(-1.57364707574872E-32,1.,-6.12323399573677E-17));
#5983=DIRECTION('center_axis',(-4.06631717283463E-19,-1.,3.10399664911251E-17));
#5984=DIRECTION('ref_axis',(0.707106781186548,0.,-0.707106781186548));
#5985=DIRECTION('center_axis',(0.,-6.12323399573677E-17,-1.));
#5986=DIRECTION('ref_axis',(0.,1.,-6.12323399573677E-17));
#5987=DIRECTION('',(1.,4.06631717283469E-19,2.08166817117217E-16));
#5988=DIRECTION('center_axis',(-1.26218348787073E-35,0.,-1.));
#5989=DIRECTION('ref_axis',(1.,0.,-1.26218348787073E-35));
#5990=DIRECTION('',(-1.,4.06631717283463E-19,1.26218348787073E-35));
#5991=DIRECTION('',(0.,-1.,0.));
#5992=DIRECTION('center_axis',(1.,0.,0.));
#5993=DIRECTION('ref_axis',(0.,-1.,-6.12323399573677E-17));
#5994=DIRECTION('',(0.,-1.,-6.12323399573677E-17));
#5995=DIRECTION('',(0.,9.30400939317505E-33,1.));
#5996=DIRECTION('center_axis',(-1.,0.,0.));
#5997=DIRECTION('ref_axis',(0.,1.,6.12323399573677E-17));
#5998=DIRECTION('',(0.,9.30400939317505E-33,1.));
#5999=DIRECTION('',(0.,1.,6.12323399573677E-17));
#6000=DIRECTION('center_axis',(1.26218348787073E-35,0.,1.));
#6001=DIRECTION('ref_axis',(1.,0.,-1.26218348787073E-35));
#6002=DIRECTION('',(-1.,-4.06631717283463E-19,1.26218348787073E-35));
#6003=DIRECTION('',(0.,1.,0.));
#6004=DIRECTION('center_axis',(1.,0.,0.));
#6005=DIRECTION('ref_axis',(0.,1.,-6.12323399573677E-17));
#6006=DIRECTION('',(0.,-9.30400939317505E-33,1.));
#6007=DIRECTION('',(0.,-1.,6.12323399573677E-17));
#6008=DIRECTION('center_axis',(-1.,0.,0.));
#6009=DIRECTION('ref_axis',(0.,-1.,6.12323399573677E-17));
#6010=DIRECTION('',(0.,1.,-6.12323399573677E-17));
#6011=DIRECTION('',(0.,-9.30400939317505E-33,1.));
#6012=DIRECTION('center_axis',(1.,0.,2.56996070515083E-16));
#6013=DIRECTION('ref_axis',(2.56996070515083E-16,0.,-1.));
#6014=DIRECTION('',(2.56996070515083E-16,3.10399664911251E-17,-1.));
#6015=DIRECTION('center_axis',(0.,-6.12323399573677E-17,-1.));
#6016=DIRECTION('ref_axis',(0.,1.,-6.12323399573677E-17));
#6017=DIRECTION('',(-1.,0.,0.));
#6018=DIRECTION('center_axis',(0.,6.12323399573677E-17,-1.));
#6019=DIRECTION('ref_axis',(0.,1.,6.12323399573677E-17));
#6020=DIRECTION('',(1.,0.,0.));
#6021=DIRECTION('center_axis',(4.06631717283463E-19,1.,3.10399664911251E-17));
#6022=DIRECTION('ref_axis',(1.,-4.06631717283463E-19,-2.48990115501492E-35));
#6023=DIRECTION('',(-1.,4.06631717283463E-19,2.48990115501492E-35));
#6024=DIRECTION('center_axis',(1.,0.,0.));
#6025=DIRECTION('ref_axis',(0.,0.,1.));
#6026=DIRECTION('center_axis',(1.,0.,0.));
#6027=DIRECTION('ref_axis',(0.,0.,1.));
#6028=DIRECTION('',(-1.,0.,0.));
#6029=DIRECTION('center_axis',(-1.,0.,0.));
#6030=DIRECTION('ref_axis',(0.,-1.,6.93889390390722E-17));
#6031=DIRECTION('center_axis',(-4.06631717283463E-19,-1.,3.10399664911251E-17));
#6032=DIRECTION('ref_axis',(1.,-4.06631717283463E-19,2.48990115501492E-35));
#6033=DIRECTION('',(1.,-4.06631717283463E-19,2.48990115501492E-35));
#6034=DIRECTION('center_axis',(1.,0.,0.));
#6035=DIRECTION('ref_axis',(0.,0.,-1.));
#6036=DIRECTION('center_axis',(-1.,0.,0.));
#6037=DIRECTION('ref_axis',(0.,-1.,1.15648231731787E-16));
#6038=DIRECTION('',(0.,0.,1.));
#6039=DIRECTION('center_axis',(-1.,0.,0.));
#6040=DIRECTION('ref_axis',(0.,0.,1.));
#6041=DIRECTION('',(0.,0.,-1.));
#6042=DIRECTION('center_axis',(-1.,0.,0.));
#6043=DIRECTION('ref_axis',(0.,-1.,1.15648231731787E-16));
#6044=DIRECTION('center_axis',(1.,0.,0.));
#6045=DIRECTION('ref_axis',(0.,0.,1.));
#6046=DIRECTION('',(1.,0.,0.));
#6047=DIRECTION('center_axis',(-1.,0.,0.));
#6048=DIRECTION('ref_axis',(0.,0.,1.));
#6049=DIRECTION('center_axis',(-1.,0.,0.));
#6050=DIRECTION('ref_axis',(0.,0.,1.));
#6051=DIRECTION('',(1.,0.,0.));
#6052=DIRECTION('center_axis',(1.,0.,0.));
#6053=DIRECTION('ref_axis',(0.,1.,6.93889390390722E-17));
#6054=DIRECTION('center_axis',(-1.,0.,0.));
#6055=DIRECTION('ref_axis',(0.,0.,1.));
#6056=DIRECTION('center_axis',(1.,0.,0.));
#6057=DIRECTION('ref_axis',(0.,1.,1.15648231731787E-16));
#6058=DIRECTION('',(0.,0.,1.));
#6059=DIRECTION('center_axis',(1.,0.,0.));
#6060=DIRECTION('ref_axis',(0.,0.,-1.));
#6061=DIRECTION('',(0.,0.,-1.));
#6062=DIRECTION('center_axis',(1.,0.,0.));
#6063=DIRECTION('ref_axis',(0.,1.,1.15648231731787E-16));
#6064=DIRECTION('center_axis',(-1.,0.,0.));
#6065=DIRECTION('ref_axis',(0.,0.,1.));
#6066=DIRECTION('',(-1.,0.,0.));
#6067=DIRECTION('center_axis',(-1.,0.,0.));
#6068=DIRECTION('ref_axis',(0.,0.,1.));
#6069=DIRECTION('',(0.,1.,0.));
#6070=DIRECTION('',(0.,0.,1.));
#6071=DIRECTION('',(0.,-1.,0.));
#6072=DIRECTION('center_axis',(1.,0.,0.));
#6073=DIRECTION('ref_axis',(0.,0.,-1.));
#6074=DIRECTION('',(0.,-1.,0.));
#6075=DIRECTION('',(0.,0.,1.));
#6076=DIRECTION('',(0.,1.,0.));
#6077=DIRECTION('',(0.,0.,1.));
#6078=DIRECTION('center_axis',(0.,-1.,0.));
#6079=DIRECTION('ref_axis',(0.,0.,-1.));
#6080=DIRECTION('',(-1.,0.,0.));
#6081=DIRECTION('',(1.,0.,0.));
#6082=DIRECTION('center_axis',(0.,0.,1.));
#6083=DIRECTION('ref_axis',(1.,0.,0.));
#6084=DIRECTION('',(0.,-1.,0.));
#6085=DIRECTION('',(-1.,0.,0.));
#6086=DIRECTION('',(0.,1.,0.));
#6087=DIRECTION('',(1.,0.,0.));
#6088=DIRECTION('',(0.,1.,0.));
#6089=DIRECTION('',(1.,0.,0.));
#6090=DIRECTION('center_axis',(0.,0.,-1.));
#6091=DIRECTION('ref_axis',(-7.40148683083437E-15,-1.,0.));
#6092=DIRECTION('',(-1.,0.,0.));
#6093=DIRECTION('',(0.,-1.,0.));
#6094=DIRECTION('',(1.,0.,0.));
#6095=DIRECTION('center_axis',(0.,0.,-1.));
#6096=DIRECTION('ref_axis',(-7.40148683083437E-15,1.,0.));
#6097=DIRECTION('',(-1.,0.,0.));
#6098=DIRECTION('',(0.,1.,0.));
#6099=DIRECTION('',(-1.,0.,0.));
#6100=DIRECTION('',(0.,1.,0.));
#6101=DIRECTION('',(1.,0.,0.));
#6102=DIRECTION('',(0.,-1.,0.));
#6103=DIRECTION('',(0.,1.,0.));
#6104=DIRECTION('',(1.,0.,0.));
#6105=DIRECTION('',(0.,-1.,0.));
#6106=DIRECTION('',(-1.,0.,0.));
#6107=DIRECTION('',(1.09923071745065E-16,-1.,0.));
#6108=DIRECTION('',(-1.,0.,0.));
#6109=DIRECTION('center_axis',(0.,0.,-1.));
#6110=DIRECTION('ref_axis',(7.40148683083438E-15,1.,0.));
#6111=DIRECTION('',(1.,-1.32169407693471E-16,0.));
#6112=DIRECTION('',(0.,1.,0.));
#6113=DIRECTION('',(-1.,1.32169407693471E-16,0.));
#6114=DIRECTION('center_axis',(0.,0.,-1.));
#6115=DIRECTION('ref_axis',(7.40148683083439E-15,-1.,0.));
#6116=DIRECTION('',(1.,0.,0.));
#6117=DIRECTION('',(1.09923071745065E-16,-1.,0.));
#6118=DIRECTION('',(1.,0.,0.));
#6119=DIRECTION('center_axis',(0.,0.,-1.));
#6120=DIRECTION('ref_axis',(-1.,0.,0.));
#6121=DIRECTION('center_axis',(-1.,0.,0.));
#6122=DIRECTION('ref_axis',(0.,0.,1.));
#6123=DIRECTION('',(0.,0.,1.));
#6124=DIRECTION('',(0.,-1.,0.));
#6125=DIRECTION('',(0.,0.,-1.));
#6126=DIRECTION('center_axis',(1.,0.,0.));
#6127=DIRECTION('ref_axis',(0.,0.,-1.));
#6128=DIRECTION('',(0.,1.,0.));
#6129=DIRECTION('',(0.,0.,1.));
#6130=DIRECTION('center_axis',(0.,-1.,0.));
#6131=DIRECTION('ref_axis',(0.,0.,-1.));
#6132=DIRECTION('',(1.,0.,0.));
#6133=DIRECTION('center_axis',(0.,1.,0.));
#6134=DIRECTION('ref_axis',(0.,0.,1.));
#6135=DIRECTION('',(-1.,0.,0.));
#6136=DIRECTION('',(0.,0.,1.));
#6137=DIRECTION('center_axis',(1.,0.,0.));
#6138=DIRECTION('ref_axis',(0.,0.,-1.));
#6139=DIRECTION('',(0.,0.,1.));
#6140=DIRECTION('',(0.,1.,0.));
#6141=DIRECTION('center_axis',(-1.,0.,0.));
#6142=DIRECTION('ref_axis',(0.,0.,1.));
#6143=DIRECTION('',(0.,0.,1.));
#6144=DIRECTION('',(0.,-1.,0.));
#6145=DIRECTION('',(0.,0.,1.));
#6146=DIRECTION('center_axis',(0.,1.,0.));
#6147=DIRECTION('ref_axis',(0.,0.,1.));
#6148=DIRECTION('',(-1.,0.,0.));
#6149=DIRECTION('center_axis',(1.,0.,0.));
#6150=DIRECTION('ref_axis',(0.,0.,-1.));
#6151=DIRECTION('',(0.,0.,1.));
#6152=DIRECTION('',(0.,1.,0.));
#6153=DIRECTION('',(0.,0.,-1.));
#6154=DIRECTION('center_axis',(-1.,0.,0.));
#6155=DIRECTION('ref_axis',(0.,0.,1.));
#6156=DIRECTION('',(0.,-1.,0.));
#6157=DIRECTION('',(0.,0.,1.));
#6158=DIRECTION('center_axis',(0.,1.,0.));
#6159=DIRECTION('ref_axis',(0.,0.,1.));
#6160=DIRECTION('',(-1.,0.,0.));
#6161=DIRECTION('center_axis',(0.,-1.,0.));
#6162=DIRECTION('ref_axis',(0.,0.,-1.));
#6163=DIRECTION('',(1.,0.,0.));
#6164=DIRECTION('',(0.,0.,1.));
#6165=DIRECTION('center_axis',(0.,-1.,0.));
#6166=DIRECTION('ref_axis',(0.,0.,1.));
#6167=DIRECTION('',(-1.76207077489501E-18,1.,3.23796218920936E-33));
#6168=DIRECTION('center_axis',(0.,-1.,0.));
#6169=DIRECTION('ref_axis',(0.,0.,1.));
#6170=DIRECTION('center_axis',(0.,1.,0.));
#6171=DIRECTION('ref_axis',(-1.,0.,1.82724206136224E-15));
#6172=DIRECTION('center_axis',(0.,1.,0.));
#6173=DIRECTION('ref_axis',(-1.,0.,1.83758917935762E-15));
#6174=DIRECTION('',(1.,0.,-1.83758917935762E-15));
#6175=DIRECTION('',(1.77635683940025E-15,0.,1.));
#6176=DIRECTION('',(-1.,0.,1.83758917935762E-15));
#6177=DIRECTION('',(1.77635683940025E-15,0.,1.));
#6178=DIRECTION('center_axis',(-1.,1.76207077489501E-18,1.77274387868485E-15));
#6179=DIRECTION('ref_axis',(1.77274387868485E-15,0.,1.));
#6180=DIRECTION('',(-1.76207077489501E-18,-1.,3.23796218920936E-33));
#6181=DIRECTION('',(1.77635683940025E-15,0.,1.));
#6182=DIRECTION('',(0.,1.,0.));
#6183=DIRECTION('center_axis',(0.,-1.,0.));
#6184=DIRECTION('ref_axis',(0.,0.,-1.));
#6185=DIRECTION('',(-1.,0.,1.83758917935762E-15));
#6186=DIRECTION('center_axis',(0.,1.,0.));
#6187=DIRECTION('ref_axis',(-1.,0.,1.85037170770859E-15));
#6188=DIRECTION('',(0.,0.,1.));
#6189=DIRECTION('center_axis',(0.,1.,0.));
#6190=DIRECTION('ref_axis',(0.,0.,1.));
#6191=DIRECTION('',(0.,0.,1.));
#6192=DIRECTION('center_axis',(0.,1.,0.));
#6193=DIRECTION('ref_axis',(-1.,0.,1.85037170770859E-15));
#6194=DIRECTION('center_axis',(0.,-1.,0.));
#6195=DIRECTION('ref_axis',(1.,0.,-1.83758917935762E-15));
#6196=DIRECTION('',(-1.83758917935762E-15,0.,-1.));
#6197=DIRECTION('',(-1.,0.,1.83758917935762E-15));
#6198=DIRECTION('center_axis',(-1.83758917935762E-15,0.,-1.));
#6199=DIRECTION('ref_axis',(-1.,0.,1.83758917935762E-15));
#6200=DIRECTION('',(0.,1.,0.));
#6201=DIRECTION('center_axis',(-1.,-1.76207077489501E-18,1.77274387868485E-15));
#6202=DIRECTION('ref_axis',(1.77274387868485E-15,0.,1.));
#6203=DIRECTION('center_axis',(0.,-1.,0.));
#6204=DIRECTION('ref_axis',(0.,0.,1.));
#6205=DIRECTION('',(0.,1.,0.));
#6206=DIRECTION('center_axis',(-1.09923071745065E-16,1.,0.));
#6207=DIRECTION('ref_axis',(0.,0.,1.));
#6208=DIRECTION('',(1.04148238528893E-16,-1.,-1.06117710306332E-32));
#6209=DIRECTION('center_axis',(-1.09923071745065E-16,1.,0.));
#6210=DIRECTION('ref_axis',(0.,0.,1.));
#6211=DIRECTION('center_axis',(1.09923071745065E-16,-1.,0.));
#6212=DIRECTION('ref_axis',(1.,1.85037170770859E-16,1.82724206136224E-15));
#6213=DIRECTION('center_axis',(1.09923071745065E-16,-1.,1.23259516440783E-32));
#6214=DIRECTION('ref_axis',(-1.,-1.09923071745065E-16,-1.83758917935762E-15));
#6215=DIRECTION('',(-1.,-1.09923071745065E-16,-1.83758917935762E-15));
#6216=DIRECTION('',(-1.77635683940025E-15,-1.79349340965249E-31,1.));
#6217=DIRECTION('',(1.,1.09923071745065E-16,1.83758917935762E-15));
#6218=DIRECTION('',(-1.77635683940025E-15,-1.79349340965249E-31,1.));
#6219=DIRECTION('center_axis',(1.,1.01241875994764E-16,1.78131803355897E-15));
#6220=DIRECTION('ref_axis',(1.78131803355897E-15,-1.09923071745065E-16,
-1.));
#6221=DIRECTION('',(-1.01241875994764E-16,1.,1.59524713746386E-32));
#6222=DIRECTION('',(-1.77635683940025E-15,-1.79349340965249E-31,1.));
#6223=DIRECTION('',(1.09923071745065E-16,-1.,1.09923071745065E-16));
#6224=DIRECTION('center_axis',(-1.09923071745065E-16,1.,0.));
#6225=DIRECTION('ref_axis',(0.,0.,1.));
#6226=DIRECTION('',(1.,1.09923071745065E-16,1.83758917935762E-15));
#6227=DIRECTION('center_axis',(1.09923071745065E-16,-1.,0.));
#6228=DIRECTION('ref_axis',(1.,0.,1.85037170770859E-15));
#6229=DIRECTION('',(0.,0.,1.));
#6230=DIRECTION('center_axis',(1.09923071745065E-16,-1.,0.));
#6231=DIRECTION('ref_axis',(0.,0.,-1.));
#6232=DIRECTION('',(0.,0.,1.));
#6233=DIRECTION('center_axis',(1.09923071745065E-16,-1.,0.));
#6234=DIRECTION('ref_axis',(1.,0.,1.85037170770859E-15));
#6235=DIRECTION('center_axis',(-1.09923071745065E-16,1.,0.));
#6236=DIRECTION('ref_axis',(1.,1.09923071745065E-16,1.83758917935762E-15));
#6237=DIRECTION('',(1.83758917935762E-15,1.97215226305253E-31,-1.));
#6238=DIRECTION('',(1.,1.09923071745065E-16,1.83758917935762E-15));
#6239=DIRECTION('center_axis',(1.83758917935762E-15,-1.09923071745065E-16,
-1.));
#6240=DIRECTION('ref_axis',(-1.,-1.09923071745065E-16,-1.83758917935762E-15));
#6241=DIRECTION('',(1.09923071745065E-16,-1.,1.09923071745065E-16));
#6242=DIRECTION('center_axis',(1.,1.04148238528893E-16,1.78157010090324E-15));
#6243=DIRECTION('ref_axis',(1.78157010090324E-15,-1.09923071745065E-16,
-1.));
#6244=DIRECTION('center_axis',(-1.09923071745065E-16,1.,0.));
#6245=DIRECTION('ref_axis',(0.,0.,1.));
#6246=DIRECTION('',(0.,-1.,0.));
#6247=DIRECTION('center_axis',(1.32169407693471E-16,1.,0.));
#6248=DIRECTION('ref_axis',(0.,0.,1.));
#6249=DIRECTION('',(0.,0.,1.));
#6250=DIRECTION('',(-1.,1.32169407693471E-16,0.));
#6251=DIRECTION('center_axis',(0.,-1.,0.));
#6252=DIRECTION('ref_axis',(0.,0.,-1.));
#6253=DIRECTION('',(0.,0.,1.));
#6254=DIRECTION('',(1.,0.,0.));
#6255=DIRECTION('',(0.,0.,1.));
#6256=DIRECTION('center_axis',(0.,0.,1.));
#6257=DIRECTION('ref_axis',(7.40148683083438E-15,1.,0.));
#6258=DIRECTION('center_axis',(0.,0.,1.));
#6259=DIRECTION('ref_axis',(7.40148683083438E-15,1.,0.));
#6260=DIRECTION('center_axis',(-1.32169407693471E-16,-1.,0.));
#6261=DIRECTION('ref_axis',(0.,0.,-1.));
#6262=DIRECTION('',(1.,-1.32169407693471E-16,0.));
#6263=DIRECTION('',(0.,0.,1.));
#6264=DIRECTION('center_axis',(0.,0.,1.));
#6265=DIRECTION('ref_axis',(7.40148683083439E-15,-1.,0.));
#6266=DIRECTION('center_axis',(0.,0.,1.));
#6267=DIRECTION('ref_axis',(7.40148683083439E-15,-1.,0.));
#6268=DIRECTION('',(0.,0.,1.));
#6269=DIRECTION('center_axis',(0.,1.,0.));
#6270=DIRECTION('ref_axis',(0.,0.,1.));
#6271=DIRECTION('',(-1.,0.,0.));
#6272=DIRECTION('',(0.,0.,-1.));
#6273=DIRECTION('center_axis',(1.,1.09923071745065E-16,0.));
#6274=DIRECTION('ref_axis',(0.,0.,-1.));
#6275=DIRECTION('',(-1.09923071745065E-16,1.,0.));
#6276=DIRECTION('',(0.,0.,1.));
#6277=DIRECTION('center_axis',(0.,0.,1.));
#6278=DIRECTION('ref_axis',(1.,0.,0.));
#6279=DIRECTION('',(-1.,0.,0.));
#6280=DIRECTION('',(-1.09923071745065E-16,1.,0.));
#6281=DIRECTION('',(1.,0.,0.));
#6282=DIRECTION('',(0.,-1.,0.));
#6283=DIRECTION('',(1.,0.,0.));
#6284=DIRECTION('center_axis',(0.,0.,1.));
#6285=DIRECTION('ref_axis',(-7.40148683083437E-15,1.,0.));
#6286=DIRECTION('',(-1.,0.,0.));
#6287=DIRECTION('',(1.,0.,0.));
#6288=DIRECTION('center_axis',(0.,0.,1.));
#6289=DIRECTION('ref_axis',(-7.40148683083437E-15,-1.,0.));
#6290=DIRECTION('',(-1.,0.,0.));
#6291=DIRECTION('',(0.,-1.,0.));
#6292=DIRECTION('center_axis',(0.,0.,1.));
#6293=DIRECTION('ref_axis',(-1.,0.,0.));
#6294=DIRECTION('center_axis',(0.,-1.,0.));
#6295=DIRECTION('ref_axis',(0.,0.,-1.));
#6296=DIRECTION('',(0.,0.,1.));
#6297=DIRECTION('center_axis',(0.,1.,0.));
#6298=DIRECTION('ref_axis',(0.,0.,1.));
#6299=DIRECTION('',(0.,0.,1.));
#6300=DIRECTION('',(0.,0.,1.));
#6301=DIRECTION('center_axis',(0.,0.,1.));
#6302=DIRECTION('ref_axis',(-7.40148683083437E-15,-1.,0.));
#6303=DIRECTION('center_axis',(0.,1.,0.));
#6304=DIRECTION('ref_axis',(0.,0.,1.));
#6305=DIRECTION('',(0.,0.,1.));
#6306=DIRECTION('center_axis',(0.,0.,1.));
#6307=DIRECTION('ref_axis',(-7.40148683083437E-15,1.,0.));
#6308=DIRECTION('',(0.,0.,1.));
#6309=DIRECTION('center_axis',(0.,-1.,0.));
#6310=DIRECTION('ref_axis',(0.,0.,-1.));
#6311=DIRECTION('',(0.,0.,-1.));
#6312=DIRECTION('center_axis',(-1.,0.,0.));
#6313=DIRECTION('ref_axis',(0.,0.,1.));
#6314=DIRECTION('',(0.,0.,1.));
#6315=DIRECTION('center_axis',(1.,1.09923071745065E-16,0.));
#6316=DIRECTION('ref_axis',(0.,0.,-1.));
#6317=DIRECTION('center_axis',(-1.,0.,0.));
#6318=DIRECTION('ref_axis',(0.,0.,1.));
#6319=DIRECTION('center_axis',(0.,0.,1.));
#6320=DIRECTION('ref_axis',(-1.,0.,0.));
#6321=DIRECTION('',(0.,0.,1.));
#6322=DIRECTION('center_axis',(0.,1.,0.));
#6323=DIRECTION('ref_axis',(0.,0.,1.));
#6324=DIRECTION('center_axis',(0.,-1.,0.));
#6325=DIRECTION('ref_axis',(0.,0.,-1.));
#6326=DIRECTION('axis',(0.,0.,1.));
#6327=DIRECTION('refdir',(1.,0.,0.));
#6328=DIRECTION('center_axis',(-1.,0.,0.));
#6329=DIRECTION('ref_axis',(0.,0.,1.));
#6330=DIRECTION('',(0.,1.,0.));
#6331=DIRECTION('',(0.,0.,1.));
#6332=DIRECTION('',(0.,-1.,0.));
#6333=DIRECTION('',(0.,0.,1.));
#6334=DIRECTION('center_axis',(4.95635278850516E-17,1.,0.));
#6335=DIRECTION('ref_axis',(0.,0.,1.));
#6336=DIRECTION('',(1.,-4.95635278850516E-17,0.));
#6337=DIRECTION('',(0.,0.,1.));
#6338=DIRECTION('',(-1.,4.95635278850516E-17,0.));
#6339=DIRECTION('center_axis',(1.,0.,0.));
#6340=DIRECTION('ref_axis',(0.,0.,-1.));
#6341=DIRECTION('',(0.,-1.,0.));
#6342=DIRECTION('',(0.,0.,1.));
#6343=DIRECTION('',(0.,1.,0.));
#6344=DIRECTION('center_axis',(0.,-1.,0.));
#6345=DIRECTION('ref_axis',(0.,0.,-1.));
#6346=DIRECTION('',(-1.,0.,0.));
#6347=DIRECTION('',(1.,0.,0.));
#6348=DIRECTION('center_axis',(0.,0.,1.));
#6349=DIRECTION('ref_axis',(1.,0.,0.));
#6350=DIRECTION('center_axis',(0.,0.,1.));
#6351=DIRECTION('ref_axis',(1.,0.,0.));
#6352=DIRECTION('',(0.,0.,1.));
#6353=DIRECTION('',(1.,0.,0.));
#6354=DIRECTION('',(0.,0.,1.));
#6355=DIRECTION('',(1.,0.,0.));
#6356=DIRECTION('',(0.,0.,1.));
#6357=DIRECTION('',(-1.,0.,0.));
#6358=DIRECTION('',(-2.8790357569302E-16,-8.41150470016586E-32,1.));
#6359=DIRECTION('',(4.95635278850522E-17,-1.,-6.98455300995914E-32));
#6360=DIRECTION('',(-6.96271791228046E-48,2.39479718024261E-47,1.));
#6361=DIRECTION('',(-4.95635278850517E-17,1.,-2.39479718024261E-47));
#6362=CARTESIAN_POINT('',(0.,0.,0.));
#6363=CARTESIAN_POINT('',(0.,0.,0.));
#6364=CARTESIAN_POINT('Origin',(0.45,-1.44,0.01));
#6365=CARTESIAN_POINT('',(-0.9,-1.44,0.));
#6366=CARTESIAN_POINT('',(0.9,-1.44,0.));
#6367=CARTESIAN_POINT('',(0.45,-1.44,0.));
#6368=CARTESIAN_POINT('',(0.89,-1.45,0.01));
#6369=CARTESIAN_POINT('Origin',(0.89,-1.44,0.01));
#6370=CARTESIAN_POINT('',(-0.89,-1.45,0.01));
#6371=CARTESIAN_POINT('',(0.45,-1.45,0.01));
#6372=CARTESIAN_POINT('Origin',(-0.89,-1.44,0.01));
#6373=CARTESIAN_POINT('Origin',(-0.89,-1.44,0.84));
#6374=CARTESIAN_POINT('',(-0.89,-1.45,0.84));
#6375=CARTESIAN_POINT('',(-0.9,-1.44,0.84));
#6376=CARTESIAN_POINT('Origin',(-0.89,-1.44,0.84));
#6377=CARTESIAN_POINT('',(-0.89,-1.44,0.85));
#6378=CARTESIAN_POINT('Origin',(-0.89,-1.44,0.84));
#6379=CARTESIAN_POINT('Origin',(-0.89,-1.44,0.84));
#6380=CARTESIAN_POINT('Origin',(0.89,-1.44,0.84));
#6381=CARTESIAN_POINT('',(0.9,-1.44,0.84));
#6382=CARTESIAN_POINT('',(0.89,-1.45,0.84));
#6383=CARTESIAN_POINT('Origin',(0.89,-1.44,0.84));
#6384=CARTESIAN_POINT('',(0.89,-1.44,0.85));
#6385=CARTESIAN_POINT('Origin',(0.89,-1.44,0.84));
#6386=CARTESIAN_POINT('Origin',(0.89,-1.44,0.84));
#6387=CARTESIAN_POINT('Origin',(0.89,-1.225,0.84));
#6388=CARTESIAN_POINT('',(0.9,-1.2,0.84));
#6389=CARTESIAN_POINT('',(0.89,-1.2,0.85));
#6390=CARTESIAN_POINT('Origin',(0.89,-1.2,0.84));
#6391=CARTESIAN_POINT('',(0.89,-1.225,0.85));
#6392=CARTESIAN_POINT('',(0.9,-1.225,0.84));
#6393=CARTESIAN_POINT('Origin',(0.45,-1.44,0.84));
#6394=CARTESIAN_POINT('',(0.45,-1.45,0.84));
#6395=CARTESIAN_POINT('',(0.45,-1.44,0.85));
#6396=CARTESIAN_POINT('Origin',(0.89,-1.44,0.));
#6397=CARTESIAN_POINT('',(0.9,-1.44,0.));
#6398=CARTESIAN_POINT('',(0.89,-1.45,0.));
#6399=CARTESIAN_POINT('Origin',(-0.89,-1.35,0.84));
#6400=CARTESIAN_POINT('',(-0.89,-1.2,0.85));
#6401=CARTESIAN_POINT('',(-0.9,-1.2,0.84));
#6402=CARTESIAN_POINT('Origin',(-0.89,-1.2,0.84));
#6403=CARTESIAN_POINT('',(-0.9,-1.35,0.84));
#6404=CARTESIAN_POINT('',(-0.89,-1.35,0.85));
#6405=CARTESIAN_POINT('Origin',(-0.89,-1.44,0.));
#6406=CARTESIAN_POINT('',(-0.89,-1.45,0.));
#6407=CARTESIAN_POINT('',(-0.9,-1.44,0.));
#6408=CARTESIAN_POINT('Origin',(0.9,-1.2,0.));
#6409=CARTESIAN_POINT('',(0.9,-1.2,0.));
#6410=CARTESIAN_POINT('',(0.9,-1.45,0.));
#6411=CARTESIAN_POINT('',(0.9,-1.2,0.));
#6412=CARTESIAN_POINT('Origin',(-4.33680868994202E-17,-2.60208521396521E-17,
0.));
#6413=CARTESIAN_POINT('',(-0.9,-1.2,0.));
#6414=CARTESIAN_POINT('',(-0.9,-1.2,0.));
#6415=CARTESIAN_POINT('',(-1.1,-1.2,0.));
#6416=CARTESIAN_POINT('',(-1.95,-1.2,0.));
#6417=CARTESIAN_POINT('',(-1.67,-0.95,0.));
#6418=CARTESIAN_POINT('',(-0.859434692823955,-1.30551109963862,0.));
#6419=CARTESIAN_POINT('',(-1.94,-0.95,0.));
#6420=CARTESIAN_POINT('',(-0.835,-0.95,0.));
#6421=CARTESIAN_POINT('',(-1.95,-0.94,0.));
#6422=CARTESIAN_POINT('Origin',(-1.94,-0.94,0.));
#6423=CARTESIAN_POINT('',(-1.95,-0.7,0.));
#6424=CARTESIAN_POINT('',(-1.95,1.45,0.));
#6425=CARTESIAN_POINT('',(-1.67,-0.7,0.));
#6426=CARTESIAN_POINT('',(-0.835,-0.7,0.));
#6427=CARTESIAN_POINT('',(-1.67,0.7,0.));
#6428=CARTESIAN_POINT('',(-1.67,0.35,0.));
#6429=CARTESIAN_POINT('',(-1.95,0.7,0.));
#6430=CARTESIAN_POINT('',(-0.975,0.7,0.));
#6431=CARTESIAN_POINT('',(-1.95,0.94,0.));
#6432=CARTESIAN_POINT('',(-1.95,1.45,0.));
#6433=CARTESIAN_POINT('',(-1.94,0.95,0.));
#6434=CARTESIAN_POINT('Origin',(-1.94,0.94,0.));
#6435=CARTESIAN_POINT('',(-1.67,0.95,0.));
#6436=CARTESIAN_POINT('',(-0.835,0.95,0.));
#6437=CARTESIAN_POINT('',(-1.1,1.2,0.));
#6438=CARTESIAN_POINT('',(-0.859434692823955,1.30551109963862,0.));
#6439=CARTESIAN_POINT('',(-0.9,1.2,0.));
#6440=CARTESIAN_POINT('',(-0.9,1.2,0.));
#6441=CARTESIAN_POINT('',(-0.9,1.44,0.));
#6442=CARTESIAN_POINT('',(-0.9,1.45,0.));
#6443=CARTESIAN_POINT('',(0.9,1.44,0.));
#6444=CARTESIAN_POINT('',(-0.45,1.44,0.));
#6445=CARTESIAN_POINT('',(0.9,1.2,0.));
#6446=CARTESIAN_POINT('',(0.9,1.2,0.));
#6447=CARTESIAN_POINT('',(1.1,1.2,0.));
#6448=CARTESIAN_POINT('',(1.95,1.2,0.));
#6449=CARTESIAN_POINT('',(1.67,0.95,0.));
#6450=CARTESIAN_POINT('',(0.859434692823955,1.30551109963862,0.));
#6451=CARTESIAN_POINT('',(1.94,0.95,0.));
#6452=CARTESIAN_POINT('',(0.835,0.95,0.));
#6453=CARTESIAN_POINT('',(1.95,0.94,0.));
#6454=CARTESIAN_POINT('Origin',(1.94,0.94,0.));
#6455=CARTESIAN_POINT('',(1.95,0.7,0.));
#6456=CARTESIAN_POINT('',(1.95,-1.45,0.));
#6457=CARTESIAN_POINT('',(1.67,0.7,0.));
#6458=CARTESIAN_POINT('',(0.835,0.7,0.));
#6459=CARTESIAN_POINT('',(1.67,-0.7,0.));
#6460=CARTESIAN_POINT('',(1.67,-0.35,0.));
#6461=CARTESIAN_POINT('',(1.95,-0.7,0.));
#6462=CARTESIAN_POINT('',(0.975,-0.7,0.));
#6463=CARTESIAN_POINT('',(1.95,-0.94,0.));
#6464=CARTESIAN_POINT('',(1.95,-1.45,0.));
#6465=CARTESIAN_POINT('',(1.94,-0.95,0.));
#6466=CARTESIAN_POINT('Origin',(1.94,-0.94,0.));
#6467=CARTESIAN_POINT('',(1.67,-0.95,0.));
#6468=CARTESIAN_POINT('',(0.835,-0.95,0.));
#6469=CARTESIAN_POINT('',(1.1,-1.2,0.));
#6470=CARTESIAN_POINT('',(0.859434692823955,-1.30551109963862,0.));
#6471=CARTESIAN_POINT('',(0.9,-1.2,0.));
#6472=CARTESIAN_POINT('',(1.17243556529821,0.769282032302755,0.));
#6473=CARTESIAN_POINT('',(0.953871500692704,0.827846096908266,0.));
#6474=CARTESIAN_POINT('Origin',(1.0338715006927,0.689282032302756,0.));
#6475=CARTESIAN_POINT('',(-1.1938715006927,-0.412153903091736,0.));
#6476=CARTESIAN_POINT('',(0.416935750346352,0.517846096908266,0.));
#6477=CARTESIAN_POINT('',(-1.25243556529821,-0.630717967697245,0.));
#6478=CARTESIAN_POINT('Origin',(-1.1138715006927,-0.550717967697246,0.));
#6479=CARTESIAN_POINT('',(-1.17243556529821,-0.769282032302755,0.));
#6480=CARTESIAN_POINT('',(-1.23243556529821,-0.665358983848623,0.));
#6481=CARTESIAN_POINT('',(-0.953871500692704,-0.827846096908267,0.));
#6482=CARTESIAN_POINT('Origin',(-1.0338715006927,-0.689282032302756,0.));
#6483=CARTESIAN_POINT('',(1.1938715006927,0.412153903091736,0.));
#6484=CARTESIAN_POINT('',(-0.416935750346352,-0.517846096908266,0.));
#6485=CARTESIAN_POINT('',(1.25243556529821,0.630717967697245,0.));
#6486=CARTESIAN_POINT('Origin',(1.1138715006927,0.550717967697245,0.));
#6487=CARTESIAN_POINT('',(1.23243556529821,0.665358983848626,8.67361737988404E-18));
#6488=CARTESIAN_POINT('Origin',(-0.9,-1.45,0.));
#6489=CARTESIAN_POINT('',(-0.9,-1.2,0.));
#6490=CARTESIAN_POINT('Origin',(0.9,-1.45,0.));
#6491=CARTESIAN_POINT('Origin',(-0.45,1.44,0.01));
#6492=CARTESIAN_POINT('',(-0.89,1.45,0.01));
#6493=CARTESIAN_POINT('Origin',(-0.89,1.44,0.01));
#6494=CARTESIAN_POINT('',(0.89,1.45,0.01));
#6495=CARTESIAN_POINT('',(-0.45,1.45,0.01));
#6496=CARTESIAN_POINT('Origin',(0.89,1.44,0.01));
#6497=CARTESIAN_POINT('Origin',(0.89,1.44,0.84));
#6498=CARTESIAN_POINT('',(0.89,1.44,0.85));
#6499=CARTESIAN_POINT('',(0.89,1.45,0.84));
#6500=CARTESIAN_POINT('Origin',(0.89,1.44,0.84));
#6501=CARTESIAN_POINT('',(0.9,1.44,0.84));
#6502=CARTESIAN_POINT('Origin',(0.89,1.44,0.84));
#6503=CARTESIAN_POINT('Origin',(0.89,1.44,0.84));
#6504=CARTESIAN_POINT('Origin',(0.89,0.0999999999999998,0.84));
#6505=CARTESIAN_POINT('',(0.89,1.2,0.85));
#6506=CARTESIAN_POINT('',(0.9,1.2,0.84));
#6507=CARTESIAN_POINT('Origin',(0.89,1.2,0.84));
#6508=CARTESIAN_POINT('',(0.9,0.0999999999999998,0.84));
#6509=CARTESIAN_POINT('',(0.89,0.0999999999999998,0.85));
#6510=CARTESIAN_POINT('Origin',(0.89,1.44,0.));
#6511=CARTESIAN_POINT('',(0.89,1.45,0.));
#6512=CARTESIAN_POINT('',(0.9,1.44,0.));
#6513=CARTESIAN_POINT('Origin',(-0.89,1.44,0.84));
#6514=CARTESIAN_POINT('',(-0.89,1.44,0.85));
#6515=CARTESIAN_POINT('',(-0.9,1.44,0.84));
#6516=CARTESIAN_POINT('Origin',(-0.89,1.44,0.84));
#6517=CARTESIAN_POINT('',(-0.89,1.45,0.84));
#6518=CARTESIAN_POINT('Origin',(-0.89,1.44,0.84));
#6519=CARTESIAN_POINT('Origin',(-0.89,1.44,0.84));
#6520=CARTESIAN_POINT('Origin',(-0.45,1.44,0.84));
#6521=CARTESIAN_POINT('',(-0.45,1.45,0.84));
#6522=CARTESIAN_POINT('',(-0.45,1.44,0.85));
#6523=CARTESIAN_POINT('Origin',(-0.89,1.44,0.));
#6524=CARTESIAN_POINT('',(-0.9,1.44,0.));
#6525=CARTESIAN_POINT('',(-0.89,1.45,0.));
#6526=CARTESIAN_POINT('Origin',(-0.89,-0.0250000000000002,0.84));
#6527=CARTESIAN_POINT('',(-0.9,1.2,0.84));
#6528=CARTESIAN_POINT('',(-0.89,1.2,0.85));
#6529=CARTESIAN_POINT('Origin',(-0.89,1.2,0.84));
#6530=CARTESIAN_POINT('',(-0.89,-0.0250000000000002,0.85));
#6531=CARTESIAN_POINT('',(-0.9,-0.0250000000000002,0.84));
#6532=CARTESIAN_POINT('Origin',(-8.67361737988404E-17,-1.25,0.85));
#6533=CARTESIAN_POINT('',(1.3,-1.2,0.85));
#6534=CARTESIAN_POINT('',(0.975,-1.2,0.85));
#6535=CARTESIAN_POINT('',(1.3,-1.05,0.85));
#6536=CARTESIAN_POINT('',(1.3,-1.45,0.85));
#6537=CARTESIAN_POINT('',(1.7,-1.05,0.85));
#6538=CARTESIAN_POINT('',(-1.7,-1.05,0.85));
#6539=CARTESIAN_POINT('',(1.7,-0.35,0.85));
#6540=CARTESIAN_POINT('',(1.7,-1.05,0.85));
#6541=CARTESIAN_POINT('',(1.94,-0.35,0.85));
#6542=CARTESIAN_POINT('',(0.,-0.35,0.85));
#6543=CARTESIAN_POINT('',(1.94,0.35,0.85));
#6544=CARTESIAN_POINT('',(1.94,-0.0250000000000002,0.85));
#6545=CARTESIAN_POINT('',(1.7,0.35,0.85));
#6546=CARTESIAN_POINT('',(0.,0.35,0.85));
#6547=CARTESIAN_POINT('',(1.7,1.05,0.85));
#6548=CARTESIAN_POINT('',(1.7,-1.05,0.85));
#6549=CARTESIAN_POINT('',(1.3,1.05,0.85));
#6550=CARTESIAN_POINT('',(1.7,1.05,0.85));
#6551=CARTESIAN_POINT('',(1.3,1.2,0.85));
#6552=CARTESIAN_POINT('',(1.3,1.05,0.85));
#6553=CARTESIAN_POINT('',(0.45,1.2,0.85));
#6554=CARTESIAN_POINT('',(-1.3,1.2,0.85));
#6555=CARTESIAN_POINT('',(-0.975,1.2,0.85));
#6556=CARTESIAN_POINT('',(-1.3,1.05,0.85));
#6557=CARTESIAN_POINT('',(-1.3,1.45,0.85));
#6558=CARTESIAN_POINT('',(-1.7,1.05,0.85));
#6559=CARTESIAN_POINT('',(1.7,1.05,0.85));
#6560=CARTESIAN_POINT('',(-1.7,0.35,0.85));
#6561=CARTESIAN_POINT('',(-1.7,1.05,0.85));
#6562=CARTESIAN_POINT('',(-1.94,0.35,0.85));
#6563=CARTESIAN_POINT('',(0.,0.35,0.85));
#6564=CARTESIAN_POINT('',(-1.94,-0.35,0.85));
#6565=CARTESIAN_POINT('',(-1.94,-1.225,0.85));
#6566=CARTESIAN_POINT('',(-1.7,-0.35,0.85));
#6567=CARTESIAN_POINT('',(0.,-0.35,0.85));
#6568=CARTESIAN_POINT('',(-1.7,-1.05,0.85));
#6569=CARTESIAN_POINT('',(-1.7,1.05,0.85));
#6570=CARTESIAN_POINT('',(-1.3,-1.05,0.85));
#6571=CARTESIAN_POINT('',(-1.7,-1.05,0.85));
#6572=CARTESIAN_POINT('',(-1.3,-1.2,0.85));
#6573=CARTESIAN_POINT('',(-1.3,-1.05,0.85));
#6574=CARTESIAN_POINT('',(-0.45,-1.2,0.85));
#6575=CARTESIAN_POINT('Origin',(-0.9,1.45,0.));
#6576=CARTESIAN_POINT('Origin',(-1.94,0.94,0.));
#6577=CARTESIAN_POINT('',(-1.95,0.94,0.64));
#6578=CARTESIAN_POINT('',(-1.95,0.94,0.));
#6579=CARTESIAN_POINT('',(-1.94,0.95,0.63));
#6580=CARTESIAN_POINT('Origin',(-1.94,0.94,0.64));
#6581=CARTESIAN_POINT('',(-1.94,0.95,0.));
#6582=CARTESIAN_POINT('Origin',(-1.94,1.3342179397437,0.68));
#6583=CARTESIAN_POINT('',(-1.94,1.3342179397437,0.63));
#6584=CARTESIAN_POINT('',(-1.94,1.38239383522519,0.693382193189305));
#6585=CARTESIAN_POINT('Origin',(-1.94,1.3342179397437,0.68));
#6586=CARTESIAN_POINT('',(-1.95,1.3342179397437,0.64));
#6587=CARTESIAN_POINT('Origin',(-1.94,1.3342179397437,0.64));
#6588=CARTESIAN_POINT('',(-1.95,1.37275865612889,0.690705754551444));
#6589=CARTESIAN_POINT('Origin',(-1.95,1.3342179397437,0.68));
#6590=CARTESIAN_POINT('Origin',(-1.94,1.37275865612889,0.690705754551444));
#6591=CARTESIAN_POINT('Origin',(-1.94,-0.0447089795685058,0.64));
#6592=CARTESIAN_POINT('',(-1.95,-0.0447089795685058,0.64));
#6593=CARTESIAN_POINT('',(-1.94,-0.0447089795685058,0.63));
#6594=CARTESIAN_POINT('Origin',(-1.94,1.19239914350429,1.34));
#6595=CARTESIAN_POINT('',(-1.94,1.20203432260059,1.34267643863786));
#6596=CARTESIAN_POINT('',(-1.94,1.19239914350429,1.35));
#6597=CARTESIAN_POINT('Origin',(-1.94,1.19239914350429,1.34));
#6598=CARTESIAN_POINT('',(-1.95,1.19239914350429,1.34));
#6599=CARTESIAN_POINT('Origin',(-1.94,1.19239914350429,1.34));
#6600=CARTESIAN_POINT('Origin',(-1.94,1.19239914350429,1.34));
#6601=CARTESIAN_POINT('Origin',(-1.94,1.37847370342519,0.670131584284775));
#6602=CARTESIAN_POINT('',(-1.94,1.38810888252149,0.672808022922636));
#6603=CARTESIAN_POINT('',(-1.95,1.37847370342519,0.670131584284775));
#6604=CARTESIAN_POINT('Origin',(-1.94,-0.6,1.34));
#6605=CARTESIAN_POINT('',(-1.94,0.45,1.35));
#6606=CARTESIAN_POINT('',(-1.94,-0.6,1.35));
#6607=CARTESIAN_POINT('',(-1.95,0.458198039027186,1.34));
#6608=CARTESIAN_POINT('',(-1.95,-0.6,1.34));
#6609=CARTESIAN_POINT('Origin',(-1.94,0.458198039027186,1.34));
#6610=CARTESIAN_POINT('Origin',(-1.94,0.298267345218448,0.54034653095631));
#6611=CARTESIAN_POINT('',(-1.94,0.288461538461538,0.542307692307692));
#6612=CARTESIAN_POINT('',(-1.95,0.358198039027186,0.84));
#6613=CARTESIAN_POINT('',(-1.95,0.298267345218448,0.54034653095631));
#6614=CARTESIAN_POINT('Origin',(-1.94,0.358198039027185,0.84));
#6615=CARTESIAN_POINT('Origin',(-1.94,-1.225,0.84));
#6616=CARTESIAN_POINT('',(-1.95,-0.358198039027185,0.84));
#6617=CARTESIAN_POINT('',(-1.95,-1.225,0.84));
#6618=CARTESIAN_POINT('Origin',(-1.94,-0.358198039027185,0.84));
#6619=CARTESIAN_POINT('Origin',(-1.94,-0.94,0.));
#6620=CARTESIAN_POINT('',(-1.94,-0.95,0.63));
#6621=CARTESIAN_POINT('',(-1.94,-0.95,0.));
#6622=CARTESIAN_POINT('',(-1.95,-0.94,0.64));
#6623=CARTESIAN_POINT('Origin',(-1.94,-0.94,0.64));
#6624=CARTESIAN_POINT('',(-1.95,-0.94,0.));
#6625=CARTESIAN_POINT('Origin',(-1.94,-0.294421191372294,0.521115761725541));
#6626=CARTESIAN_POINT('',(-1.94,-0.45,1.35));
#6627=CARTESIAN_POINT('',(-1.94,-0.284615384615384,0.523076923076923));
#6628=CARTESIAN_POINT('',(-1.95,-0.458198039027186,1.34));
#6629=CARTESIAN_POINT('',(-1.95,-0.294421191372294,0.521115761725541));
#6630=CARTESIAN_POINT('Origin',(-1.94,-0.458198039027186,1.34));
#6631=CARTESIAN_POINT('Origin',(-1.94,-1.3342179397437,0.68));
#6632=CARTESIAN_POINT('',(-1.94,-1.38239383522519,0.693382193189305));
#6633=CARTESIAN_POINT('',(-1.94,-1.3342179397437,0.63));
#6634=CARTESIAN_POINT('Origin',(-1.94,-1.3342179397437,0.68));
#6635=CARTESIAN_POINT('',(-1.95,-1.37275865612889,0.690705754551444));
#6636=CARTESIAN_POINT('Origin',(-1.94,-1.37275865612889,0.690705754551444));
#6637=CARTESIAN_POINT('',(-1.95,-1.3342179397437,0.64));
#6638=CARTESIAN_POINT('Origin',(-1.95,-1.3342179397437,0.68));
#6639=CARTESIAN_POINT('Origin',(-1.94,-1.3342179397437,0.64));
#6640=CARTESIAN_POINT('Origin',(-1.94,-1.19239914350429,1.34));
#6641=CARTESIAN_POINT('',(-1.94,-1.19239914350429,1.35));
#6642=CARTESIAN_POINT('',(-1.94,-1.20203432260059,1.34267643863786));
#6643=CARTESIAN_POINT('Origin',(-1.94,-1.19239914350429,1.34));
#6644=CARTESIAN_POINT('',(-1.95,-1.19239914350429,1.34));
#6645=CARTESIAN_POINT('Origin',(-1.94,-1.19239914350429,1.34));
#6646=CARTESIAN_POINT('Origin',(-1.94,-1.19239914350429,1.34));
#6647=CARTESIAN_POINT('Origin',(-1.94,-0.6,1.34));
#6648=CARTESIAN_POINT('',(-1.95,-0.6,1.34));
#6649=CARTESIAN_POINT('',(-1.94,-0.6,1.35));
#6650=CARTESIAN_POINT('Origin',(-1.94,-1.36443358881201,0.720675996892225));
#6651=CARTESIAN_POINT('',(-1.94,-1.37406876790831,0.723352435530086));
#6652=CARTESIAN_POINT('',(-1.95,-1.36443358881201,0.720675996892225));
#6653=CARTESIAN_POINT('Origin',(-1.76219816840202,-1.3342179397437,0.68));
#6654=CARTESIAN_POINT('',(-1.31,-1.38239383522519,0.693382193189305));
#6655=CARTESIAN_POINT('',(-1.76219816840202,-1.38239383522519,0.693382193189305));
#6656=CARTESIAN_POINT('',(-1.3,-1.3342179397437,0.63));
#6657=CARTESIAN_POINT('',(-1.76219816840202,-1.3342179397437,0.63));
#6658=CARTESIAN_POINT('',(-1.3,-1.38078797204248,0.661800217262546));
#6659=CARTESIAN_POINT('Origin',(-1.3,-1.3342179397437,0.68));
#6660=CARTESIAN_POINT('Ctrl Pts',(-1.3,-1.38078797204248,0.661800217262546));
#6661=CARTESIAN_POINT('Ctrl Pts',(-1.3,-1.38183834901855,0.664487946583666));
#6662=CARTESIAN_POINT('Ctrl Pts',(-1.30044966303798,-1.38275642966411,0.667523489086764));
#6663=CARTESIAN_POINT('Ctrl Pts',(-1.30221274525074,-1.38405079586299,0.674500108576612));
#6664=CARTESIAN_POINT('Ctrl Pts',(-1.30349130379417,-1.3843093692944,0.678139485162337));
#6665=CARTESIAN_POINT('Ctrl Pts',(-1.30634414286236,-1.38406604444587,0.685338967148374));
#6666=CARTESIAN_POINT('Ctrl Pts',(-1.30794721156439,-1.38354416737937,0.688935312988009));
#6667=CARTESIAN_POINT('Ctrl Pts',(-1.30970206191004,-1.38256893499605,0.69273939723442));
#6668=CARTESIAN_POINT('Ctrl Pts',(-1.30985103407053,-1.38248298684611,0.693061247354012));
#6669=CARTESIAN_POINT('Ctrl Pts',(-1.31,-1.38239383522519,0.693382193189305));
#6670=CARTESIAN_POINT('Origin',(-0.975,-1.19239914350429,1.34));
#6671=CARTESIAN_POINT('',(-1.3003648209037,-1.19239914350429,1.35));
#6672=CARTESIAN_POINT('',(-0.975,-1.19239914350429,1.35));
#6673=CARTESIAN_POINT('',(-1.31,-1.20203432260059,1.34267643863786));
#6674=CARTESIAN_POINT('',(-0.975,-1.20203432260059,1.34267643863786));
#6675=CARTESIAN_POINT('Origin',(-1.31,-1.19239914350429,1.34));
#6676=CARTESIAN_POINT('Origin',(-1.31,-1.24438630786649,1.15284620829611));
#6677=CARTESIAN_POINT('',(-1.31,-1.25402148696279,1.15552264693397));
#6678=CARTESIAN_POINT('',(-1.3,-1.18962136572652,1.35));
#6679=CARTESIAN_POINT('',(-1.3,-1.24438630786649,1.15284620829611));
#6680=CARTESIAN_POINT('Origin',(-1.31,-1.18962136572652,1.35));
#6681=CARTESIAN_POINT('Origin',(-1.94,-1.15529102043149,0.64));
#6682=CARTESIAN_POINT('',(-1.94,-1.15529102043149,0.63));
#6683=CARTESIAN_POINT('',(-1.95,-1.15529102043149,0.64));
#6684=CARTESIAN_POINT('Origin',(-0.975,1.19239914350429,1.34));
#6685=CARTESIAN_POINT('',(-1.31,1.20203432260059,1.34267643863786));
#6686=CARTESIAN_POINT('',(-0.975,1.20203432260059,1.34267643863786));
#6687=CARTESIAN_POINT('',(-1.3003648209037,1.19239914350429,1.35));
#6688=CARTESIAN_POINT('',(-0.975,1.19239914350429,1.35));
#6689=CARTESIAN_POINT('Origin',(-1.31,1.19239914350429,1.34));
#6690=CARTESIAN_POINT('Origin',(-1.76219816840202,1.3342179397437,0.68));
#6691=CARTESIAN_POINT('',(-1.3,1.3342179397437,0.63));
#6692=CARTESIAN_POINT('',(-1.76219816840202,1.3342179397437,0.63));
#6693=CARTESIAN_POINT('',(-1.31,1.38239383522519,0.693382193189304));
#6694=CARTESIAN_POINT('',(-1.76219816840202,1.38239383522519,0.693382193189305));
#6695=CARTESIAN_POINT('',(-1.3,1.38078797204248,0.661800217262545));
#6696=CARTESIAN_POINT('Ctrl Pts',(-1.31,1.38239383522519,0.693382193189304));
#6697=CARTESIAN_POINT('Ctrl Pts',(-1.30985103407054,1.38248298684611,0.693061247354005));
#6698=CARTESIAN_POINT('Ctrl Pts',(-1.30970206191005,1.38256893499605,0.692739397234423));
#6699=CARTESIAN_POINT('Ctrl Pts',(-1.3079472115644,1.38354416737937,0.688935312988026));
#6700=CARTESIAN_POINT('Ctrl Pts',(-1.30634414286236,1.38406604444587,0.685338967148379));
#6701=CARTESIAN_POINT('Ctrl Pts',(-1.30349130379417,1.3843093692944,0.67813948516234));
#6702=CARTESIAN_POINT('Ctrl Pts',(-1.30221274525074,1.38405079586299,0.674500108576616));
#6703=CARTESIAN_POINT('Ctrl Pts',(-1.30044966303794,1.38275642966408,0.667523489086601));
#6704=CARTESIAN_POINT('Ctrl Pts',(-1.3,1.38183834901849,0.664487946583525));
#6705=CARTESIAN_POINT('Ctrl Pts',(-1.3,1.38078797204248,0.661800217262545));
#6706=CARTESIAN_POINT('Origin',(-1.3,1.3342179397437,0.68));
#6707=CARTESIAN_POINT('Origin',(-1.31,1.34438630786649,0.792846208296108));
#6708=CARTESIAN_POINT('',(-1.31,1.35402148696279,0.795522646933969));
#6709=CARTESIAN_POINT('',(-1.3,1.18962136572652,1.35));
#6710=CARTESIAN_POINT('Origin',(-1.31,1.18962136572652,1.35));
#6711=CARTESIAN_POINT('',(-1.3,1.34438630786649,0.792846208296108));
#6712=CARTESIAN_POINT('Origin',(-1.95,-1.2,0.));
#6713=CARTESIAN_POINT('',(-1.95,0.7,0.1));
#6714=CARTESIAN_POINT('',(-1.95,0.7,0.));
#6715=CARTESIAN_POINT('',(-1.95,-0.7,0.1));
#6716=CARTESIAN_POINT('',(-1.95,-0.6,0.1));
#6717=CARTESIAN_POINT('',(-1.95,-0.7,0.));
#6718=CARTESIAN_POINT('Origin',(-1.67,0.95,0.));
#6719=CARTESIAN_POINT('',(-1.67,0.95,0.63));
#6720=CARTESIAN_POINT('',(-1.67,0.95,0.63));
#6721=CARTESIAN_POINT('',(-1.67,0.95,0.));
#6722=CARTESIAN_POINT('Origin',(-1.57439633680405,1.11058204086299,0.63));
#6723=CARTESIAN_POINT('',(-1.3,1.2,0.63));
#6724=CARTESIAN_POINT('',(-1.3,1.2,0.63));
#6725=CARTESIAN_POINT('',(-1.1,1.2,0.63));
#6726=CARTESIAN_POINT('',(-1.76219816840202,1.2,0.63));
#6727=CARTESIAN_POINT('',(-1.1,1.2,0.63));
#6728=CARTESIAN_POINT('Origin',(-1.95,1.4,0.63));
#6729=CARTESIAN_POINT('Origin',(-1.95,-1.2,1.35));
#6730=CARTESIAN_POINT('Origin',(1.94,0.94,0.));
#6731=CARTESIAN_POINT('',(1.94,0.95,0.63));
#6732=CARTESIAN_POINT('',(1.94,0.95,0.));
#6733=CARTESIAN_POINT('',(1.95,0.94,0.64));
#6734=CARTESIAN_POINT('Origin',(1.94,0.94,0.64));
#6735=CARTESIAN_POINT('',(1.95,0.94,0.));
#6736=CARTESIAN_POINT('Origin',(1.94,1.3342179397437,0.680000000000001));
#6737=CARTESIAN_POINT('',(1.95,1.37275865612889,0.690705754551444));
#6738=CARTESIAN_POINT('',(1.95,1.3342179397437,0.64));
#6739=CARTESIAN_POINT('Origin',(1.95,1.3342179397437,0.68));
#6740=CARTESIAN_POINT('',(1.94,1.3342179397437,0.63));
#6741=CARTESIAN_POINT('Origin',(1.94,1.3342179397437,0.64));
#6742=CARTESIAN_POINT('',(1.94,1.38239383522519,0.693382193189305));
#6743=CARTESIAN_POINT('Origin',(1.94,1.3342179397437,0.68));
#6744=CARTESIAN_POINT('Origin',(1.94,1.37275865612889,0.690705754551444));
#6745=CARTESIAN_POINT('Origin',(1.94,1.15529102043149,0.64));
#6746=CARTESIAN_POINT('',(1.94,1.15529102043149,0.63));
#6747=CARTESIAN_POINT('',(1.95,1.15529102043149,0.64));
#6748=CARTESIAN_POINT('Origin',(1.76219816840202,1.3342179397437,0.68));
#6749=CARTESIAN_POINT('',(1.31,1.38239383522519,0.693382193189305));
#6750=CARTESIAN_POINT('',(1.76219816840202,1.38239383522519,0.693382193189305));
#6751=CARTESIAN_POINT('',(1.3,1.3342179397437,0.63));
#6752=CARTESIAN_POINT('',(1.76219816840202,1.3342179397437,0.63));
#6753=CARTESIAN_POINT('',(1.3,1.38078797204248,0.661800217262546));
#6754=CARTESIAN_POINT('Origin',(1.3,1.3342179397437,0.68));
#6755=CARTESIAN_POINT('Ctrl Pts',(1.3,1.38078797204248,0.661800217262546));
#6756=CARTESIAN_POINT('Ctrl Pts',(1.3,1.38183834901851,0.664487946583561));
#6757=CARTESIAN_POINT('Ctrl Pts',(1.30044966303795,1.38275642966409,0.667523489086642));
#6758=CARTESIAN_POINT('Ctrl Pts',(1.30221274525074,1.38405079586299,0.674500108576617));
#6759=CARTESIAN_POINT('Ctrl Pts',(1.30349130379417,1.3843093692944,0.678139485162343));
#6760=CARTESIAN_POINT('Ctrl Pts',(1.30634414286236,1.38406604444587,0.685338967148387));
#6761=CARTESIAN_POINT('Ctrl Pts',(1.3079472115644,1.38354416737937,0.688935312988036));
#6762=CARTESIAN_POINT('Ctrl Pts',(1.30970206191005,1.38256893499605,0.692739397234426));
#6763=CARTESIAN_POINT('Ctrl Pts',(1.30985103407054,1.38248298684611,0.693061247354017));
#6764=CARTESIAN_POINT('Ctrl Pts',(1.31,1.38239383522519,0.693382193189305));
#6765=CARTESIAN_POINT('Origin',(1.94,1.19239914350429,1.34));
#6766=CARTESIAN_POINT('',(1.94,1.19239914350429,1.35));
#6767=CARTESIAN_POINT('',(1.94,1.20203432260059,1.34267643863786));
#6768=CARTESIAN_POINT('Origin',(1.94,1.19239914350429,1.34));
#6769=CARTESIAN_POINT('',(1.95,1.19239914350429,1.34));
#6770=CARTESIAN_POINT('Origin',(1.94,1.19239914350429,1.34));
#6771=CARTESIAN_POINT('Origin',(1.94,1.19239914350429,1.34));
#6772=CARTESIAN_POINT('Origin',(1.94,0.344421191372294,0.771115761725541));
#6773=CARTESIAN_POINT('',(1.94,0.45,1.35));
#6774=CARTESIAN_POINT('',(1.94,0.334615384615385,0.773076923076923));
#6775=CARTESIAN_POINT('',(1.95,0.358198039027185,0.84));
#6776=CARTESIAN_POINT('Origin',(1.94,0.358198039027185,0.84));
#6777=CARTESIAN_POINT('',(1.95,0.458198039027186,1.34));
#6778=CARTESIAN_POINT('',(1.95,0.344421191372294,0.771115761725541));
#6779=CARTESIAN_POINT('Origin',(1.94,0.458198039027186,1.34));
#6780=CARTESIAN_POINT('Origin',(1.94,-0.0250000000000002,0.84));
#6781=CARTESIAN_POINT('',(1.95,-0.358198039027186,0.84));
#6782=CARTESIAN_POINT('Origin',(1.94,-0.358198039027185,0.84));
#6783=CARTESIAN_POINT('',(1.95,-0.0250000000000002,0.84));
#6784=CARTESIAN_POINT('Origin',(1.94,-0.94,0.));
#6785=CARTESIAN_POINT('',(1.95,-0.94,0.64));
#6786=CARTESIAN_POINT('',(1.95,-0.94,0.));
#6787=CARTESIAN_POINT('',(1.94,-0.95,0.63));
#6788=CARTESIAN_POINT('Origin',(1.94,-0.94,0.64));
#6789=CARTESIAN_POINT('',(1.94,-0.95,0.));
#6790=CARTESIAN_POINT('Origin',(1.31,-1.24438630786649,1.15284620829611));
#6791=CARTESIAN_POINT('',(1.3,-1.18962136572652,1.35));
#6792=CARTESIAN_POINT('',(1.3,-1.38078797204248,0.661800217262546));
#6793=CARTESIAN_POINT('',(1.3,-1.24438630786649,1.15284620829611));
#6794=CARTESIAN_POINT('',(1.31,-1.38239383522519,0.693382193189305));
#6795=CARTESIAN_POINT('Ctrl Pts',(1.31,-1.38239383522519,0.693382193189305));
#6796=CARTESIAN_POINT('Ctrl Pts',(1.30985103407054,-1.38248298684611,0.693061247354014));
#6797=CARTESIAN_POINT('Ctrl Pts',(1.30970206191004,-1.38256893499605,0.692739397234415));
#6798=CARTESIAN_POINT('Ctrl Pts',(1.30794721156439,-1.38354416737937,0.688935312988027));
#6799=CARTESIAN_POINT('Ctrl Pts',(1.30634414286236,-1.38406604444587,0.68533896714837));
#6800=CARTESIAN_POINT('Ctrl Pts',(1.30349130379417,-1.3843093692944,0.678139485162339));
#6801=CARTESIAN_POINT('Ctrl Pts',(1.30221274525074,-1.38405079586299,0.674500108576614));
#6802=CARTESIAN_POINT('Ctrl Pts',(1.30044966303796,-1.3827564296641,0.6675234890867));
#6803=CARTESIAN_POINT('Ctrl Pts',(1.3,-1.38183834901853,0.664487946583612));
#6804=CARTESIAN_POINT('Ctrl Pts',(1.3,-1.38078797204248,0.661800217262546));
#6805=CARTESIAN_POINT('',(1.31,-1.20203432260059,1.34267643863786));
#6806=CARTESIAN_POINT('',(1.31,-1.25402148696279,1.15552264693397));
#6807=CARTESIAN_POINT('',(1.3003648209037,-1.19239914350429,1.35));
#6808=CARTESIAN_POINT('Origin',(1.31,-1.19239914350429,1.34));
#6809=CARTESIAN_POINT('Origin',(1.31,-1.18962136572652,1.35));
#6810=CARTESIAN_POINT('Origin',(1.94,-1.3342179397437,0.68));
#6811=CARTESIAN_POINT('',(1.95,-1.3342179397437,0.64));
#6812=CARTESIAN_POINT('',(1.95,-1.37275865612889,0.690705754551444));
#6813=CARTESIAN_POINT('Origin',(1.95,-1.3342179397437,0.68));
#6814=CARTESIAN_POINT('',(1.94,-1.38239383522519,0.693382193189305));
#6815=CARTESIAN_POINT('Origin',(1.94,-1.37275865612889,0.690705754551444));
#6816=CARTESIAN_POINT('',(1.94,-1.3342179397437,0.63));
#6817=CARTESIAN_POINT('Origin',(1.94,-1.3342179397437,0.68));
#6818=CARTESIAN_POINT('Origin',(1.94,-1.3342179397437,0.64));
#6819=CARTESIAN_POINT('Origin',(1.94,-1.19239914350429,1.34));
#6820=CARTESIAN_POINT('',(1.94,-1.20203432260059,1.34267643863786));
#6821=CARTESIAN_POINT('',(1.94,-1.19239914350429,1.35));
#6822=CARTESIAN_POINT('Origin',(1.94,-1.19239914350429,1.34));
#6823=CARTESIAN_POINT('',(1.95,-1.19239914350429,1.34));
#6824=CARTESIAN_POINT('Origin',(1.94,-1.19239914350429,1.34));
#6825=CARTESIAN_POINT('Origin',(1.94,-1.19239914350429,1.34));
#6826=CARTESIAN_POINT('Origin',(1.94,-1.27847370342519,1.03013158428478));
#6827=CARTESIAN_POINT('',(1.95,-1.27847370342519,1.03013158428478));
#6828=CARTESIAN_POINT('',(1.94,-1.28810888252149,1.03280802292264));
#6829=CARTESIAN_POINT('Origin',(1.94,0.6,1.34));
#6830=CARTESIAN_POINT('',(1.94,-0.45,1.35));
#6831=CARTESIAN_POINT('',(1.94,0.6,1.35));
#6832=CARTESIAN_POINT('',(1.95,-0.458198039027186,1.34));
#6833=CARTESIAN_POINT('',(1.95,0.6,1.34));
#6834=CARTESIAN_POINT('Origin',(1.94,-0.458198039027186,1.34));
#6835=CARTESIAN_POINT('Origin',(0.975,-1.19239914350429,1.34));
#6836=CARTESIAN_POINT('',(0.975,-1.20203432260059,1.34267643863786));
#6837=CARTESIAN_POINT('',(0.975,-1.19239914350429,1.35));
#6838=CARTESIAN_POINT('Origin',(1.76219816840202,-1.3342179397437,0.68));
#6839=CARTESIAN_POINT('',(1.3,-1.3342179397437,0.63));
#6840=CARTESIAN_POINT('',(1.76219816840202,-1.3342179397437,0.63));
#6841=CARTESIAN_POINT('',(1.76219816840202,-1.38239383522519,0.693382193189305));
#6842=CARTESIAN_POINT('Origin',(1.3,-1.3342179397437,0.68));
#6843=CARTESIAN_POINT('Origin',(1.94,0.0447089795685058,0.64));
#6844=CARTESIAN_POINT('',(1.95,0.0447089795685058,0.64));
#6845=CARTESIAN_POINT('',(1.94,0.0447089795685058,0.63));
#6846=CARTESIAN_POINT('Origin',(1.94,-0.248267345218448,0.29034653095631));
#6847=CARTESIAN_POINT('',(1.94,-0.238461538461538,0.292307692307692));
#6848=CARTESIAN_POINT('',(1.95,-0.248267345218448,0.29034653095631));
#6849=CARTESIAN_POINT('Origin',(1.94,0.6,1.34));
#6850=CARTESIAN_POINT('',(1.95,0.6,1.34));
#6851=CARTESIAN_POINT('',(1.94,0.6,1.35));
#6852=CARTESIAN_POINT('Origin',(1.94,1.46443358881201,0.360675996892225));
#6853=CARTESIAN_POINT('',(1.95,1.46443358881201,0.360675996892225));
#6854=CARTESIAN_POINT('',(1.94,1.47406876790831,0.363352435530086));
#6855=CARTESIAN_POINT('Origin',(0.975,1.19239914350429,1.34));
#6856=CARTESIAN_POINT('',(1.3003648209037,1.19239914350429,1.35));
#6857=CARTESIAN_POINT('',(0.975,1.19239914350429,1.35));
#6858=CARTESIAN_POINT('',(1.31,1.20203432260059,1.34267643863786));
#6859=CARTESIAN_POINT('',(0.975,1.20203432260059,1.34267643863786));
#6860=CARTESIAN_POINT('Origin',(1.31,1.19239914350429,1.34));
#6861=CARTESIAN_POINT('Origin',(1.31,1.34438630786649,0.792846208296108));
#6862=CARTESIAN_POINT('',(1.3,1.18962136572652,1.35));
#6863=CARTESIAN_POINT('',(1.3,1.34438630786649,0.792846208296108));
#6864=CARTESIAN_POINT('Origin',(1.31,1.18962136572652,1.35));
#6865=CARTESIAN_POINT('',(1.31,1.35402148696279,0.795522646933969));
#6866=CARTESIAN_POINT('Origin',(1.95,1.2,0.));
#6867=CARTESIAN_POINT('',(1.95,-0.7,0.1));
#6868=CARTESIAN_POINT('',(1.95,-0.7,0.));
#6869=CARTESIAN_POINT('',(1.95,0.7,0.1));
#6870=CARTESIAN_POINT('',(1.95,0.6,0.1));
#6871=CARTESIAN_POINT('',(1.95,0.7,0.));
#6872=CARTESIAN_POINT('Origin',(1.67,-0.95,0.));
#6873=CARTESIAN_POINT('',(1.67,-0.95,0.63));
#6874=CARTESIAN_POINT('',(1.67,-0.95,0.63));
#6875=CARTESIAN_POINT('',(1.67,-0.95,0.));
#6876=CARTESIAN_POINT('Origin',(1.57439633680405,-1.11058204086299,0.63));
#6877=CARTESIAN_POINT('',(1.3,-1.2,0.63));
#6878=CARTESIAN_POINT('',(1.3,-1.4,0.63));
#6879=CARTESIAN_POINT('',(1.1,-1.2,0.63));
#6880=CARTESIAN_POINT('',(1.76219816840202,-1.2,0.63));
#6881=CARTESIAN_POINT('',(1.1,-1.2,0.63));
#6882=CARTESIAN_POINT('Origin',(1.3,-1.25681541692269,0.946815416922694));
#6883=CARTESIAN_POINT('',(1.3,-1.05,1.35));
#6884=CARTESIAN_POINT('',(1.3,-0.725,1.35));
#6885=CARTESIAN_POINT('',(1.3,-1.05,1.35));
#6886=CARTESIAN_POINT('',(1.3,-1.2,0.473407708461347));
#6887=CARTESIAN_POINT('Origin',(2.60208521396521E-17,-6.07153216591882E-17,
1.35));
#6888=CARTESIAN_POINT('',(1.7,-0.45,1.35));
#6889=CARTESIAN_POINT('',(1.30104260698261E-17,-0.45,1.35));
#6890=CARTESIAN_POINT('',(1.7,-1.05,1.35));
#6891=CARTESIAN_POINT('',(1.7,-0.525,1.35));
#6892=CARTESIAN_POINT('',(0.65,-1.05,1.35));
#6893=CARTESIAN_POINT('Origin',(1.95,1.4,0.63));
#6894=CARTESIAN_POINT('Origin',(1.95,-1.2,1.35));
#6895=CARTESIAN_POINT('Origin',(-0.724374768765706,-0.695346096776838,0.00999999999999999));
#6896=CARTESIAN_POINT('',(-0.724374768765706,-0.695346096776838,0.00999999999999999));
#6897=CARTESIAN_POINT('',(-0.964374768689827,-0.279653903091735,0.00999999999999999));
#6898=CARTESIAN_POINT('',(-0.784374768727766,-0.591423048388419,0.00999999999999999));
#6899=CARTESIAN_POINT('',(-0.724374768765706,-0.695346096776838,0.11));
#6900=CARTESIAN_POINT('',(-0.724374768765706,-0.695346096776838,0.00999999999999999));
#6901=CARTESIAN_POINT('',(-0.964374768689827,-0.279653903091735,0.11));
#6902=CARTESIAN_POINT('',(-0.724374768765706,-0.695346096776838,0.11));
#6903=CARTESIAN_POINT('',(-0.964374768689827,-0.279653903091735,0.00999999999999999));
#6904=CARTESIAN_POINT('Origin',(-0.953871500692703,-0.827846096908267,0.00999999999999999));
#6905=CARTESIAN_POINT('',(-0.953871500692704,-0.827846096908267,0.01));
#6906=CARTESIAN_POINT('',(-0.953871500692704,-0.827846096908267,0.01));
#6907=CARTESIAN_POINT('',(-0.953871500692703,-0.827846096908267,0.11));
#6908=CARTESIAN_POINT('',(-0.953871500692703,-0.827846096908267,0.00999999999999999));
#6909=CARTESIAN_POINT('',(-0.953871500692703,-0.827846096908267,0.11));
#6910=CARTESIAN_POINT('Origin',(-0.999178491218384,-0.576875970831224,0.11));
#6911=CARTESIAN_POINT('',(-1.1938715006927,-0.412153903091736,0.11));
#6912=CARTESIAN_POINT('',(-1.25243556529821,-0.630717967697245,0.11));
#6913=CARTESIAN_POINT('Origin',(-1.1138715006927,-0.550717967697246,0.11));
#6914=CARTESIAN_POINT('',(-0.964374768689827,-0.279653903091735,0.11));
#6915=CARTESIAN_POINT('',(-1.17243556529821,-0.769282032302755,0.11));
#6916=CARTESIAN_POINT('Origin',(-1.0338715006927,-0.689282032302756,0.11));
#6917=CARTESIAN_POINT('',(-1.25243556529821,-0.630717967697245,0.11));
#6918=CARTESIAN_POINT('Origin',(0.724374768689825,0.695346096908265,0.00999999999999999));
#6919=CARTESIAN_POINT('',(0.724374768689825,0.695346096908265,0.00999999999999999));
#6920=CARTESIAN_POINT('',(0.964374768689828,0.279653903091735,0.00999999999999999));
#6921=CARTESIAN_POINT('',(0.784374768689825,0.591423048454134,0.00999999999999999));
#6922=CARTESIAN_POINT('',(0.724374768689825,0.695346096908265,0.11));
#6923=CARTESIAN_POINT('',(0.724374768689825,0.695346096908265,0.00999999999999999));
#6924=CARTESIAN_POINT('',(0.964374768689828,0.279653903091735,0.11));
#6925=CARTESIAN_POINT('',(0.724374768689825,0.695346096908265,0.11));
#6926=CARTESIAN_POINT('',(0.964374768689828,0.279653903091735,0.00999999999999999));
#6927=CARTESIAN_POINT('Origin',(0.999178491184927,0.576875970854103,0.11));
#6928=CARTESIAN_POINT('',(1.17243556529821,0.769282032302755,0.11));
#6929=CARTESIAN_POINT('',(0.953871500692704,0.827846096908266,0.11));
#6930=CARTESIAN_POINT('Origin',(1.0338715006927,0.689282032302756,0.11));
#6931=CARTESIAN_POINT('',(1.25243556529821,0.630717967697245,0.11));
#6932=CARTESIAN_POINT('',(1.25243556529821,0.630717967697245,0.11));
#6933=CARTESIAN_POINT('',(1.1938715006927,0.412153903091736,0.11));
#6934=CARTESIAN_POINT('Origin',(1.1138715006927,0.550717967697245,0.11));
#6935=CARTESIAN_POINT('',(0.964374768689828,0.279653903091735,0.11));
#6936=CARTESIAN_POINT('',(0.953871500692704,0.827846096908266,0.11));
#6937=CARTESIAN_POINT('Origin',(0.33650635094611,-0.0828460969082653,0.00999999999999999));
#6938=CARTESIAN_POINT('',(0.33650635094611,-0.0828460969082653,0.00999999999999999));
#6939=CARTESIAN_POINT('',(0.0965063509461095,0.332846096908265,0.00999999999999999));
#6940=CARTESIAN_POINT('',(0.27650635094611,0.0210769515458674,0.00999999999999999));
#6941=CARTESIAN_POINT('',(0.33650635094611,-0.0828460969082653,0.11));
#6942=CARTESIAN_POINT('',(0.33650635094611,-0.0828460969082653,0.00999999999999999));
#6943=CARTESIAN_POINT('',(0.0965063509461095,0.332846096908265,0.11));
#6944=CARTESIAN_POINT('',(0.33650635094611,-0.0828460969082653,0.11));
#6945=CARTESIAN_POINT('',(0.0965063509461095,0.332846096908265,0.00999999999999999));
#6946=CARTESIAN_POINT('Origin',(-0.33650635094611,0.0828460969082649,0.00999999999999999));
#6947=CARTESIAN_POINT('',(-0.33650635094611,0.0828460969082649,0.00999999999999999));
#6948=CARTESIAN_POINT('',(-0.0965063509461093,-0.332846096908266,0.00999999999999999));
#6949=CARTESIAN_POINT('',(-0.27650635094611,-0.0210769515458677,0.00999999999999999));
#6950=CARTESIAN_POINT('',(-0.33650635094611,0.0828460969082649,0.11));
#6951=CARTESIAN_POINT('',(-0.33650635094611,0.0828460969082649,0.00999999999999999));
#6952=CARTESIAN_POINT('',(-0.0965063509461093,-0.332846096908266,0.11));
#6953=CARTESIAN_POINT('',(-0.33650635094611,0.0828460969082649,0.11));
#6954=CARTESIAN_POINT('',(-0.0965063509461093,-0.332846096908266,0.00999999999999999));
#6955=CARTESIAN_POINT('Origin',(9.12721216633205E-17,-1.90841708932397E-16,
0.11));
#6956=CARTESIAN_POINT('',(0.0965063509461095,0.332846096908265,0.11));
#6957=CARTESIAN_POINT('',(-0.0965063509461093,-0.332846096908266,0.11));
#6958=CARTESIAN_POINT('Origin',(-2.15619230536435E-17,-1.29371538321861E-16,
0.00999999999999999));
#6959=CARTESIAN_POINT('',(-0.953871500692704,-0.827846096908267,0.01));
#6960=CARTESIAN_POINT('',(0.953871500692704,0.827846096908266,0.01));
#6961=CARTESIAN_POINT('Origin',(-2.15619230536435E-17,-1.29371538321861E-16,
0.00999999999999999));
#6962=CARTESIAN_POINT('',(0.953871500692704,0.827846096908266,0.01));
#6963=CARTESIAN_POINT('',(-0.953871500692704,-0.827846096908267,0.01));
#6964=CARTESIAN_POINT('Origin',(-1.0338715006927,-0.689282032302756,-0.09));
#6965=CARTESIAN_POINT('',(-1.17243556529821,-0.769282032302755,-0.09));
#6966=CARTESIAN_POINT('',(-0.953871500692704,-0.827846096908267,-0.09));
#6967=CARTESIAN_POINT('Origin',(-0.953871500692704,-0.827846096908267,-0.09));
#6968=CARTESIAN_POINT('',(1.1938715006927,0.412153903091736,-0.09));
#6969=CARTESIAN_POINT('Origin',(1.1138715006927,0.550717967697245,-0.09));
#6970=CARTESIAN_POINT('',(1.25243556529821,0.630717967697245,-0.09));
#6971=CARTESIAN_POINT('Origin',(1.25243556529821,0.630717967697245,-0.09));
#6972=CARTESIAN_POINT('',(1.17243556529821,0.769282032302755,-0.09));
#6973=CARTESIAN_POINT('Origin',(1.0338715006927,0.689282032302756,-0.09));
#6974=CARTESIAN_POINT('',(0.953871500692704,0.827846096908266,-0.09));
#6975=CARTESIAN_POINT('Origin',(-1.25243556529821,-0.630717967697245,-0.09));
#6976=CARTESIAN_POINT('',(-1.25243556529821,-0.630717967697245,-0.09));
#6977=CARTESIAN_POINT('Origin',(-1.1138715006927,-0.550717967697246,-0.09));
#6978=CARTESIAN_POINT('',(-1.1938715006927,-0.412153903091736,-0.09));
#6979=CARTESIAN_POINT('Origin',(0.953871500692704,0.827846096908266,-0.09));
#6980=CARTESIAN_POINT('Origin',(-1.67,-0.7,0.));
#6981=CARTESIAN_POINT('',(-1.67,-0.7,0.1));
#6982=CARTESIAN_POINT('',(-1.67,-0.7,0.1));
#6983=CARTESIAN_POINT('',(-1.67,-0.7,0.));
#6984=CARTESIAN_POINT('Origin',(-1.95,0.7,0.));
#6985=CARTESIAN_POINT('',(-1.67,0.7,0.1));
#6986=CARTESIAN_POINT('',(-1.95,0.7,0.1));
#6987=CARTESIAN_POINT('',(-1.67,0.7,0.));
#6988=CARTESIAN_POINT('Origin',(-1.67,0.7,0.));
#6989=CARTESIAN_POINT('',(-1.67,0.7,0.1));
#6990=CARTESIAN_POINT('Origin',(-1.81,0.,0.1));
#6991=CARTESIAN_POINT('Origin',(1.95,-0.7,0.));
#6992=CARTESIAN_POINT('',(1.67,-0.7,0.1));
#6993=CARTESIAN_POINT('',(1.95,-0.7,0.1));
#6994=CARTESIAN_POINT('',(1.67,-0.7,0.));
#6995=CARTESIAN_POINT('Origin',(1.67,-0.7,0.));
#6996=CARTESIAN_POINT('',(1.67,0.7,0.1));
#6997=CARTESIAN_POINT('',(1.67,-0.7,0.1));
#6998=CARTESIAN_POINT('',(1.67,0.7,0.));
#6999=CARTESIAN_POINT('Origin',(1.67,0.7,0.));
#7000=CARTESIAN_POINT('',(1.67,0.7,0.1));
#7001=CARTESIAN_POINT('Origin',(1.81,-3.67971646419322E-18,0.1));
#7002=CARTESIAN_POINT('Origin',(0.,-0.35,0.85));
#7003=CARTESIAN_POINT('',(-1.7,-0.45,1.35));
#7004=CARTESIAN_POINT('',(1.30104260698261E-17,-0.45,1.35));
#7005=CARTESIAN_POINT('',(-1.7,-0.371153846153846,0.955769230769231));
#7006=CARTESIAN_POINT('Origin',(0.,-0.35,0.85));
#7007=CARTESIAN_POINT('',(1.7,-0.411538461538462,1.15769230769231));
#7008=CARTESIAN_POINT('Origin',(0.,0.45,1.35));
#7009=CARTESIAN_POINT('',(-1.7,0.45,1.35));
#7010=CARTESIAN_POINT('',(-1.7,0.461538461538462,1.40769230769231));
#7011=CARTESIAN_POINT('',(1.30104260698261E-17,0.45,1.35));
#7012=CARTESIAN_POINT('Origin',(0.,0.45,1.35));
#7013=CARTESIAN_POINT('',(1.7,0.45,1.35));
#7014=CARTESIAN_POINT('',(1.30104260698261E-17,0.45,1.35));
#7015=CARTESIAN_POINT('',(1.7,0.421153846153846,1.20576923076923));
#7016=CARTESIAN_POINT('Origin',(2.60208521396521E-17,-6.07153216591882E-17,
1.35));
#7017=CARTESIAN_POINT('',(1.3,1.05,1.35));
#7018=CARTESIAN_POINT('',(1.3,0.525000000000001,1.35));
#7019=CARTESIAN_POINT('',(1.7,1.05,1.35));
#7020=CARTESIAN_POINT('',(-0.65,1.05,1.35));
#7021=CARTESIAN_POINT('',(1.7,-0.525,1.35));
#7022=CARTESIAN_POINT('Origin',(2.60208521396521E-17,-6.07153216591882E-17,
1.35));
#7023=CARTESIAN_POINT('',(-1.7,1.05,1.35));
#7024=CARTESIAN_POINT('',(-1.7,0.525,1.35));
#7025=CARTESIAN_POINT('',(-1.3,1.05,1.35));
#7026=CARTESIAN_POINT('',(-0.65,1.05,1.35));
#7027=CARTESIAN_POINT('',(-1.3,0.725,1.35));
#7028=CARTESIAN_POINT('Origin',(1.7,-1.05,1.35));
#7029=CARTESIAN_POINT('',(1.7,1.05,1.35));
#7030=CARTESIAN_POINT('Origin',(1.7,-1.05,1.35));
#7031=CARTESIAN_POINT('',(1.7,-1.05,1.35));
#7032=CARTESIAN_POINT('Origin',(-1.7,1.05,1.35));
#7033=CARTESIAN_POINT('',(-1.7,1.05,1.35));
#7034=CARTESIAN_POINT('Origin',(1.3,-1.05,1.35));
#7035=CARTESIAN_POINT('',(-1.3,-1.05,1.35));
#7036=CARTESIAN_POINT('',(-1.3,-1.05,1.35));
#7037=CARTESIAN_POINT('',(-1.7,-1.05,1.35));
#7038=CARTESIAN_POINT('',(-1.7,-1.05,1.35));
#7039=CARTESIAN_POINT('',(0.65,-1.05,1.35));
#7040=CARTESIAN_POINT('Origin',(-1.3,1.05,1.35));
#7041=CARTESIAN_POINT('',(-1.3,1.05,1.35));
#7042=CARTESIAN_POINT('Origin',(-1.3,1.05,1.35));
#7043=CARTESIAN_POINT('',(1.3,1.05,1.35));
#7044=CARTESIAN_POINT('Origin',(1.3,-1.05,1.35));
#7045=CARTESIAN_POINT('Origin',(-1.7,1.05,1.35));
#7046=CARTESIAN_POINT('',(-1.7,0.525,1.35));
#7047=CARTESIAN_POINT('Origin',(-1.3,1.25681541692269,0.946815416922694));
#7048=CARTESIAN_POINT('',(-1.3,1.2,0.473407708461347));
#7049=CARTESIAN_POINT('Origin',(-0.9,1.2,0.));
#7050=CARTESIAN_POINT('',(-0.9,1.2,0.));
#7051=CARTESIAN_POINT('Origin',(0.9,1.45,0.));
#7052=CARTESIAN_POINT('',(0.9,1.2,0.));
#7053=CARTESIAN_POINT('Origin',(0.9,1.2,0.));
#7054=CARTESIAN_POINT('',(1.3,1.2,0.63));
#7055=CARTESIAN_POINT('',(1.3,1.2,0.473407708461347));
#7056=CARTESIAN_POINT('',(1.1,1.2,0.63));
#7057=CARTESIAN_POINT('',(1.23719816840202,1.2,0.63));
#7058=CARTESIAN_POINT('',(1.1,1.2,0.));
#7059=CARTESIAN_POINT('Origin',(-1.3,-1.25681541692269,0.946815416922694));
#7060=CARTESIAN_POINT('',(-1.3,-1.2,0.63));
#7061=CARTESIAN_POINT('',(-1.3,-1.4,0.63));
#7062=CARTESIAN_POINT('',(-1.3,-1.2,0.473407708461347));
#7063=CARTESIAN_POINT('',(-1.3,-0.525,1.35));
#7064=CARTESIAN_POINT('Origin',(-1.95,1.2,0.));
#7065=CARTESIAN_POINT('',(-1.1,1.2,0.));
#7066=CARTESIAN_POINT('Origin',(-0.9,-1.2,0.));
#7067=CARTESIAN_POINT('',(-1.1,-1.2,0.63));
#7068=CARTESIAN_POINT('',(-1.23719816840202,-1.2,0.63));
#7069=CARTESIAN_POINT('',(-1.1,-1.2,0.));
#7070=CARTESIAN_POINT('Origin',(1.3,1.25681541692269,0.946815416922694));
#7071=CARTESIAN_POINT('',(1.3,1.2,0.63));
#7072=CARTESIAN_POINT('Origin',(1.1,-1.2,0.));
#7073=CARTESIAN_POINT('',(1.1,-1.2,0.));
#7074=CARTESIAN_POINT('Origin',(1.1,1.2,0.));
#7075=CARTESIAN_POINT('',(1.67,0.95,0.63));
#7076=CARTESIAN_POINT('',(1.1,1.2,0.63));
#7077=CARTESIAN_POINT('',(1.67,0.95,0.));
#7078=CARTESIAN_POINT('Origin',(1.67,0.95,0.));
#7079=CARTESIAN_POINT('',(1.67,0.95,0.63));
#7080=CARTESIAN_POINT('Origin',(1.57439633680405,1.11058204086299,0.63));
#7081=CARTESIAN_POINT('Origin',(-1.1,-1.2,0.));
#7082=CARTESIAN_POINT('',(-1.67,-0.95,0.63));
#7083=CARTESIAN_POINT('',(-1.1,-1.2,0.63));
#7084=CARTESIAN_POINT('',(-1.67,-0.95,0.));
#7085=CARTESIAN_POINT('Origin',(-1.67,-0.95,0.));
#7086=CARTESIAN_POINT('',(-1.67,-0.95,0.63));
#7087=CARTESIAN_POINT('Origin',(-1.57439633680405,-1.11058204086299,0.63));
#7088=CARTESIAN_POINT('Origin',(-1.1,1.2,0.));
#7089=CARTESIAN_POINT('Origin',(1.95,-1.2,0.));
#7090=CARTESIAN_POINT('Origin',(2.60208521396521E-17,-6.07153216591882E-17,
1.35));
#7091=CARTESIAN_POINT('',(0.,0.,0.));
#7092=CARTESIAN_POINT('Origin',(0.,0.,0.8));
#7093=CARTESIAN_POINT('',(0.875,1.07156594925393E-16,0.8));
#7094=CARTESIAN_POINT('Origin',(0.,0.,0.8));
#7095=CARTESIAN_POINT('',(0.775,-9.49101269339199E-17,0.9));
#7096=CARTESIAN_POINT('Origin',(0.775,-9.49101269339199E-17,0.8));
#7097=CARTESIAN_POINT('Origin',(0.,0.,0.9));
#7098=CARTESIAN_POINT('Origin',(0.,0.,0.2));
#7099=CARTESIAN_POINT('',(0.875,1.07156594925393E-16,0.2));
#7100=CARTESIAN_POINT('',(0.875,1.07156594925393E-16,0.2));
#7101=CARTESIAN_POINT('Origin',(0.,0.,0.2));
#7102=CARTESIAN_POINT('Origin',(0.,0.,0.9));
#7103=CARTESIAN_POINT('Origin',(-1.65,-1.,0.));
#7104=CARTESIAN_POINT('',(-1.65,-1.,0.2));
#7105=CARTESIAN_POINT('',(-1.65,1.,0.2));
#7106=CARTESIAN_POINT('',(-1.65,1.,0.2));
#7107=CARTESIAN_POINT('',(-1.65,1.,0.));
#7108=CARTESIAN_POINT('',(-1.65,1.,0.));
#7109=CARTESIAN_POINT('',(-1.65,-1.,0.));
#7110=CARTESIAN_POINT('',(-1.65,1.,0.));
#7111=CARTESIAN_POINT('',(-1.65,-1.,0.));
#7112=CARTESIAN_POINT('Origin',(-1.65,1.,0.));
#7113=CARTESIAN_POINT('',(1.65,1.,0.2));
#7114=CARTESIAN_POINT('',(1.65,1.,0.2));
#7115=CARTESIAN_POINT('',(1.65,1.,0.));
#7116=CARTESIAN_POINT('',(1.65,1.,0.));
#7117=CARTESIAN_POINT('',(1.65,1.,0.));
#7118=CARTESIAN_POINT('Origin',(1.65,1.,0.));
#7119=CARTESIAN_POINT('',(1.65,-1.,0.2));
#7120=CARTESIAN_POINT('',(1.65,-1.,0.2));
#7121=CARTESIAN_POINT('',(1.65,-1.,0.));
#7122=CARTESIAN_POINT('',(1.65,-1.,0.));
#7123=CARTESIAN_POINT('',(1.65,-1.,0.));
#7124=CARTESIAN_POINT('Origin',(1.65,-1.,0.));
#7125=CARTESIAN_POINT('',(-1.65,-1.,0.2));
#7126=CARTESIAN_POINT('',(-1.65,-1.,0.));
#7127=CARTESIAN_POINT('Origin',(-3.46944695195361E-17,1.62581973803384E-16,
0.));
#7128=CARTESIAN_POINT('Origin',(-3.46944695195361E-17,1.72103612093479E-16,
0.2));
#7129=CARTESIAN_POINT('',(0.,0.,0.));
#7130=CARTESIAN_POINT('Origin',(1.87,1.375,-0.94));
#7131=CARTESIAN_POINT('',(1.95,1.3,-0.94));
#7132=CARTESIAN_POINT('',(1.87,1.3,-1.02));
#7133=CARTESIAN_POINT('Origin',(1.87,1.3,-0.94));
#7134=CARTESIAN_POINT('',(1.87,1.45,-1.02));
#7135=CARTESIAN_POINT('',(1.87,1.375,-1.02));
#7136=CARTESIAN_POINT('',(1.95,1.45,-0.94));
#7137=CARTESIAN_POINT('Origin',(1.87,1.45,-0.94));
#7138=CARTESIAN_POINT('',(1.95,1.375,-0.94));
#7139=CARTESIAN_POINT('Origin',(1.95,1.45,-1.02));
#7140=CARTESIAN_POINT('',(1.95,1.45,-0.8));
#7141=CARTESIAN_POINT('',(1.95,1.45,-1.02));
#7142=CARTESIAN_POINT('',(1.95,1.3,-0.8));
#7143=CARTESIAN_POINT('',(1.95,1.45,-0.8));
#7144=CARTESIAN_POINT('',(1.95,1.3,-1.02));
#7145=CARTESIAN_POINT('Origin',(3.46944695195361E-17,1.45,-0.447461290088364));
#7146=CARTESIAN_POINT('',(1.025,1.45,-1.02));
#7147=CARTESIAN_POINT('',(1.28333333333333,1.45,-1.02));
#7148=CARTESIAN_POINT('',(0.925,1.45,-0.92));
#7149=CARTESIAN_POINT('Origin',(1.025,1.45,-0.92));
#7150=CARTESIAN_POINT('',(0.925,1.45,-0.5));
#7151=CARTESIAN_POINT('',(0.925,1.45,-0.733730645044182));
#7152=CARTESIAN_POINT('',(0.905,1.45,-0.48));
#7153=CARTESIAN_POINT('Origin',(0.905,1.45,-0.5));
#7154=CARTESIAN_POINT('',(-0.905,1.45,-0.48));
#7155=CARTESIAN_POINT('',(0.4625,1.45,-0.48));
#7156=CARTESIAN_POINT('',(-0.925,1.45,-0.5));
#7157=CARTESIAN_POINT('Origin',(-0.905,1.45,-0.5));
#7158=CARTESIAN_POINT('',(-0.925,1.45,-0.92));
#7159=CARTESIAN_POINT('',(-0.925,1.45,-0.463730645044182));
#7160=CARTESIAN_POINT('',(-1.025,1.45,-1.02));
#7161=CARTESIAN_POINT('Origin',(-1.025,1.45,-0.92));
#7162=CARTESIAN_POINT('',(-1.87,1.45,-1.02));
#7163=CARTESIAN_POINT('',(-1.95,1.45,-1.02));
#7164=CARTESIAN_POINT('',(-1.95,1.45,-0.94));
#7165=CARTESIAN_POINT('Origin',(-1.87,1.45,-0.94));
#7166=CARTESIAN_POINT('',(-1.95,1.45,-0.8));
#7167=CARTESIAN_POINT('',(-1.95,1.45,-0.72));
#7168=CARTESIAN_POINT('',(-1.87,1.45,-0.72));
#7169=CARTESIAN_POINT('Origin',(-1.87,1.45,-0.8));
#7170=CARTESIAN_POINT('',(-1.3,1.45,-0.72));
#7171=CARTESIAN_POINT('',(-1.28333333333333,1.45,-0.72));
#7172=CARTESIAN_POINT('',(-1.3,1.45,-0.0375));
#7173=CARTESIAN_POINT('',(-1.3,1.45,-0.0375));
#7174=CARTESIAN_POINT('',(1.3,1.45,-0.0375));
#7175=CARTESIAN_POINT('',(1.73301562276422E-17,1.45,-0.0375));
#7176=CARTESIAN_POINT('',(1.3,1.45,-0.72));
#7177=CARTESIAN_POINT('',(1.3,1.45,0.287654839646544));
#7178=CARTESIAN_POINT('',(1.87,1.45,-0.72));
#7179=CARTESIAN_POINT('',(1.95,1.45,-0.72));
#7180=CARTESIAN_POINT('Origin',(1.87,1.45,-0.8));
#7181=CARTESIAN_POINT('Origin',(1.87,1.45,-0.8));
#7182=CARTESIAN_POINT('',(1.87,1.3,-0.72));
#7183=CARTESIAN_POINT('Origin',(1.87,1.3,-0.8));
#7184=CARTESIAN_POINT('',(1.87,1.45,-0.72));
#7185=CARTESIAN_POINT('Origin',(1.95,1.45,-0.72));
#7186=CARTESIAN_POINT('',(1.3,1.3,-0.72));
#7187=CARTESIAN_POINT('',(1.3,1.375,-0.72));
#7188=CARTESIAN_POINT('',(1.95,1.3,-0.72));
#7189=CARTESIAN_POINT('Origin',(1.87,-1.375,-0.94));
#7190=CARTESIAN_POINT('',(1.87,-1.3,-1.02));
#7191=CARTESIAN_POINT('',(1.95,-1.3,-0.94));
#7192=CARTESIAN_POINT('Origin',(1.87,-1.3,-0.94));
#7193=CARTESIAN_POINT('',(1.95,-1.45,-0.94));
#7194=CARTESIAN_POINT('',(1.95,-1.375,-0.94));
#7195=CARTESIAN_POINT('',(1.87,-1.45,-1.02));
#7196=CARTESIAN_POINT('Origin',(1.87,-1.45,-0.94));
#7197=CARTESIAN_POINT('',(1.87,-1.375,-1.02));
#7198=CARTESIAN_POINT('Origin',(-3.46944695195361E-17,-1.45,-0.447461290088364));
#7199=CARTESIAN_POINT('',(1.95,-1.45,-0.8));
#7200=CARTESIAN_POINT('',(1.95,-1.45,-1.02));
#7201=CARTESIAN_POINT('',(1.87,-1.45,-0.72));
#7202=CARTESIAN_POINT('Origin',(1.87,-1.45,-0.8));
#7203=CARTESIAN_POINT('',(1.3,-1.45,-0.72));
#7204=CARTESIAN_POINT('',(1.95,-1.45,-0.72));
#7205=CARTESIAN_POINT('',(1.3,-1.45,-0.0375));
#7206=CARTESIAN_POINT('',(1.3,-1.45,-0.0375));
#7207=CARTESIAN_POINT('',(-1.3,-1.45,-0.0375));
#7208=CARTESIAN_POINT('',(-1.73301562276422E-17,-1.45,-0.0375));
#7209=CARTESIAN_POINT('',(-1.3,-1.45,-0.72));
#7210=CARTESIAN_POINT('',(-1.3,-1.45,0.287654839646544));
#7211=CARTESIAN_POINT('',(-1.87,-1.45,-0.72));
#7212=CARTESIAN_POINT('',(-1.28333333333333,-1.45,-0.72));
#7213=CARTESIAN_POINT('',(-1.95,-1.45,-0.8));
#7214=CARTESIAN_POINT('Origin',(-1.87,-1.45,-0.8));
#7215=CARTESIAN_POINT('',(-1.95,-1.45,-0.94));
#7216=CARTESIAN_POINT('',(-1.95,-1.45,-0.72));
#7217=CARTESIAN_POINT('',(-1.87,-1.45,-1.02));
#7218=CARTESIAN_POINT('Origin',(-1.87,-1.45,-0.94));
#7219=CARTESIAN_POINT('',(-1.025,-1.45,-1.02));
#7220=CARTESIAN_POINT('',(-1.95,-1.45,-1.02));
#7221=CARTESIAN_POINT('',(-0.925,-1.45,-0.92));
#7222=CARTESIAN_POINT('Origin',(-1.025,-1.45,-0.92));
#7223=CARTESIAN_POINT('',(-0.925,-1.45,-0.5));
#7224=CARTESIAN_POINT('',(-0.925,-1.45,-0.463730645044182));
#7225=CARTESIAN_POINT('',(-0.905,-1.45,-0.48));
#7226=CARTESIAN_POINT('Origin',(-0.905,-1.45,-0.5));
#7227=CARTESIAN_POINT('',(0.905,-1.45,-0.48));
#7228=CARTESIAN_POINT('',(0.4625,-1.45,-0.48));
#7229=CARTESIAN_POINT('',(0.925,-1.45,-0.5));
#7230=CARTESIAN_POINT('Origin',(0.905,-1.45,-0.5));
#7231=CARTESIAN_POINT('',(0.925,-1.45,-0.92));
#7232=CARTESIAN_POINT('',(0.925,-1.45,-0.733730645044182));
#7233=CARTESIAN_POINT('',(1.025,-1.45,-1.02));
#7234=CARTESIAN_POINT('Origin',(1.025,-1.45,-0.92));
#7235=CARTESIAN_POINT('',(1.3,-1.45,-1.02));
#7236=CARTESIAN_POINT('Origin',(1.95,-1.45,-1.02));
#7237=CARTESIAN_POINT('',(1.95,-1.3,-0.8));
#7238=CARTESIAN_POINT('',(1.95,-1.3,-1.02));
#7239=CARTESIAN_POINT('',(1.95,-1.45,-0.8));
#7240=CARTESIAN_POINT('Origin',(1.87,-1.45,-0.8));
#7241=CARTESIAN_POINT('',(1.87,-1.3,-0.72));
#7242=CARTESIAN_POINT('Origin',(1.87,-1.3,-0.8));
#7243=CARTESIAN_POINT('',(1.87,-1.45,-0.72));
#7244=CARTESIAN_POINT('Origin',(-1.87,1.375,-0.94));
#7245=CARTESIAN_POINT('',(-1.87,1.3,-1.02));
#7246=CARTESIAN_POINT('',(-1.95,1.3,-0.94));
#7247=CARTESIAN_POINT('Origin',(-1.87,1.3,-0.94));
#7248=CARTESIAN_POINT('',(-1.95,1.375,-0.94));
#7249=CARTESIAN_POINT('',(-1.87,1.375,-1.02));
#7250=CARTESIAN_POINT('Origin',(-1.95,1.45,-0.72));
#7251=CARTESIAN_POINT('',(-1.95,1.3,-0.8));
#7252=CARTESIAN_POINT('',(-1.95,1.3,-0.72));
#7253=CARTESIAN_POINT('',(-1.95,1.45,-0.8));
#7254=CARTESIAN_POINT('Origin',(-1.87,1.45,-0.8));
#7255=CARTESIAN_POINT('',(-1.87,1.3,-0.72));
#7256=CARTESIAN_POINT('Origin',(-1.87,1.3,-0.8));
#7257=CARTESIAN_POINT('',(-1.87,1.45,-0.72));
#7258=CARTESIAN_POINT('Origin',(-1.87,-1.375,-0.94));
#7259=CARTESIAN_POINT('',(-1.95,-1.3,-0.94));
#7260=CARTESIAN_POINT('',(-1.87,-1.3,-1.02));
#7261=CARTESIAN_POINT('Origin',(-1.87,-1.3,-0.94));
#7262=CARTESIAN_POINT('',(-1.87,-1.375,-1.02));
#7263=CARTESIAN_POINT('',(-1.95,-1.375,-0.94));
#7264=CARTESIAN_POINT('Origin',(-1.95,-1.45,-0.72));
#7265=CARTESIAN_POINT('',(-1.95,-1.3,-0.8));
#7266=CARTESIAN_POINT('',(-1.95,-1.45,-0.8));
#7267=CARTESIAN_POINT('',(-1.95,-1.3,-0.72));
#7268=CARTESIAN_POINT('Origin',(-1.87,-1.45,-0.8));
#7269=CARTESIAN_POINT('',(-1.87,-1.3,-0.72));
#7270=CARTESIAN_POINT('Origin',(-1.87,-1.3,-0.8));
#7271=CARTESIAN_POINT('',(-1.87,-1.45,-0.72));
#7272=CARTESIAN_POINT('Origin',(-1.28333333333333,-1.45,-0.72));
#7273=CARTESIAN_POINT('',(-1.3,-1.3,-0.72));
#7274=CARTESIAN_POINT('',(-1.3,-1.375,-0.72));
#7275=CARTESIAN_POINT('',(-1.28333333333333,-1.3,-0.72));
#7276=CARTESIAN_POINT('Origin',(-0.905,0.,-0.5));
#7277=CARTESIAN_POINT('',(-0.905,1.3,-0.48));
#7278=CARTESIAN_POINT('',(-0.925,1.3,-0.5));
#7279=CARTESIAN_POINT('Origin',(-0.905,1.3,-0.5));
#7280=CARTESIAN_POINT('',(-0.925,0.,-0.5));
#7281=CARTESIAN_POINT('',(-0.905,0.,-0.48));
#7282=CARTESIAN_POINT('Origin',(-0.925,0.,-0.48));
#7283=CARTESIAN_POINT('',(-0.925,1.3,-0.92));
#7284=CARTESIAN_POINT('',(-0.925,1.3,-0.463730645044182));
#7285=CARTESIAN_POINT('',(-0.925,0.65,-0.92));
#7286=CARTESIAN_POINT('Origin',(0.905,0.,-0.5));
#7287=CARTESIAN_POINT('',(0.925,1.3,-0.5));
#7288=CARTESIAN_POINT('',(0.905,1.3,-0.48));
#7289=CARTESIAN_POINT('Origin',(0.905,1.3,-0.5));
#7290=CARTESIAN_POINT('',(0.905,0.,-0.48));
#7291=CARTESIAN_POINT('',(0.925,0.,-0.5));
#7292=CARTESIAN_POINT('Origin',(0.925,0.,-0.48));
#7293=CARTESIAN_POINT('',(0.4625,1.3,-0.48));
#7294=CARTESIAN_POINT('Origin',(0.905,0.,-0.5));
#7295=CARTESIAN_POINT('',(0.905,-1.3,-0.48));
#7296=CARTESIAN_POINT('',(0.905,0.,-0.48));
#7297=CARTESIAN_POINT('',(0.925,-1.3,-0.5));
#7298=CARTESIAN_POINT('Origin',(0.905,-1.3,-0.5));
#7299=CARTESIAN_POINT('',(0.925,0.,-0.5));
#7300=CARTESIAN_POINT('Origin',(0.925,0.,-0.48));
#7301=CARTESIAN_POINT('',(-0.905,-1.3,-0.48));
#7302=CARTESIAN_POINT('',(-0.905,0.,-0.48));
#7303=CARTESIAN_POINT('',(0.4625,-1.3,-0.48));
#7304=CARTESIAN_POINT('Origin',(-0.905,0.,-0.5));
#7305=CARTESIAN_POINT('',(-0.925,-1.3,-0.5));
#7306=CARTESIAN_POINT('',(-0.925,0.,-0.5));
#7307=CARTESIAN_POINT('Origin',(-0.905,-1.3,-0.5));
#7308=CARTESIAN_POINT('Origin',(-0.925,0.,-0.48));
#7309=CARTESIAN_POINT('',(-0.925,-1.3,-0.92));
#7310=CARTESIAN_POINT('',(-0.925,-0.65,-0.92));
#7311=CARTESIAN_POINT('',(-0.925,-1.3,-0.463730645044182));
#7312=CARTESIAN_POINT('Origin',(-1.025,0.65,-0.92));
#7313=CARTESIAN_POINT('',(-1.025,1.3,-1.02));
#7314=CARTESIAN_POINT('Origin',(-1.025,1.3,-0.92));
#7315=CARTESIAN_POINT('',(-1.025,0.65,-1.02));
#7316=CARTESIAN_POINT('Origin',(1.025,0.65,-0.92));
#7317=CARTESIAN_POINT('',(1.025,1.3,-1.02));
#7318=CARTESIAN_POINT('',(1.025,0.65,-1.02));
#7319=CARTESIAN_POINT('',(0.925,1.3,-0.92));
#7320=CARTESIAN_POINT('Origin',(1.025,1.3,-0.92));
#7321=CARTESIAN_POINT('',(0.925,0.65,-0.92));
#7322=CARTESIAN_POINT('Origin',(-1.3,1.3,-1.02));
#7323=CARTESIAN_POINT('',(1.28333333333333,1.3,-1.02));
#7324=CARTESIAN_POINT('Origin',(1.025,-0.65,-0.92));
#7325=CARTESIAN_POINT('',(0.925,-1.3,-0.92));
#7326=CARTESIAN_POINT('',(1.025,-1.3,-1.02));
#7327=CARTESIAN_POINT('Origin',(1.025,-1.3,-0.92));
#7328=CARTESIAN_POINT('',(1.025,-0.65,-1.02));
#7329=CARTESIAN_POINT('',(0.925,-0.65,-0.92));
#7330=CARTESIAN_POINT('Origin',(0.925,0.,-1.02));
#7331=CARTESIAN_POINT('',(0.925,-1.3,-0.733730645044182));
#7332=CARTESIAN_POINT('Origin',(-1.025,-0.65,-0.92));
#7333=CARTESIAN_POINT('',(-1.025,-1.3,-1.02));
#7334=CARTESIAN_POINT('',(-1.025,-0.65,-1.02));
#7335=CARTESIAN_POINT('Origin',(-1.025,-1.3,-0.92));
#7336=CARTESIAN_POINT('Origin',(1.3,-1.3,-1.02));
#7337=CARTESIAN_POINT('',(-1.95,-1.3,-1.02));
#7338=CARTESIAN_POINT('Origin',(-1.28333333333333,1.45,-0.72));
#7339=CARTESIAN_POINT('',(-1.3,1.3,-0.72));
#7340=CARTESIAN_POINT('',(-1.28333333333333,1.3,-0.72));
#7341=CARTESIAN_POINT('',(-1.3,1.375,-0.72));
#7342=CARTESIAN_POINT('Origin',(1.3,1.3,-0.0375));
#7343=CARTESIAN_POINT('',(1.3,1.3,-0.0375));
#7344=CARTESIAN_POINT('',(1.3,1.333,-0.0375));
#7345=CARTESIAN_POINT('',(1.3,1.3,0.287654839646544));
#7346=CARTESIAN_POINT('Origin',(-1.3,1.3,-0.0375));
#7347=CARTESIAN_POINT('',(-1.3,1.3,-0.0375));
#7348=CARTESIAN_POINT('',(-1.3,1.3,0.287654839646544));
#7349=CARTESIAN_POINT('',(-1.3,1.333,-0.0375));
#7350=CARTESIAN_POINT('Origin',(1.95,-1.45,-0.72));
#7351=CARTESIAN_POINT('',(1.3,-1.3,-0.72));
#7352=CARTESIAN_POINT('',(1.95,-1.3,-0.72));
#7353=CARTESIAN_POINT('',(1.3,-1.375,-0.72));
#7354=CARTESIAN_POINT('Origin',(1.3,-1.3,-0.0375));
#7355=CARTESIAN_POINT('',(1.3,-1.3,-0.0375));
#7356=CARTESIAN_POINT('',(1.3,-1.3,0.287654839646544));
#7357=CARTESIAN_POINT('',(1.3,-1.333,-0.0375));
#7358=CARTESIAN_POINT('Origin',(-1.3,-1.3,-0.0375));
#7359=CARTESIAN_POINT('',(-1.3,-1.3,-0.0375));
#7360=CARTESIAN_POINT('',(-1.3,-1.333,-0.0375));
#7361=CARTESIAN_POINT('',(-1.3,-1.3,0.287654839646544));
#7362=CARTESIAN_POINT('Origin',(0.925,0.,-1.02));
#7363=CARTESIAN_POINT('',(0.925,1.3,-0.733730645044182));
#7364=CARTESIAN_POINT('Origin',(1.3,-1.3,-1.02));
#7365=CARTESIAN_POINT('',(1.3,-1.3,-1.02));
#7366=CARTESIAN_POINT('Origin',(-1.3,1.3,-1.02));
#7367=CARTESIAN_POINT('',(-1.3,1.3,-1.02));
#7368=CARTESIAN_POINT('Origin',(3.46944695195361E-17,1.3,-0.447461290088364));
#7369=CARTESIAN_POINT('',(1.73338159130977E-17,1.3,-0.0375));
#7370=CARTESIAN_POINT('Origin',(0.,-1.2625,-0.0375));
#7371=CARTESIAN_POINT('',(1.3,-1.2625,0.15));
#7372=CARTESIAN_POINT('Origin',(1.3,-1.2625,-0.0375));
#7373=CARTESIAN_POINT('',(-1.3,-1.2625,0.15));
#7374=CARTESIAN_POINT('',(-1.95,-1.2625,0.15));
#7375=CARTESIAN_POINT('Origin',(-1.3,-1.2625,-0.0375));
#7376=CARTESIAN_POINT('Origin',(-3.46944695195361E-17,-1.3,-0.447461290088364));
#7377=CARTESIAN_POINT('',(-1.73338159130977E-17,-1.3,-0.0375));
#7378=CARTESIAN_POINT('Origin',(1.3,-1.3,-0.0375));
#7379=CARTESIAN_POINT('',(1.3,-1.2625,0.));
#7380=CARTESIAN_POINT('Origin',(1.3,-1.2625,-0.0375));
#7381=CARTESIAN_POINT('',(1.3,-1.2625,0.));
#7382=CARTESIAN_POINT('Origin',(-1.3,-1.45,-0.0375));
#7383=CARTESIAN_POINT('',(-1.3,-1.2625,0.));
#7384=CARTESIAN_POINT('',(-1.3,-1.2625,0.));
#7385=CARTESIAN_POINT('Origin',(-1.3,-1.2625,-0.0375));
#7386=CARTESIAN_POINT('Origin',(0.,-1.2625,-0.0375));
#7387=CARTESIAN_POINT('',(-1.95,-1.2625,0.));
#7388=CARTESIAN_POINT('Origin',(0.,1.2625,-0.0375));
#7389=CARTESIAN_POINT('',(-1.3,1.2625,0.15));
#7390=CARTESIAN_POINT('Origin',(-1.3,1.2625,-0.0375));
#7391=CARTESIAN_POINT('',(1.3,1.2625,0.15));
#7392=CARTESIAN_POINT('',(1.95,1.2625,0.15));
#7393=CARTESIAN_POINT('Origin',(1.3,1.2625,-0.0375));
#7394=CARTESIAN_POINT('Origin',(-1.3,1.3,-0.0375));
#7395=CARTESIAN_POINT('',(-1.3,1.2625,0.));
#7396=CARTESIAN_POINT('Origin',(-1.3,1.2625,-0.0375));
#7397=CARTESIAN_POINT('',(-1.3,1.2625,0.));
#7398=CARTESIAN_POINT('Origin',(1.3,1.45,-0.0375));
#7399=CARTESIAN_POINT('',(1.3,1.2625,0.));
#7400=CARTESIAN_POINT('',(1.3,1.2625,0.));
#7401=CARTESIAN_POINT('Origin',(1.3,1.2625,-0.0375));
#7402=CARTESIAN_POINT('Origin',(0.,1.2625,-0.0375));
#7403=CARTESIAN_POINT('',(1.95,1.2625,0.));
#7404=CARTESIAN_POINT('Origin',(1.3,1.2525,0.));
#7405=CARTESIAN_POINT('',(1.3,1.2525,0.15));
#7406=CARTESIAN_POINT('',(1.3,0.62625,0.15));
#7407=CARTESIAN_POINT('',(1.3,1.2525,0.));
#7408=CARTESIAN_POINT('',(1.3,1.2525,0.));
#7409=CARTESIAN_POINT('',(1.3,0.62625,0.));
#7410=CARTESIAN_POINT('Origin',(1.31,1.2625,0.));
#7411=CARTESIAN_POINT('',(1.31,1.2625,0.15));
#7412=CARTESIAN_POINT('',(1.31,1.2525,0.15));
#7413=CARTESIAN_POINT('',(1.31,0.63125,0.15));
#7414=CARTESIAN_POINT('',(1.31,1.2625,0.));
#7415=CARTESIAN_POINT('',(1.31,1.2625,0.));
#7416=CARTESIAN_POINT('',(1.31,1.2525,0.));
#7417=CARTESIAN_POINT('',(1.31,0.63125,0.));
#7418=CARTESIAN_POINT('',(1.31,1.2525,0.));
#7419=CARTESIAN_POINT('Origin',(1.31,1.2525,0.));
#7420=CARTESIAN_POINT('',(0.655,1.2525,0.15));
#7421=CARTESIAN_POINT('',(0.655,1.2525,0.));
#7422=CARTESIAN_POINT('Origin',(0.,-1.48743180253547E-17,0.15));
#7423=CARTESIAN_POINT('',(-1.3,1.2525,0.15));
#7424=CARTESIAN_POINT('',(-1.3,0.63125,0.15));
#7425=CARTESIAN_POINT('',(-1.31,1.2525,0.15));
#7426=CARTESIAN_POINT('',(-0.65,1.2525,0.15));
#7427=CARTESIAN_POINT('',(-1.31,1.2625,0.15));
#7428=CARTESIAN_POINT('',(-1.31,0.62625,0.15));
#7429=CARTESIAN_POINT('',(-1.95,1.2625,0.15));
#7430=CARTESIAN_POINT('',(1.95,1.2625,0.15));
#7431=CARTESIAN_POINT('',(-1.95,0.375,0.15));
#7432=CARTESIAN_POINT('',(-1.95,1.2625,0.15));
#7433=CARTESIAN_POINT('',(-1.725,0.375,0.15));
#7434=CARTESIAN_POINT('',(-0.975,0.375,0.15));
#7435=CARTESIAN_POINT('',(-1.725,0.3,0.15));
#7436=CARTESIAN_POINT('Origin',(-1.725,0.3375,0.15));
#7437=CARTESIAN_POINT('',(-1.7625,0.3,0.15));
#7438=CARTESIAN_POINT('',(-0.8625,0.3,0.15));
#7439=CARTESIAN_POINT('',(-1.7625,-0.3,0.15));
#7440=CARTESIAN_POINT('',(-1.7625,0.15,0.15));
#7441=CARTESIAN_POINT('',(-1.725,-0.3,0.15));
#7442=CARTESIAN_POINT('',(-0.975,-0.3,0.15));
#7443=CARTESIAN_POINT('',(-1.725,-0.375,0.15));
#7444=CARTESIAN_POINT('Origin',(-1.725,-0.3375,0.15));
#7445=CARTESIAN_POINT('',(-1.95,-0.375,0.15));
#7446=CARTESIAN_POINT('',(-0.8625,-0.375,0.15));
#7447=CARTESIAN_POINT('',(-1.95,-1.2625,0.15));
#7448=CARTESIAN_POINT('',(-1.95,1.2625,0.15));
#7449=CARTESIAN_POINT('',(-1.31,-1.2625,0.15));
#7450=CARTESIAN_POINT('',(-1.95,-1.2625,0.15));
#7451=CARTESIAN_POINT('',(-1.31,-1.2525,0.15));
#7452=CARTESIAN_POINT('',(-1.31,-0.63125,0.15));
#7453=CARTESIAN_POINT('',(-1.3,-1.2525,0.15));
#7454=CARTESIAN_POINT('',(-0.655,-1.2525,0.15));
#7455=CARTESIAN_POINT('',(-1.3,-0.62625,0.15));
#7456=CARTESIAN_POINT('',(1.3,-1.2525,0.15));
#7457=CARTESIAN_POINT('',(1.3,-0.63125,0.15));
#7458=CARTESIAN_POINT('',(1.31,-1.2525,0.15));
#7459=CARTESIAN_POINT('',(0.65,-1.2525,0.15));
#7460=CARTESIAN_POINT('',(1.31,-1.2625,0.15));
#7461=CARTESIAN_POINT('',(1.31,-0.62625,0.15));
#7462=CARTESIAN_POINT('',(1.95,-1.2625,0.15));
#7463=CARTESIAN_POINT('',(-1.95,-1.2625,0.15));
#7464=CARTESIAN_POINT('',(1.95,-0.375,0.15));
#7465=CARTESIAN_POINT('',(1.95,-1.2625,0.15));
#7466=CARTESIAN_POINT('',(1.725,-0.375,0.15));
#7467=CARTESIAN_POINT('',(0.975,-0.375,0.15));
#7468=CARTESIAN_POINT('',(1.725,-0.3,0.15));
#7469=CARTESIAN_POINT('Origin',(1.725,-0.3375,0.15));
#7470=CARTESIAN_POINT('',(1.7625,-0.3,0.15));
#7471=CARTESIAN_POINT('',(0.8625,-0.3,0.15));
#7472=CARTESIAN_POINT('',(1.7625,0.3,0.15));
#7473=CARTESIAN_POINT('',(1.7625,-0.15,0.15));
#7474=CARTESIAN_POINT('',(1.725,0.3,0.15));
#7475=CARTESIAN_POINT('',(0.975,0.3,0.15));
#7476=CARTESIAN_POINT('',(1.725,0.375,0.15));
#7477=CARTESIAN_POINT('Origin',(1.725,0.3375,0.15));
#7478=CARTESIAN_POINT('',(1.95,0.375,0.15));
#7479=CARTESIAN_POINT('',(0.8625,0.375,0.15));
#7480=CARTESIAN_POINT('',(1.95,1.2625,0.15));
#7481=CARTESIAN_POINT('',(1.95,-1.2625,0.15));
#7482=CARTESIAN_POINT('',(1.95,1.2625,0.15));
#7483=CARTESIAN_POINT('',(0.95,1.16341445918999E-16,0.15));
#7484=CARTESIAN_POINT('Origin',(0.,0.,0.15));
#7485=CARTESIAN_POINT('Origin',(-1.31,1.2525,0.));
#7486=CARTESIAN_POINT('',(-1.31,1.2525,0.));
#7487=CARTESIAN_POINT('',(-1.31,1.2525,0.));
#7488=CARTESIAN_POINT('',(-1.31,1.2625,0.));
#7489=CARTESIAN_POINT('',(-1.31,0.62625,0.));
#7490=CARTESIAN_POINT('',(-1.31,1.2625,0.));
#7491=CARTESIAN_POINT('Origin',(-1.3,1.2625,0.));
#7492=CARTESIAN_POINT('',(-1.3,1.2525,0.));
#7493=CARTESIAN_POINT('',(-1.3,0.63125,0.));
#7494=CARTESIAN_POINT('',(-1.3,1.2525,0.));
#7495=CARTESIAN_POINT('Origin',(-1.3,1.2525,0.));
#7496=CARTESIAN_POINT('',(-0.65,1.2525,0.));
#7497=CARTESIAN_POINT('Origin',(-1.95,1.2625,0.));
#7498=CARTESIAN_POINT('',(-1.95,1.2625,0.));
#7499=CARTESIAN_POINT('',(1.95,1.2625,0.));
#7500=CARTESIAN_POINT('',(-1.95,1.2625,0.));
#7501=CARTESIAN_POINT('Origin',(-1.3,-1.2525,0.));
#7502=CARTESIAN_POINT('',(-1.3,-1.2525,0.));
#7503=CARTESIAN_POINT('',(-1.3,-1.2525,0.));
#7504=CARTESIAN_POINT('',(-1.3,-0.62625,0.));
#7505=CARTESIAN_POINT('Origin',(-1.31,-1.2625,0.));
#7506=CARTESIAN_POINT('',(-1.31,-1.2625,0.));
#7507=CARTESIAN_POINT('',(-1.31,-1.2625,0.));
#7508=CARTESIAN_POINT('',(-1.31,-1.2525,0.));
#7509=CARTESIAN_POINT('',(-1.31,-0.63125,0.));
#7510=CARTESIAN_POINT('',(-1.31,-1.2525,0.));
#7511=CARTESIAN_POINT('Origin',(-1.31,-1.2525,0.));
#7512=CARTESIAN_POINT('',(-0.655,-1.2525,0.));
#7513=CARTESIAN_POINT('Origin',(1.31,-1.2525,0.));
#7514=CARTESIAN_POINT('',(1.31,-1.2525,0.));
#7515=CARTESIAN_POINT('',(1.31,-1.2525,0.));
#7516=CARTESIAN_POINT('',(1.31,-1.2625,0.));
#7517=CARTESIAN_POINT('',(1.31,-0.62625,0.));
#7518=CARTESIAN_POINT('',(1.31,-1.2625,0.));
#7519=CARTESIAN_POINT('Origin',(1.3,-1.2625,0.));
#7520=CARTESIAN_POINT('',(1.3,-1.2525,0.));
#7521=CARTESIAN_POINT('',(1.3,-0.63125,0.));
#7522=CARTESIAN_POINT('',(1.3,-1.2525,0.));
#7523=CARTESIAN_POINT('Origin',(1.3,-1.2525,0.));
#7524=CARTESIAN_POINT('',(0.65,-1.2525,0.));
#7525=CARTESIAN_POINT('Origin',(1.95,-1.2625,0.));
#7526=CARTESIAN_POINT('',(1.95,-1.2625,0.));
#7527=CARTESIAN_POINT('',(-1.95,-1.2625,0.));
#7528=CARTESIAN_POINT('',(1.95,-1.2625,0.));
#7529=CARTESIAN_POINT('Origin',(-1.7625,0.,-0.0375));
#7530=CARTESIAN_POINT('',(-1.95,-0.3,-0.0374999999999995));
#7531=CARTESIAN_POINT('',(-1.95,0.3,-0.0374999999999995));
#7532=CARTESIAN_POINT('',(-1.95,4.26280171739643E-18,-0.0374999999999995));
#7533=CARTESIAN_POINT('Origin',(-1.7625,-0.3,-0.0375));
#7534=CARTESIAN_POINT('Origin',(-1.7625,0.3,-0.0375));
#7535=CARTESIAN_POINT('Origin',(-1.8,0.3,-0.0374999999999998));
#7536=CARTESIAN_POINT('',(-1.8,0.3,-0.0374999999999998));
#7537=CARTESIAN_POINT('',(-1.833,0.3,-0.0374999999999998));
#7538=CARTESIAN_POINT('',(-1.8,0.3,-0.45));
#7539=CARTESIAN_POINT('',(-1.8,0.3,0.287654839646544));
#7540=CARTESIAN_POINT('',(-1.95,0.3,-0.45));
#7541=CARTESIAN_POINT('',(-1.8,0.3,-0.45));
#7542=CARTESIAN_POINT('',(-1.95,0.3,0.287654839646544));
#7543=CARTESIAN_POINT('Origin',(-1.8,8.67361737988404E-18,-0.162461290088364));
#7544=CARTESIAN_POINT('',(-1.8,-0.3,-0.0374999999999998));
#7545=CARTESIAN_POINT('',(-1.8,4.27866035437048E-18,-0.0374999999999998));
#7546=CARTESIAN_POINT('',(-1.8,-0.3,-0.45));
#7547=CARTESIAN_POINT('',(-1.8,-0.3,0.287654839646544));
#7548=CARTESIAN_POINT('',(-1.8,-0.3,-0.45));
#7549=CARTESIAN_POINT('Origin',(-1.8,-0.3,-0.0374999999999999));
#7550=CARTESIAN_POINT('',(-1.833,-0.3,-0.0374999999999998));
#7551=CARTESIAN_POINT('',(-1.7625,-0.3,0.));
#7552=CARTESIAN_POINT('Origin',(-1.7625,-0.3,-0.0375));
#7553=CARTESIAN_POINT('',(-1.7625,-0.3,0.));
#7554=CARTESIAN_POINT('Origin',(-1.95,0.3,-0.0374999999999997));
#7555=CARTESIAN_POINT('',(-1.7625,0.3,0.));
#7556=CARTESIAN_POINT('',(-1.7625,0.3,0.));
#7557=CARTESIAN_POINT('Origin',(-1.7625,0.3,-0.0375));
#7558=CARTESIAN_POINT('Origin',(-1.8,-0.3,-0.0374999999999998));
#7559=CARTESIAN_POINT('',(-1.95,-0.3,-0.45));
#7560=CARTESIAN_POINT('',(-1.95,-0.3,-0.0374999999999995));
#7561=CARTESIAN_POINT('',(-1.8,-0.3,-0.45));
#7562=CARTESIAN_POINT('Origin',(-1.8,-0.3,-0.45));
#7563=CARTESIAN_POINT('',(-1.95,-0.3,-0.45));
#7564=CARTESIAN_POINT('Origin',(-1.95,8.67361737988404E-18,-0.162461290088364));
#7565=CARTESIAN_POINT('Origin',(-1.7625,0.,-0.0375));
#7566=CARTESIAN_POINT('',(-1.7625,0.15,0.));
#7567=CARTESIAN_POINT('Origin',(1.7625,3.46944695195361E-17,-0.0375));
#7568=CARTESIAN_POINT('',(1.95,0.3,-0.0374999999999995));
#7569=CARTESIAN_POINT('',(1.95,-0.3,-0.0374999999999995));
#7570=CARTESIAN_POINT('',(1.95,3.92589333571065E-17,-0.0374999999999995));
#7571=CARTESIAN_POINT('Origin',(1.7625,0.3,-0.0375));
#7572=CARTESIAN_POINT('Origin',(1.7625,-0.3,-0.0375));
#7573=CARTESIAN_POINT('Origin',(1.8,-0.3,-0.0374999999999998));
#7574=CARTESIAN_POINT('',(1.8,-0.3,-0.0374999999999998));
#7575=CARTESIAN_POINT('',(1.833,-0.3,-0.0374999999999998));
#7576=CARTESIAN_POINT('',(1.8,-0.3,-0.45));
#7577=CARTESIAN_POINT('',(1.8,-0.3,0.287654839646544));
#7578=CARTESIAN_POINT('',(1.95,-0.3,-0.45));
#7579=CARTESIAN_POINT('',(1.8,-0.3,-0.45));
#7580=CARTESIAN_POINT('',(1.95,-0.3,0.287654839646544));
#7581=CARTESIAN_POINT('Origin',(1.8,7.20944647087588E-18,-0.162461290088364));
#7582=CARTESIAN_POINT('',(1.8,0.3,-0.0374999999999998));
#7583=CARTESIAN_POINT('',(1.8,2.32994950501859E-17,-0.0374999999999998));
#7584=CARTESIAN_POINT('',(1.8,0.3,-0.45));
#7585=CARTESIAN_POINT('',(1.8,0.3,0.287654839646544));
#7586=CARTESIAN_POINT('',(1.8,0.3,-0.45));
#7587=CARTESIAN_POINT('Origin',(1.8,0.3,-0.0374999999999999));
#7588=CARTESIAN_POINT('',(1.833,0.3,-0.0374999999999998));
#7589=CARTESIAN_POINT('',(1.7625,0.3,0.));
#7590=CARTESIAN_POINT('Origin',(1.7625,0.3,-0.0375));
#7591=CARTESIAN_POINT('',(1.7625,0.3,0.));
#7592=CARTESIAN_POINT('Origin',(1.95,-0.3,-0.0374999999999997));
#7593=CARTESIAN_POINT('',(1.7625,-0.3,0.));
#7594=CARTESIAN_POINT('',(1.7625,-0.3,0.));
#7595=CARTESIAN_POINT('Origin',(1.7625,-0.3,-0.0375));
#7596=CARTESIAN_POINT('Origin',(1.8,0.3,-0.0374999999999998));
#7597=CARTESIAN_POINT('',(1.95,0.3,-0.45));
#7598=CARTESIAN_POINT('',(1.95,0.3,-0.0374999999999995));
#7599=CARTESIAN_POINT('',(1.8,0.3,-0.45));
#7600=CARTESIAN_POINT('Origin',(1.8,0.3,-0.45));
#7601=CARTESIAN_POINT('',(1.95,0.3,-0.45));
#7602=CARTESIAN_POINT('Origin',(1.95,2.36979072326356E-17,-0.162461290088364));
#7603=CARTESIAN_POINT('Origin',(1.7625,3.46944695195361E-17,-0.0375));
#7604=CARTESIAN_POINT('',(1.7625,-0.15,0.));
#7605=CARTESIAN_POINT('Origin',(1.725,-0.3,0.));
#7606=CARTESIAN_POINT('',(1.725,-0.3,0.));
#7607=CARTESIAN_POINT('',(1.725,-0.3,0.));
#7608=CARTESIAN_POINT('',(0.8625,-0.3,0.));
#7609=CARTESIAN_POINT('Origin',(1.95,-0.375,0.));
#7610=CARTESIAN_POINT('',(1.95,-0.375,0.));
#7611=CARTESIAN_POINT('',(1.95,-0.375,0.));
#7612=CARTESIAN_POINT('',(1.725,-0.375,0.));
#7613=CARTESIAN_POINT('',(0.975,-0.375,0.));
#7614=CARTESIAN_POINT('',(1.725,-0.375,0.));
#7615=CARTESIAN_POINT('Origin',(1.725,-0.3375,0.));
#7616=CARTESIAN_POINT('Origin',(1.725,-0.3375,0.));
#7617=CARTESIAN_POINT('Origin',(1.95,0.3,0.));
#7618=CARTESIAN_POINT('',(1.725,0.3,0.));
#7619=CARTESIAN_POINT('',(0.975,0.3,0.));
#7620=CARTESIAN_POINT('',(1.725,0.3,0.));
#7621=CARTESIAN_POINT('Origin',(1.725,0.3375,0.));
#7622=CARTESIAN_POINT('',(1.725,0.375,0.));
#7623=CARTESIAN_POINT('Origin',(1.725,0.3375,0.));
#7624=CARTESIAN_POINT('',(1.725,0.375,0.));
#7625=CARTESIAN_POINT('Origin',(1.725,0.375,0.));
#7626=CARTESIAN_POINT('',(1.95,0.375,0.));
#7627=CARTESIAN_POINT('',(0.8625,0.375,0.));
#7628=CARTESIAN_POINT('',(1.95,0.375,0.));
#7629=CARTESIAN_POINT('Origin',(1.95,1.2625,0.));
#7630=CARTESIAN_POINT('',(1.95,1.2625,0.));
#7631=CARTESIAN_POINT('',(1.95,-1.2625,0.));
#7632=CARTESIAN_POINT('',(1.95,1.2625,0.));
#7633=CARTESIAN_POINT('Origin',(0.,1.48743180253547E-17,0.));
#7634=CARTESIAN_POINT('',(1.95,1.2625,0.));
#7635=CARTESIAN_POINT('',(1.95,-1.2625,0.));
#7636=CARTESIAN_POINT('',(-1.95,-1.2625,0.));
#7637=CARTESIAN_POINT('',(-1.95,-1.2625,0.));
#7638=CARTESIAN_POINT('',(-1.95,-0.375,0.));
#7639=CARTESIAN_POINT('',(-1.95,1.2625,0.));
#7640=CARTESIAN_POINT('',(-1.725,-0.375,0.));
#7641=CARTESIAN_POINT('',(-0.8625,-0.375,0.));
#7642=CARTESIAN_POINT('',(-1.725,-0.3,0.));
#7643=CARTESIAN_POINT('Origin',(-1.725,-0.3375,0.));
#7644=CARTESIAN_POINT('',(-0.975,-0.3,0.));
#7645=CARTESIAN_POINT('',(-1.725,0.3,0.));
#7646=CARTESIAN_POINT('',(-0.8625,0.3,0.));
#7647=CARTESIAN_POINT('',(-1.725,0.375,0.));
#7648=CARTESIAN_POINT('Origin',(-1.725,0.3375,0.));
#7649=CARTESIAN_POINT('',(-1.95,0.375,0.));
#7650=CARTESIAN_POINT('',(-0.975,0.375,0.));
#7651=CARTESIAN_POINT('',(-1.95,1.2625,0.));
#7652=CARTESIAN_POINT('',(0.95,1.16341445918999E-16,0.));
#7653=CARTESIAN_POINT('Origin',(0.,0.,0.));
#7654=CARTESIAN_POINT('Origin',(-1.725,0.3,0.));
#7655=CARTESIAN_POINT('',(-1.725,0.3,0.));
#7656=CARTESIAN_POINT('Origin',(-1.95,0.375,0.));
#7657=CARTESIAN_POINT('',(-1.95,0.375,0.));
#7658=CARTESIAN_POINT('',(-1.725,0.375,0.));
#7659=CARTESIAN_POINT('Origin',(-1.725,0.3375,0.));
#7660=CARTESIAN_POINT('Origin',(-1.95,-0.3,0.));
#7661=CARTESIAN_POINT('',(-1.725,-0.3,0.));
#7662=CARTESIAN_POINT('Origin',(-1.725,-0.3375,0.));
#7663=CARTESIAN_POINT('',(-1.725,-0.375,0.));
#7664=CARTESIAN_POINT('Origin',(-1.725,-0.375,0.));
#7665=CARTESIAN_POINT('',(-1.95,-0.375,0.));
#7666=CARTESIAN_POINT('Origin',(-1.95,-1.2625,0.));
#7667=CARTESIAN_POINT('',(-1.95,-1.2625,0.));
#7668=CARTESIAN_POINT('Origin',(1.95,1.2625,0.));
#7669=CARTESIAN_POINT('Origin',(-1.95,-1.2625,0.));
#7670=CARTESIAN_POINT('Origin',(0.,0.,0.));
#7671=CARTESIAN_POINT('',(0.95,1.16341445918999E-16,0.));
#7672=CARTESIAN_POINT('Origin',(-1.95,1.2625,0.));
#7673=CARTESIAN_POINT('Origin',(1.95,-1.2625,0.));
#7674=CARTESIAN_POINT('',(0.,0.,0.));
#7675=CARTESIAN_POINT('Origin',(-0.7,-0.39,0.));
#7676=CARTESIAN_POINT('',(-0.7,-0.39,0.1));
#7677=CARTESIAN_POINT('',(-0.7,0.39,0.1));
#7678=CARTESIAN_POINT('',(-0.7,0.39,0.1));
#7679=CARTESIAN_POINT('',(-0.7,0.39,0.));
#7680=CARTESIAN_POINT('',(-0.7,0.39,0.));
#7681=CARTESIAN_POINT('',(-0.7,-0.39,0.));
#7682=CARTESIAN_POINT('',(-0.7,0.39,0.));
#7683=CARTESIAN_POINT('',(-0.7,-0.39,0.));
#7684=CARTESIAN_POINT('Origin',(-0.7,0.39,0.));
#7685=CARTESIAN_POINT('',(0.7,0.39,0.1));
#7686=CARTESIAN_POINT('',(0.7,0.39,0.1));
#7687=CARTESIAN_POINT('',(0.7,0.39,0.));
#7688=CARTESIAN_POINT('',(0.7,0.39,0.));
#7689=CARTESIAN_POINT('',(0.7,0.39,0.));
#7690=CARTESIAN_POINT('Origin',(0.7,0.39,0.));
#7691=CARTESIAN_POINT('',(0.7,-0.39,0.1));
#7692=CARTESIAN_POINT('',(0.7,-0.39,0.1));
#7693=CARTESIAN_POINT('',(0.7,-0.39,0.));
#7694=CARTESIAN_POINT('',(0.7,-0.39,0.));
#7695=CARTESIAN_POINT('',(0.7,-0.39,0.));
#7696=CARTESIAN_POINT('Origin',(0.7,-0.39,0.));
#7697=CARTESIAN_POINT('',(-0.7,-0.39,0.1));
#7698=CARTESIAN_POINT('',(-0.7,-0.39,0.));
#7699=CARTESIAN_POINT('Origin',(0.,1.28201707428111E-16,0.));
#7700=CARTESIAN_POINT('Origin',(0.,1.28910643627634E-16,0.1));
#7701=CARTESIAN_POINT('',(0.,0.,0.));
#7702=CARTESIAN_POINT('',(0.,0.,1.1));
#7703=CARTESIAN_POINT('',(0.,0.,1.35));
#7704=CARTESIAN_POINT('',(-2.06,-4.89374622696616E-17,-4.33680868994202E-18));
#7705=CARTESIAN_POINT('',(2.06,-1.59229354847555E-16,-4.33680868994202E-18));
#7706=UNCERTAINTY_MEASURE_WITH_UNIT(LENGTH_MEASURE(0.01),#7718,
'DISTANCE_ACCURACY_VALUE',
'Maximum model space distance between geometric entities at asserted c
onnectivities');
#7707=UNCERTAINTY_MEASURE_WITH_UNIT(LENGTH_MEASURE(0.01),#7718,
'DISTANCE_ACCURACY_VALUE',
'Maximum model space distance between geometric entities at asserted c
onnectivities');
#7708=UNCERTAINTY_MEASURE_WITH_UNIT(LENGTH_MEASURE(0.01),#7718,
'DISTANCE_ACCURACY_VALUE',
'Maximum model space distance between geometric entities at asserted c
onnectivities');
#7709=UNCERTAINTY_MEASURE_WITH_UNIT(LENGTH_MEASURE(0.01),#7718,
'DISTANCE_ACCURACY_VALUE',
'Maximum model space distance between geometric entities at asserted c
onnectivities');
#7710=UNCERTAINTY_MEASURE_WITH_UNIT(LENGTH_MEASURE(0.01),#7718,
'DISTANCE_ACCURACY_VALUE',
'Maximum model space distance between geometric entities at asserted c
onnectivities');
#7711=UNCERTAINTY_MEASURE_WITH_UNIT(LENGTH_MEASURE(0.01),#7718,
'DISTANCE_ACCURACY_VALUE',
'Maximum model space distance between geometric entities at asserted c
onnectivities');
#7712=(
GEOMETRIC_REPRESENTATION_CONTEXT(3)
GLOBAL_UNCERTAINTY_ASSIGNED_CONTEXT((#7706))
GLOBAL_UNIT_ASSIGNED_CONTEXT((#7718,#7720,#7721))
REPRESENTATION_CONTEXT('','3D')
);
#7713=(
GEOMETRIC_REPRESENTATION_CONTEXT(3)
GLOBAL_UNCERTAINTY_ASSIGNED_CONTEXT((#7707))
GLOBAL_UNIT_ASSIGNED_CONTEXT((#7718,#7720,#7721))
REPRESENTATION_CONTEXT('','3D')
);
#7714=(
GEOMETRIC_REPRESENTATION_CONTEXT(3)
GLOBAL_UNCERTAINTY_ASSIGNED_CONTEXT((#7708))
GLOBAL_UNIT_ASSIGNED_CONTEXT((#7718,#7720,#7721))
REPRESENTATION_CONTEXT('','3D')
);
#7715=(
GEOMETRIC_REPRESENTATION_CONTEXT(3)
GLOBAL_UNCERTAINTY_ASSIGNED_CONTEXT((#7709))
GLOBAL_UNIT_ASSIGNED_CONTEXT((#7718,#7720,#7721))
REPRESENTATION_CONTEXT('','3D')
);
#7716=(
GEOMETRIC_REPRESENTATION_CONTEXT(3)
GLOBAL_UNCERTAINTY_ASSIGNED_CONTEXT((#7710))
GLOBAL_UNIT_ASSIGNED_CONTEXT((#7718,#7720,#7721))
REPRESENTATION_CONTEXT('','3D')
);
#7717=(
GEOMETRIC_REPRESENTATION_CONTEXT(3)
GLOBAL_UNCERTAINTY_ASSIGNED_CONTEXT((#7711))
GLOBAL_UNIT_ASSIGNED_CONTEXT((#7718,#7720,#7721))
REPRESENTATION_CONTEXT('','3D')
);
#7718=(
LENGTH_UNIT()
NAMED_UNIT(*)
SI_UNIT(.MILLI.,.METRE.)
);
#7719=(
LENGTH_UNIT()
NAMED_UNIT(*)
SI_UNIT(.CENTI.,.METRE.)
);
#7720=(
NAMED_UNIT(*)
PLANE_ANGLE_UNIT()
SI_UNIT($,.RADIAN.)
);
#7721=(
NAMED_UNIT(*)
SI_UNIT($,.STERADIAN.)
SOLID_ANGLE_UNIT()
);
#7722=SHAPE_DEFINITION_REPRESENTATION(#7727,#7737);
#7723=SHAPE_DEFINITION_REPRESENTATION(#7728,#7738);
#7724=SHAPE_DEFINITION_REPRESENTATION(#7729,#7739);
#7725=SHAPE_DEFINITION_REPRESENTATION(#7730,#7740);
#7726=SHAPE_DEFINITION_REPRESENTATION(#7731,#7741);
#7727=PRODUCT_DEFINITION_SHAPE('',$,#7743);
#7728=PRODUCT_DEFINITION_SHAPE('',$,#7744);
#7729=PRODUCT_DEFINITION_SHAPE('',$,#7745);
#7730=PRODUCT_DEFINITION_SHAPE('',$,#7746);
#7731=PRODUCT_DEFINITION_SHAPE('',$,#7747);
#7732=PRODUCT_DEFINITION_SHAPE($,$,#26);
#7733=PRODUCT_DEFINITION_SHAPE($,$,#27);
#7734=PRODUCT_DEFINITION_SHAPE($,$,#28);
#7735=PRODUCT_DEFINITION_SHAPE($,$,#29);
#7736=PRODUCT_DEFINITION_SHAPE($,$,#30);
#7737=SHAPE_REPRESENTATION('',(#4644,#5047,#5048,#5049,#5050,#5051),#7712);
#7738=SHAPE_REPRESENTATION('',(#4645),#7713);
#7739=SHAPE_REPRESENTATION('',(#4864),#7714);
#7740=SHAPE_REPRESENTATION('',(#4878),#7715);
#7741=SHAPE_REPRESENTATION('',(#5040),#7716);
#7742=PRODUCT_DEFINITION_CONTEXT('part definition',#7759,'design');
#7743=PRODUCT_DEFINITION('CS1213AGF260','CS1213AGF260',#7748,#7742);
#7744=PRODUCT_DEFINITION('CS1213AGF_Housing','CS1213AGF_Housing',#7749,
#7742);
#7745=PRODUCT_DEFINITION('Actuator','Actuator',#7750,#7742);
#7746=PRODUCT_DEFINITION('CS1213_Cover','CS1213_Cover',#7751,#7742);
#7747=PRODUCT_DEFINITION('CS1213_Terminal','CS1213_Terminal',#7752,#7742);
#7748=PRODUCT_DEFINITION_FORMATION('C',$,#7761);
#7749=PRODUCT_DEFINITION_FORMATION('',$,#7762);
#7750=PRODUCT_DEFINITION_FORMATION('',$,#7763);
#7751=PRODUCT_DEFINITION_FORMATION('',$,#7764);
#7752=PRODUCT_DEFINITION_FORMATION('',$,#7765);
#7753=PRODUCT_RELATED_PRODUCT_CATEGORY('CS1213AGF260','CS1213AGF260',(#7761));
#7754=PRODUCT_RELATED_PRODUCT_CATEGORY('CS1213AGF_Housing',
'CS1213AGF_Housing',(#7762));
#7755=PRODUCT_RELATED_PRODUCT_CATEGORY('Actuator','Actuator',(#7763));
#7756=PRODUCT_RELATED_PRODUCT_CATEGORY('CS1213_Cover','CS1213_Cover',(#7764));
#7757=PRODUCT_RELATED_PRODUCT_CATEGORY('CS1213_Terminal',
'CS1213_Terminal',(#7765));
#7758=APPLICATION_PROTOCOL_DEFINITION('international standard',
'automotive_design',2009,#7759);
#7759=APPLICATION_CONTEXT(
'Core Data for Automotive Mechanical Design Process');
#7760=PRODUCT_CONTEXT('part definition',#7759,'mechanical');
#7761=PRODUCT('CS1213AGF260','CS1213AGF260',
'TACTILE SWITCH, SURFACE MOUNT',(#7760));
#7762=PRODUCT('CS1213AGF_Housing','CS1213AGF_Housing',$,(#7760));
#7763=PRODUCT('Actuator','Actuator',$,(#7760));
#7764=PRODUCT('CS1213_Cover','CS1213_Cover',$,(#7760));
#7765=PRODUCT('CS1213_Terminal','CS1213_Terminal',$,(#7760));
ENDSEC;
END-ISO-10303-21;
